2025-09-17 13:20:03,522 - ERROR - Error monitoring CT logs: HTTPSConnectionPool(host='crt.sh', port=443): Max retries exceeded with url: /?q=%25tuwaiq+%2C+%D8%B7%D9%88%D9%8A%D9%82%25&output=json (Caused by ConnectTimeoutError(<urllib3.connection.HTTPSConnection object at 0x0000026C1D01FF50>, 'Connection to crt.sh timed out. (connect timeout=30)'))
2025-09-17 13:20:07,304 - ERROR - Web search failure (google_news): Couldn't find a tree builder with the features you requested: xml. Do you need to install a parser library?
2025-09-17 13:20:07,403 - ERROR - Web search failure (google_news): Couldn't find a tree builder with the features you requested: xml. Do you need to install a parser library?
2025-09-17 13:20:07,473 - ERROR - Web search failure (google_news): Couldn't find a tree builder with the features you requested: xml. Do you need to install a parser library?
2025-09-17 13:20:07,556 - ERROR - Web search failure (google_news): Couldn't find a tree builder with the features you requested: xml. Do you need to install a parser library?
2025-09-17 13:20:07,556 - ERROR - Web search failure (google_news): Couldn't find a tree builder with the features you requested: xml. Do you need to install a parser library?
2025-09-17 13:20:07,715 - ERROR - Web search failure (google_news): Couldn't find a tree builder with the features you requested: xml. Do you need to install a parser library?
2025-09-17 13:20:07,715 - ERROR - Web search failure (google_news): Couldn't find a tree builder with the features you requested: xml. Do you need to install a parser library?
2025-09-17 13:20:07,724 - ERROR - Web search failure (google_news): Couldn't find a tree builder with the features you requested: xml. Do you need to install a parser library?
2025-09-17 13:20:07,810 - ERROR - Web search failure (google_news): Couldn't find a tree builder with the features you requested: xml. Do you need to install a parser library?
2025-09-17 13:20:07,810 - ERROR - Web search failure (google_news): Couldn't find a tree builder with the features you requested: xml. Do you need to install a parser library?
2025-09-17 13:20:07,810 - ERROR - Web search failure (google_news): Couldn't find a tree builder with the features you requested: xml. Do you need to install a parser library?
2025-09-17 13:20:07,810 - ERROR - Web search failure (google_news): Couldn't find a tree builder with the features you requested: xml. Do you need to install a parser library?
2025-09-17 13:20:07,813 - ERROR - Web search failure (google_news): Couldn't find a tree builder with the features you requested: xml. Do you need to install a parser library?
2025-09-17 13:20:07,819 - ERROR - Web search failure (google_news): Couldn't find a tree builder with the features you requested: xml. Do you need to install a parser library?
2025-09-17 13:20:07,827 - ERROR - Web search failure (google_news): Couldn't find a tree builder with the features you requested: xml. Do you need to install a parser library?
2025-09-17 13:20:07,891 - ERROR - Web search failure (google_news): Couldn't find a tree builder with the features you requested: xml. Do you need to install a parser library?
2025-09-17 13:20:07,988 - ERROR - Web search failure (google_news): Couldn't find a tree builder with the features you requested: xml. Do you need to install a parser library?
2025-09-17 13:20:07,994 - ERROR - Web search failure (google_news): Couldn't find a tree builder with the features you requested: xml. Do you need to install a parser library?
2025-09-17 13:20:08,078 - ERROR - Web search failure (google_news): Couldn't find a tree builder with the features you requested: xml. Do you need to install a parser library?
2025-09-17 13:20:08,082 - ERROR - Web search failure (google_news): Couldn't find a tree builder with the features you requested: xml. Do you need to install a parser library?
2025-09-17 13:20:08,167 - ERROR - Web search failure (google_news): Couldn't find a tree builder with the features you requested: xml. Do you need to install a parser library?
2025-09-17 13:20:08,168 - ERROR - Web search failure (google_news): Couldn't find a tree builder with the features you requested: xml. Do you need to install a parser library?
2025-09-17 13:20:08,274 - ERROR - Web search failure (google_news): Couldn't find a tree builder with the features you requested: xml. Do you need to install a parser library?
2025-09-17 13:20:08,347 - ERROR - Web search failure (google_news): Couldn't find a tree builder with the features you requested: xml. Do you need to install a parser library?
2025-09-17 13:20:12,585 - ERROR - Error monitoring twitter: 'DiscoveryWatcher' object has no attribute '_get_social_search_url'
2025-09-17 13:20:12,586 - ERROR - Error monitoring facebook: 'DiscoveryWatcher' object has no attribute '_get_social_search_url'
2025-09-17 13:20:12,586 - ERROR - Error monitoring instagram: 'DiscoveryWatcher' object has no attribute '_get_social_search_url'
2025-09-17 13:20:12,586 - ERROR - Error monitoring linkedin: 'DiscoveryWatcher' object has no attribute '_get_social_search_url'
2025-09-17 13:20:37,674 - ERROR - Image discovery error for twitter: 'DiscoveryWatcher' object has no attribute '_scrape_twitter_images'
2025-09-17 13:20:37,675 - ERROR - Image discovery error for twitter: 'DiscoveryWatcher' object has no attribute '_scrape_twitter_images'
2025-09-17 13:20:37,676 - ERROR - Image discovery error for twitter: 'DiscoveryWatcher' object has no attribute '_scrape_twitter_images'
2025-09-17 13:20:37,676 - ERROR - Image discovery error for twitter: 'DiscoveryWatcher' object has no attribute '_scrape_twitter_images'
2025-09-17 13:20:37,677 - ERROR - Image discovery error for twitter: 'DiscoveryWatcher' object has no attribute '_scrape_twitter_images'
2025-09-17 13:20:37,678 - ERROR - Image discovery error for twitter: 'DiscoveryWatcher' object has no attribute '_scrape_twitter_images'
2025-09-17 13:20:37,679 - ERROR - Image discovery error for twitter: 'DiscoveryWatcher' object has no attribute '_scrape_twitter_images'
2025-09-17 13:20:37,680 - ERROR - Image discovery error for twitter: 'DiscoveryWatcher' object has no attribute '_scrape_twitter_images'
2025-09-17 13:20:37,681 - ERROR - Image discovery error for twitter: 'DiscoveryWatcher' object has no attribute '_scrape_twitter_images'
2025-09-17 13:20:37,682 - ERROR - Image discovery error for twitter: 'DiscoveryWatcher' object has no attribute '_scrape_twitter_images'
2025-09-17 13:20:37,683 - ERROR - Image discovery error for twitter: 'DiscoveryWatcher' object has no attribute '_scrape_twitter_images'
2025-09-17 13:20:37,683 - ERROR - Image discovery error for twitter: 'DiscoveryWatcher' object has no attribute '_scrape_twitter_images'
2025-09-17 13:20:37,684 - ERROR - Image discovery error for twitter: 'DiscoveryWatcher' object has no attribute '_scrape_twitter_images'
2025-09-17 13:20:37,685 - ERROR - Image discovery error for twitter: 'DiscoveryWatcher' object has no attribute '_scrape_twitter_images'
2025-09-17 13:20:37,686 - ERROR - Image discovery error for twitter: 'DiscoveryWatcher' object has no attribute '_scrape_twitter_images'
2025-09-17 13:20:37,686 - ERROR - Image discovery error for twitter: 'DiscoveryWatcher' object has no attribute '_scrape_twitter_images'
2025-09-17 13:20:37,687 - ERROR - Image discovery error for twitter: 'DiscoveryWatcher' object has no attribute '_scrape_twitter_images'
2025-09-17 13:20:37,688 - ERROR - Image discovery error for twitter: 'DiscoveryWatcher' object has no attribute '_scrape_twitter_images'
2025-09-17 13:20:37,689 - ERROR - Image discovery error for twitter: 'DiscoveryWatcher' object has no attribute '_scrape_twitter_images'
2025-09-17 13:20:37,690 - ERROR - Image discovery error for twitter: 'DiscoveryWatcher' object has no attribute '_scrape_twitter_images'
2025-09-17 13:20:37,691 - ERROR - Image discovery error for twitter: 'DiscoveryWatcher' object has no attribute '_scrape_twitter_images'
2025-09-17 13:20:37,691 - ERROR - Image discovery error for twitter: 'DiscoveryWatcher' object has no attribute '_scrape_twitter_images'
2025-09-17 13:20:37,692 - ERROR - Image discovery error for twitter: 'DiscoveryWatcher' object has no attribute '_scrape_twitter_images'
2025-09-17 13:20:37,693 - ERROR - Image discovery error for twitter: 'DiscoveryWatcher' object has no attribute '_scrape_twitter_images'
2025-09-17 13:20:37,693 - ERROR - Image discovery error for twitter: 'DiscoveryWatcher' object has no attribute '_scrape_twitter_images'
2025-09-17 13:20:37,694 - ERROR - Image discovery error for twitter: 'DiscoveryWatcher' object has no attribute '_scrape_twitter_images'
2025-09-17 13:20:37,695 - ERROR - Image discovery error for twitter: 'DiscoveryWatcher' object has no attribute '_scrape_twitter_images'
2025-09-17 13:20:37,695 - ERROR - Image discovery error for twitter: 'DiscoveryWatcher' object has no attribute '_scrape_twitter_images'
2025-09-17 13:20:37,696 - ERROR - Image discovery error for instagram: 'DiscoveryWatcher' object has no attribute '_scrape_instagram_images'
2025-09-17 13:20:37,696 - ERROR - Image discovery error for instagram: 'DiscoveryWatcher' object has no attribute '_scrape_instagram_images'
2025-09-17 13:20:37,697 - ERROR - Image discovery error for instagram: 'DiscoveryWatcher' object has no attribute '_scrape_instagram_images'
2025-09-17 13:20:37,698 - ERROR - Image discovery error for instagram: 'DiscoveryWatcher' object has no attribute '_scrape_instagram_images'
2025-09-17 13:20:37,698 - ERROR - Image discovery error for instagram: 'DiscoveryWatcher' object has no attribute '_scrape_instagram_images'
2025-09-17 13:20:37,699 - ERROR - Image discovery error for instagram: 'DiscoveryWatcher' object has no attribute '_scrape_instagram_images'
2025-09-17 13:20:37,700 - ERROR - Image discovery error for instagram: 'DiscoveryWatcher' object has no attribute '_scrape_instagram_images'
2025-09-17 13:20:37,701 - ERROR - Image discovery error for instagram: 'DiscoveryWatcher' object has no attribute '_scrape_instagram_images'
2025-09-17 13:20:37,702 - ERROR - Image discovery error for instagram: 'DiscoveryWatcher' object has no attribute '_scrape_instagram_images'
2025-09-17 13:20:37,702 - ERROR - Image discovery error for instagram: 'DiscoveryWatcher' object has no attribute '_scrape_instagram_images'
2025-09-17 13:20:37,703 - ERROR - Image discovery error for instagram: 'DiscoveryWatcher' object has no attribute '_scrape_instagram_images'
2025-09-17 13:20:37,704 - ERROR - Image discovery error for instagram: 'DiscoveryWatcher' object has no attribute '_scrape_instagram_images'
2025-09-17 13:20:37,704 - ERROR - Image discovery error for instagram: 'DiscoveryWatcher' object has no attribute '_scrape_instagram_images'
2025-09-17 13:20:37,705 - ERROR - Image discovery error for instagram: 'DiscoveryWatcher' object has no attribute '_scrape_instagram_images'
2025-09-17 13:20:37,706 - ERROR - Image discovery error for instagram: 'DiscoveryWatcher' object has no attribute '_scrape_instagram_images'
2025-09-17 13:20:37,706 - ERROR - Image discovery error for instagram: 'DiscoveryWatcher' object has no attribute '_scrape_instagram_images'
2025-09-17 13:20:37,707 - ERROR - Image discovery error for instagram: 'DiscoveryWatcher' object has no attribute '_scrape_instagram_images'
2025-09-17 13:20:37,708 - ERROR - Image discovery error for instagram: 'DiscoveryWatcher' object has no attribute '_scrape_instagram_images'
2025-09-17 13:20:37,709 - ERROR - Image discovery error for instagram: 'DiscoveryWatcher' object has no attribute '_scrape_instagram_images'
2025-09-17 13:20:37,709 - ERROR - Image discovery error for instagram: 'DiscoveryWatcher' object has no attribute '_scrape_instagram_images'
2025-09-17 13:20:37,710 - ERROR - Image discovery error for instagram: 'DiscoveryWatcher' object has no attribute '_scrape_instagram_images'
2025-09-17 13:20:37,710 - ERROR - Image discovery error for instagram: 'DiscoveryWatcher' object has no attribute '_scrape_instagram_images'
2025-09-17 13:20:37,711 - ERROR - Image discovery error for instagram: 'DiscoveryWatcher' object has no attribute '_scrape_instagram_images'
2025-09-17 13:20:37,711 - ERROR - Image discovery error for instagram: 'DiscoveryWatcher' object has no attribute '_scrape_instagram_images'
2025-09-17 13:20:37,712 - ERROR - Image discovery error for instagram: 'DiscoveryWatcher' object has no attribute '_scrape_instagram_images'
2025-09-17 13:20:37,713 - ERROR - Image discovery error for instagram: 'DiscoveryWatcher' object has no attribute '_scrape_instagram_images'
2025-09-17 13:20:37,713 - ERROR - Image discovery error for instagram: 'DiscoveryWatcher' object has no attribute '_scrape_instagram_images'
2025-09-17 13:20:37,714 - ERROR - Image discovery error for instagram: 'DiscoveryWatcher' object has no attribute '_scrape_instagram_images'
2025-09-17 13:58:33,833 - ERROR - Error monitoring twitter: 'DiscoveryWatcher' object has no attribute '_get_social_search_url'
2025-09-17 13:58:33,834 - ERROR - Error monitoring facebook: 'DiscoveryWatcher' object has no attribute '_get_social_search_url'
2025-09-17 13:58:33,835 - ERROR - Error monitoring instagram: 'DiscoveryWatcher' object has no attribute '_get_social_search_url'
2025-09-17 13:58:33,836 - ERROR - Error monitoring linkedin: 'DiscoveryWatcher' object has no attribute '_get_social_search_url'
2025-09-17 13:58:36,079 - ERROR - Web search failure (google_news): Couldn't find a tree builder with the features you requested: xml. Do you need to install a parser library?
2025-09-17 13:58:36,099 - ERROR - Web search failure (google_news): Couldn't find a tree builder with the features you requested: xml. Do you need to install a parser library?
2025-09-17 13:58:36,136 - ERROR - Web search failure (google_news): Couldn't find a tree builder with the features you requested: xml. Do you need to install a parser library?
2025-09-17 13:58:36,151 - ERROR - Web search failure (google_news): Couldn't find a tree builder with the features you requested: xml. Do you need to install a parser library?
2025-09-17 13:58:36,181 - ERROR - Web search failure (google_news): Couldn't find a tree builder with the features you requested: xml. Do you need to install a parser library?
2025-09-17 13:58:36,324 - ERROR - Web search failure (google_news): Couldn't find a tree builder with the features you requested: xml. Do you need to install a parser library?
2025-09-17 13:58:36,328 - ERROR - Web search failure (google_news): Couldn't find a tree builder with the features you requested: xml. Do you need to install a parser library?
2025-09-17 13:58:36,334 - ERROR - Web search failure (google_news): Couldn't find a tree builder with the features you requested: xml. Do you need to install a parser library?
2025-09-17 13:58:36,513 - ERROR - Web search failure (google_news): Couldn't find a tree builder with the features you requested: xml. Do you need to install a parser library?
2025-09-17 13:58:36,560 - ERROR - Web search failure (google_news): Couldn't find a tree builder with the features you requested: xml. Do you need to install a parser library?
2025-09-17 13:58:36,585 - ERROR - Web search failure (google_news): Couldn't find a tree builder with the features you requested: xml. Do you need to install a parser library?
2025-09-17 13:58:36,592 - ERROR - Web search failure (google_news): Couldn't find a tree builder with the features you requested: xml. Do you need to install a parser library?
2025-09-17 13:58:36,616 - ERROR - Web search failure (google_news): Couldn't find a tree builder with the features you requested: xml. Do you need to install a parser library?
2025-09-17 13:58:36,625 - ERROR - Web search failure (google_news): Couldn't find a tree builder with the features you requested: xml. Do you need to install a parser library?
2025-09-17 13:58:36,632 - ERROR - Web search failure (google_news): Couldn't find a tree builder with the features you requested: xml. Do you need to install a parser library?
2025-09-17 13:58:36,744 - ERROR - Web search failure (google_news): Couldn't find a tree builder with the features you requested: xml. Do you need to install a parser library?
2025-09-17 13:58:36,752 - ERROR - Web search failure (google_news): Couldn't find a tree builder with the features you requested: xml. Do you need to install a parser library?
2025-09-17 13:58:36,810 - ERROR - Web search failure (google_news): Couldn't find a tree builder with the features you requested: xml. Do you need to install a parser library?
2025-09-17 13:58:36,980 - ERROR - Web search failure (google_news): Couldn't find a tree builder with the features you requested: xml. Do you need to install a parser library?
2025-09-17 13:58:36,989 - ERROR - Web search failure (google_news): Couldn't find a tree builder with the features you requested: xml. Do you need to install a parser library?
2025-09-17 13:58:37,195 - ERROR - Web search failure (google_news): Couldn't find a tree builder with the features you requested: xml. Do you need to install a parser library?
2025-09-17 13:58:37,291 - ERROR - Web search failure (google_news): Couldn't find a tree builder with the features you requested: xml. Do you need to install a parser library?
2025-09-17 13:58:37,306 - ERROR - Web search failure (google_news): Couldn't find a tree builder with the features you requested: xml. Do you need to install a parser library?
2025-09-17 13:58:37,918 - ERROR - Web search failure (google_news): Couldn't find a tree builder with the features you requested: xml. Do you need to install a parser library?
2025-09-17 13:59:24,353 - ERROR - Image discovery error for twitter: 'DiscoveryWatcher' object has no attribute '_scrape_twitter_images'
2025-09-17 13:59:24,353 - ERROR - Image discovery error for twitter: 'DiscoveryWatcher' object has no attribute '_scrape_twitter_images'
2025-09-17 13:59:24,354 - ERROR - Image discovery error for twitter: 'DiscoveryWatcher' object has no attribute '_scrape_twitter_images'
2025-09-17 13:59:24,355 - ERROR - Image discovery error for twitter: 'DiscoveryWatcher' object has no attribute '_scrape_twitter_images'
2025-09-17 13:59:24,355 - ERROR - Image discovery error for twitter: 'DiscoveryWatcher' object has no attribute '_scrape_twitter_images'
2025-09-17 13:59:24,356 - ERROR - Image discovery error for twitter: 'DiscoveryWatcher' object has no attribute '_scrape_twitter_images'
2025-09-17 13:59:24,358 - ERROR - Image discovery error for twitter: 'DiscoveryWatcher' object has no attribute '_scrape_twitter_images'
2025-09-17 13:59:24,359 - ERROR - Image discovery error for twitter: 'DiscoveryWatcher' object has no attribute '_scrape_twitter_images'
2025-09-17 13:59:24,364 - ERROR - Image discovery error for twitter: 'DiscoveryWatcher' object has no attribute '_scrape_twitter_images'
2025-09-17 13:59:24,365 - ERROR - Image discovery error for twitter: 'DiscoveryWatcher' object has no attribute '_scrape_twitter_images'
2025-09-17 13:59:24,365 - ERROR - Image discovery error for twitter: 'DiscoveryWatcher' object has no attribute '_scrape_twitter_images'
2025-09-17 13:59:24,366 - ERROR - Image discovery error for twitter: 'DiscoveryWatcher' object has no attribute '_scrape_twitter_images'
2025-09-17 13:59:24,367 - ERROR - Image discovery error for twitter: 'DiscoveryWatcher' object has no attribute '_scrape_twitter_images'
2025-09-17 13:59:24,368 - ERROR - Image discovery error for twitter: 'DiscoveryWatcher' object has no attribute '_scrape_twitter_images'
2025-09-17 13:59:24,369 - ERROR - Image discovery error for twitter: 'DiscoveryWatcher' object has no attribute '_scrape_twitter_images'
2025-09-17 13:59:24,369 - ERROR - Image discovery error for twitter: 'DiscoveryWatcher' object has no attribute '_scrape_twitter_images'
2025-09-17 13:59:24,370 - ERROR - Image discovery error for twitter: 'DiscoveryWatcher' object has no attribute '_scrape_twitter_images'
2025-09-17 13:59:24,371 - ERROR - Image discovery error for twitter: 'DiscoveryWatcher' object has no attribute '_scrape_twitter_images'
2025-09-17 13:59:24,371 - ERROR - Image discovery error for twitter: 'DiscoveryWatcher' object has no attribute '_scrape_twitter_images'
2025-09-17 13:59:24,372 - ERROR - Image discovery error for twitter: 'DiscoveryWatcher' object has no attribute '_scrape_twitter_images'
2025-09-17 13:59:24,373 - ERROR - Image discovery error for twitter: 'DiscoveryWatcher' object has no attribute '_scrape_twitter_images'
2025-09-17 13:59:24,375 - ERROR - Image discovery error for twitter: 'DiscoveryWatcher' object has no attribute '_scrape_twitter_images'
2025-09-17 13:59:24,377 - ERROR - Image discovery error for twitter: 'DiscoveryWatcher' object has no attribute '_scrape_twitter_images'
2025-09-17 13:59:24,377 - ERROR - Image discovery error for twitter: 'DiscoveryWatcher' object has no attribute '_scrape_twitter_images'
2025-09-17 13:59:24,378 - ERROR - Image discovery error for twitter: 'DiscoveryWatcher' object has no attribute '_scrape_twitter_images'
2025-09-17 13:59:24,379 - ERROR - Image discovery error for twitter: 'DiscoveryWatcher' object has no attribute '_scrape_twitter_images'
2025-09-17 13:59:24,379 - ERROR - Image discovery error for twitter: 'DiscoveryWatcher' object has no attribute '_scrape_twitter_images'
2025-09-17 13:59:24,380 - ERROR - Image discovery error for twitter: 'DiscoveryWatcher' object has no attribute '_scrape_twitter_images'
2025-09-17 13:59:24,381 - ERROR - Image discovery error for instagram: 'DiscoveryWatcher' object has no attribute '_scrape_instagram_images'
2025-09-17 13:59:24,382 - ERROR - Image discovery error for instagram: 'DiscoveryWatcher' object has no attribute '_scrape_instagram_images'
2025-09-17 13:59:24,383 - ERROR - Image discovery error for instagram: 'DiscoveryWatcher' object has no attribute '_scrape_instagram_images'
2025-09-17 13:59:24,384 - ERROR - Image discovery error for instagram: 'DiscoveryWatcher' object has no attribute '_scrape_instagram_images'
2025-09-17 13:59:24,384 - ERROR - Image discovery error for instagram: 'DiscoveryWatcher' object has no attribute '_scrape_instagram_images'
2025-09-17 13:59:24,385 - ERROR - Image discovery error for instagram: 'DiscoveryWatcher' object has no attribute '_scrape_instagram_images'
2025-09-17 13:59:24,385 - ERROR - Image discovery error for instagram: 'DiscoveryWatcher' object has no attribute '_scrape_instagram_images'
2025-09-17 13:59:24,386 - ERROR - Image discovery error for instagram: 'DiscoveryWatcher' object has no attribute '_scrape_instagram_images'
2025-09-17 13:59:24,387 - ERROR - Image discovery error for instagram: 'DiscoveryWatcher' object has no attribute '_scrape_instagram_images'
2025-09-17 13:59:24,387 - ERROR - Image discovery error for instagram: 'DiscoveryWatcher' object has no attribute '_scrape_instagram_images'
2025-09-17 13:59:24,388 - ERROR - Image discovery error for instagram: 'DiscoveryWatcher' object has no attribute '_scrape_instagram_images'
2025-09-17 13:59:24,389 - ERROR - Image discovery error for instagram: 'DiscoveryWatcher' object has no attribute '_scrape_instagram_images'
2025-09-17 13:59:24,389 - ERROR - Image discovery error for instagram: 'DiscoveryWatcher' object has no attribute '_scrape_instagram_images'
2025-09-17 13:59:24,393 - ERROR - Image discovery error for instagram: 'DiscoveryWatcher' object has no attribute '_scrape_instagram_images'
2025-09-17 13:59:24,394 - ERROR - Image discovery error for instagram: 'DiscoveryWatcher' object has no attribute '_scrape_instagram_images'
2025-09-17 13:59:24,395 - ERROR - Image discovery error for instagram: 'DiscoveryWatcher' object has no attribute '_scrape_instagram_images'
2025-09-17 13:59:24,396 - ERROR - Image discovery error for instagram: 'DiscoveryWatcher' object has no attribute '_scrape_instagram_images'
2025-09-17 13:59:24,397 - ERROR - Image discovery error for instagram: 'DiscoveryWatcher' object has no attribute '_scrape_instagram_images'
2025-09-17 13:59:24,397 - ERROR - Image discovery error for instagram: 'DiscoveryWatcher' object has no attribute '_scrape_instagram_images'
2025-09-17 13:59:24,399 - ERROR - Image discovery error for instagram: 'DiscoveryWatcher' object has no attribute '_scrape_instagram_images'
2025-09-17 13:59:24,399 - ERROR - Image discovery error for instagram: 'DiscoveryWatcher' object has no attribute '_scrape_instagram_images'
2025-09-17 13:59:24,400 - ERROR - Image discovery error for instagram: 'DiscoveryWatcher' object has no attribute '_scrape_instagram_images'
2025-09-17 13:59:24,401 - ERROR - Image discovery error for instagram: 'DiscoveryWatcher' object has no attribute '_scrape_instagram_images'
2025-09-17 13:59:24,402 - ERROR - Image discovery error for instagram: 'DiscoveryWatcher' object has no attribute '_scrape_instagram_images'
2025-09-17 13:59:24,402 - ERROR - Image discovery error for instagram: 'DiscoveryWatcher' object has no attribute '_scrape_instagram_images'
2025-09-17 13:59:24,403 - ERROR - Image discovery error for instagram: 'DiscoveryWatcher' object has no attribute '_scrape_instagram_images'
2025-09-17 13:59:24,404 - ERROR - Image discovery error for instagram: 'DiscoveryWatcher' object has no attribute '_scrape_instagram_images'
2025-09-17 13:59:24,404 - ERROR - Image discovery error for instagram: 'DiscoveryWatcher' object has no attribute '_scrape_instagram_images'
2025-09-17 16:15:03,053 - ERROR - Error monitoring twitter: 'DiscoveryWatcher' object has no attribute '_get_social_search_url'
2025-09-17 16:15:03,055 - ERROR - Error monitoring facebook: 'DiscoveryWatcher' object has no attribute '_get_social_search_url'
2025-09-17 16:15:03,056 - ERROR - Error monitoring instagram: 'DiscoveryWatcher' object has no attribute '_get_social_search_url'
2025-09-17 16:15:03,056 - ERROR - Error monitoring linkedin: 'DiscoveryWatcher' object has no attribute '_get_social_search_url'
2025-09-17 16:15:05,984 - ERROR - Web search failure (google_news): Couldn't find a tree builder with the features you requested: xml. Do you need to install a parser library?
2025-09-17 16:15:06,014 - ERROR - Web search failure (google_news): Couldn't find a tree builder with the features you requested: xml. Do you need to install a parser library?
2025-09-17 16:15:06,297 - ERROR - Web search failure (google_news): Couldn't find a tree builder with the features you requested: xml. Do you need to install a parser library?
2025-09-17 16:15:06,326 - ERROR - Web search failure (google_news): Couldn't find a tree builder with the features you requested: xml. Do you need to install a parser library?
2025-09-17 16:15:06,330 - ERROR - Web search failure (google_news): Couldn't find a tree builder with the features you requested: xml. Do you need to install a parser library?
2025-09-17 16:15:06,342 - ERROR - Web search failure (google_news): Couldn't find a tree builder with the features you requested: xml. Do you need to install a parser library?
2025-09-17 16:15:06,342 - ERROR - Web search failure (google_news): Couldn't find a tree builder with the features you requested: xml. Do you need to install a parser library?
2025-09-17 16:15:06,345 - ERROR - Web search failure (google_news): Couldn't find a tree builder with the features you requested: xml. Do you need to install a parser library?
2025-09-17 16:15:06,355 - ERROR - Web search failure (google_news): Couldn't find a tree builder with the features you requested: xml. Do you need to install a parser library?
2025-09-17 16:15:06,376 - ERROR - Web search failure (google_news): Couldn't find a tree builder with the features you requested: xml. Do you need to install a parser library?
2025-09-17 16:15:06,407 - ERROR - Web search failure (google_news): Couldn't find a tree builder with the features you requested: xml. Do you need to install a parser library?
2025-09-17 16:15:06,455 - ERROR - Web search failure (google_news): Couldn't find a tree builder with the features you requested: xml. Do you need to install a parser library?
2025-09-17 16:15:06,473 - ERROR - Web search failure (google_news): Couldn't find a tree builder with the features you requested: xml. Do you need to install a parser library?
2025-09-17 16:15:06,669 - ERROR - Web search failure (google_news): Couldn't find a tree builder with the features you requested: xml. Do you need to install a parser library?
2025-09-17 16:15:06,924 - ERROR - Web search failure (google_news): Couldn't find a tree builder with the features you requested: xml. Do you need to install a parser library?
2025-09-17 16:15:06,924 - ERROR - Web search failure (google_news): Couldn't find a tree builder with the features you requested: xml. Do you need to install a parser library?
2025-09-17 16:15:06,965 - ERROR - Web search failure (google_news): Couldn't find a tree builder with the features you requested: xml. Do you need to install a parser library?
2025-09-17 16:15:06,970 - ERROR - Web search failure (google_news): Couldn't find a tree builder with the features you requested: xml. Do you need to install a parser library?
2025-09-17 16:15:06,977 - ERROR - Web search failure (google_news): Couldn't find a tree builder with the features you requested: xml. Do you need to install a parser library?
2025-09-17 16:15:06,978 - ERROR - Web search failure (google_news): Couldn't find a tree builder with the features you requested: xml. Do you need to install a parser library?
2025-09-17 16:15:07,116 - ERROR - Web search failure (google_news): Couldn't find a tree builder with the features you requested: xml. Do you need to install a parser library?
2025-09-17 16:15:07,116 - ERROR - Web search failure (google_news): Couldn't find a tree builder with the features you requested: xml. Do you need to install a parser library?
2025-09-17 16:15:07,177 - ERROR - Web search failure (google_news): Couldn't find a tree builder with the features you requested: xml. Do you need to install a parser library?
2025-09-17 16:15:07,512 - ERROR - Web search failure (google_news): Couldn't find a tree builder with the features you requested: xml. Do you need to install a parser library?
2025-09-17 16:15:35,925 - ERROR - Image discovery error for twitter: 'DiscoveryWatcher' object has no attribute '_scrape_twitter_images'
2025-09-17 16:15:35,926 - ERROR - Image discovery error for twitter: 'DiscoveryWatcher' object has no attribute '_scrape_twitter_images'
2025-09-17 16:15:35,927 - ERROR - Image discovery error for twitter: 'DiscoveryWatcher' object has no attribute '_scrape_twitter_images'
2025-09-17 16:15:35,928 - ERROR - Image discovery error for twitter: 'DiscoveryWatcher' object has no attribute '_scrape_twitter_images'
2025-09-17 16:15:35,928 - ERROR - Image discovery error for twitter: 'DiscoveryWatcher' object has no attribute '_scrape_twitter_images'
2025-09-17 16:15:35,930 - ERROR - Image discovery error for twitter: 'DiscoveryWatcher' object has no attribute '_scrape_twitter_images'
2025-09-17 16:15:35,930 - ERROR - Image discovery error for twitter: 'DiscoveryWatcher' object has no attribute '_scrape_twitter_images'
2025-09-17 16:15:35,931 - ERROR - Image discovery error for twitter: 'DiscoveryWatcher' object has no attribute '_scrape_twitter_images'
2025-09-17 16:15:35,931 - ERROR - Image discovery error for twitter: 'DiscoveryWatcher' object has no attribute '_scrape_twitter_images'
2025-09-17 16:15:35,932 - ERROR - Image discovery error for twitter: 'DiscoveryWatcher' object has no attribute '_scrape_twitter_images'
2025-09-17 16:15:35,933 - ERROR - Image discovery error for twitter: 'DiscoveryWatcher' object has no attribute '_scrape_twitter_images'
2025-09-17 16:15:35,934 - ERROR - Image discovery error for twitter: 'DiscoveryWatcher' object has no attribute '_scrape_twitter_images'
2025-09-17 16:15:35,935 - ERROR - Image discovery error for twitter: 'DiscoveryWatcher' object has no attribute '_scrape_twitter_images'
2025-09-17 16:15:35,935 - ERROR - Image discovery error for twitter: 'DiscoveryWatcher' object has no attribute '_scrape_twitter_images'
2025-09-17 16:15:35,936 - ERROR - Image discovery error for twitter: 'DiscoveryWatcher' object has no attribute '_scrape_twitter_images'
2025-09-17 16:15:35,937 - ERROR - Image discovery error for twitter: 'DiscoveryWatcher' object has no attribute '_scrape_twitter_images'
2025-09-17 16:15:35,937 - ERROR - Image discovery error for twitter: 'DiscoveryWatcher' object has no attribute '_scrape_twitter_images'
2025-09-17 16:15:35,938 - ERROR - Image discovery error for twitter: 'DiscoveryWatcher' object has no attribute '_scrape_twitter_images'
2025-09-17 16:15:35,945 - ERROR - Image discovery error for twitter: 'DiscoveryWatcher' object has no attribute '_scrape_twitter_images'
2025-09-17 16:15:35,948 - ERROR - Image discovery error for twitter: 'DiscoveryWatcher' object has no attribute '_scrape_twitter_images'
2025-09-17 16:15:35,950 - ERROR - Image discovery error for twitter: 'DiscoveryWatcher' object has no attribute '_scrape_twitter_images'
2025-09-17 16:15:35,950 - ERROR - Image discovery error for twitter: 'DiscoveryWatcher' object has no attribute '_scrape_twitter_images'
2025-09-17 16:15:35,951 - ERROR - Image discovery error for twitter: 'DiscoveryWatcher' object has no attribute '_scrape_twitter_images'
2025-09-17 16:15:35,951 - ERROR - Image discovery error for twitter: 'DiscoveryWatcher' object has no attribute '_scrape_twitter_images'
2025-09-17 16:15:35,952 - ERROR - Image discovery error for twitter: 'DiscoveryWatcher' object has no attribute '_scrape_twitter_images'
2025-09-17 16:15:35,953 - ERROR - Image discovery error for twitter: 'DiscoveryWatcher' object has no attribute '_scrape_twitter_images'
2025-09-17 16:15:35,953 - ERROR - Image discovery error for twitter: 'DiscoveryWatcher' object has no attribute '_scrape_twitter_images'
2025-09-17 16:15:35,954 - ERROR - Image discovery error for twitter: 'DiscoveryWatcher' object has no attribute '_scrape_twitter_images'
2025-09-17 16:15:35,955 - ERROR - Image discovery error for instagram: 'DiscoveryWatcher' object has no attribute '_scrape_instagram_images'
2025-09-17 16:15:35,959 - ERROR - Image discovery error for instagram: 'DiscoveryWatcher' object has no attribute '_scrape_instagram_images'
2025-09-17 16:15:35,961 - ERROR - Image discovery error for instagram: 'DiscoveryWatcher' object has no attribute '_scrape_instagram_images'
2025-09-17 16:15:35,962 - ERROR - Image discovery error for instagram: 'DiscoveryWatcher' object has no attribute '_scrape_instagram_images'
2025-09-17 16:15:35,962 - ERROR - Image discovery error for instagram: 'DiscoveryWatcher' object has no attribute '_scrape_instagram_images'
2025-09-17 16:15:35,963 - ERROR - Image discovery error for instagram: 'DiscoveryWatcher' object has no attribute '_scrape_instagram_images'
2025-09-17 16:15:35,964 - ERROR - Image discovery error for instagram: 'DiscoveryWatcher' object has no attribute '_scrape_instagram_images'
2025-09-17 16:15:35,965 - ERROR - Image discovery error for instagram: 'DiscoveryWatcher' object has no attribute '_scrape_instagram_images'
2025-09-17 16:15:35,966 - ERROR - Image discovery error for instagram: 'DiscoveryWatcher' object has no attribute '_scrape_instagram_images'
2025-09-17 16:15:35,966 - ERROR - Image discovery error for instagram: 'DiscoveryWatcher' object has no attribute '_scrape_instagram_images'
2025-09-17 16:15:35,968 - ERROR - Image discovery error for instagram: 'DiscoveryWatcher' object has no attribute '_scrape_instagram_images'
2025-09-17 16:15:35,969 - ERROR - Image discovery error for instagram: 'DiscoveryWatcher' object has no attribute '_scrape_instagram_images'
2025-09-17 16:15:35,969 - ERROR - Image discovery error for instagram: 'DiscoveryWatcher' object has no attribute '_scrape_instagram_images'
2025-09-17 16:15:35,970 - ERROR - Image discovery error for instagram: 'DiscoveryWatcher' object has no attribute '_scrape_instagram_images'
2025-09-17 16:15:35,971 - ERROR - Image discovery error for instagram: 'DiscoveryWatcher' object has no attribute '_scrape_instagram_images'
2025-09-17 16:15:35,972 - ERROR - Image discovery error for instagram: 'DiscoveryWatcher' object has no attribute '_scrape_instagram_images'
2025-09-17 16:15:35,975 - ERROR - Image discovery error for instagram: 'DiscoveryWatcher' object has no attribute '_scrape_instagram_images'
2025-09-17 16:15:35,976 - ERROR - Image discovery error for instagram: 'DiscoveryWatcher' object has no attribute '_scrape_instagram_images'
2025-09-17 16:15:35,977 - ERROR - Image discovery error for instagram: 'DiscoveryWatcher' object has no attribute '_scrape_instagram_images'
2025-09-17 16:15:35,977 - ERROR - Image discovery error for instagram: 'DiscoveryWatcher' object has no attribute '_scrape_instagram_images'
2025-09-17 16:15:35,978 - ERROR - Image discovery error for instagram: 'DiscoveryWatcher' object has no attribute '_scrape_instagram_images'
2025-09-17 16:15:35,979 - ERROR - Image discovery error for instagram: 'DiscoveryWatcher' object has no attribute '_scrape_instagram_images'
2025-09-17 16:15:35,982 - ERROR - Image discovery error for instagram: 'DiscoveryWatcher' object has no attribute '_scrape_instagram_images'
2025-09-17 16:15:35,983 - ERROR - Image discovery error for instagram: 'DiscoveryWatcher' object has no attribute '_scrape_instagram_images'
2025-09-17 16:15:35,983 - ERROR - Image discovery error for instagram: 'DiscoveryWatcher' object has no attribute '_scrape_instagram_images'
2025-09-17 16:15:35,984 - ERROR - Image discovery error for instagram: 'DiscoveryWatcher' object has no attribute '_scrape_instagram_images'
2025-09-17 16:15:35,985 - ERROR - Image discovery error for instagram: 'DiscoveryWatcher' object has no attribute '_scrape_instagram_images'
2025-09-17 16:15:35,985 - ERROR - Image discovery error for instagram: 'DiscoveryWatcher' object has no attribute '_scrape_instagram_images'
2025-09-17 17:01:52,481 - ERROR - Error monitoring CT logs: HTTPSConnectionPool(host='crt.sh', port=443): Read timed out. (read timeout=30)
2025-09-17 17:01:53,057 - ERROR - Error monitoring twitter: 'DiscoveryWatcher' object has no attribute '_get_social_search_url'
2025-09-17 17:01:53,058 - ERROR - Error monitoring facebook: 'DiscoveryWatcher' object has no attribute '_get_social_search_url'
2025-09-17 17:01:53,059 - ERROR - Error monitoring instagram: 'DiscoveryWatcher' object has no attribute '_get_social_search_url'
2025-09-17 17:01:53,062 - ERROR - Error monitoring linkedin: 'DiscoveryWatcher' object has no attribute '_get_social_search_url'
2025-09-17 17:01:54,648 - ERROR - Web search failure (google_news): Couldn't find a tree builder with the features you requested: xml. Do you need to install a parser library?
2025-09-17 17:01:54,752 - ERROR - Web search failure (google_news): Couldn't find a tree builder with the features you requested: xml. Do you need to install a parser library?
2025-09-17 17:01:54,763 - ERROR - Web search failure (google_news): Couldn't find a tree builder with the features you requested: xml. Do you need to install a parser library?
2025-09-17 17:01:54,904 - ERROR - Web search failure (google_news): Couldn't find a tree builder with the features you requested: xml. Do you need to install a parser library?
2025-09-17 17:01:54,909 - ERROR - Web search failure (google_news): Couldn't find a tree builder with the features you requested: xml. Do you need to install a parser library?
2025-09-17 17:01:54,915 - ERROR - Web search failure (google_news): Couldn't find a tree builder with the features you requested: xml. Do you need to install a parser library?
2025-09-17 17:01:54,936 - ERROR - Web search failure (google_news): Couldn't find a tree builder with the features you requested: xml. Do you need to install a parser library?
2025-09-17 17:01:54,946 - ERROR - Web search failure (google_news): Couldn't find a tree builder with the features you requested: xml. Do you need to install a parser library?
2025-09-17 17:01:54,954 - ERROR - Web search failure (google_news): Couldn't find a tree builder with the features you requested: xml. Do you need to install a parser library?
2025-09-17 17:01:54,963 - ERROR - Web search failure (google_news): Couldn't find a tree builder with the features you requested: xml. Do you need to install a parser library?
2025-09-17 17:01:54,963 - ERROR - Web search failure (google_news): Couldn't find a tree builder with the features you requested: xml. Do you need to install a parser library?
2025-09-17 17:01:54,964 - ERROR - Web search failure (google_news): Couldn't find a tree builder with the features you requested: xml. Do you need to install a parser library?
2025-09-17 17:01:54,983 - ERROR - Web search failure (google_news): Couldn't find a tree builder with the features you requested: xml. Do you need to install a parser library?
2025-09-17 17:01:54,993 - ERROR - Web search failure (google_news): Couldn't find a tree builder with the features you requested: xml. Do you need to install a parser library?
2025-09-17 17:01:55,037 - ERROR - Web search failure (google_news): Couldn't find a tree builder with the features you requested: xml. Do you need to install a parser library?
2025-09-17 17:01:55,043 - ERROR - Web search failure (google_news): Couldn't find a tree builder with the features you requested: xml. Do you need to install a parser library?
2025-09-17 17:01:55,075 - ERROR - Web search failure (google_news): Couldn't find a tree builder with the features you requested: xml. Do you need to install a parser library?
2025-09-17 17:01:55,092 - ERROR - Web search failure (google_news): Couldn't find a tree builder with the features you requested: xml. Do you need to install a parser library?
2025-09-17 17:01:55,211 - ERROR - Web search failure (google_news): Couldn't find a tree builder with the features you requested: xml. Do you need to install a parser library?
2025-09-17 17:01:55,212 - ERROR - Web search failure (google_news): Couldn't find a tree builder with the features you requested: xml. Do you need to install a parser library?
2025-09-17 17:01:55,246 - ERROR - Web search failure (google_news): Couldn't find a tree builder with the features you requested: xml. Do you need to install a parser library?
2025-09-17 17:01:55,316 - ERROR - Web search failure (google_news): Couldn't find a tree builder with the features you requested: xml. Do you need to install a parser library?
2025-09-17 17:01:55,399 - ERROR - Web search failure (google_news): Couldn't find a tree builder with the features you requested: xml. Do you need to install a parser library?
2025-09-17 17:01:55,857 - ERROR - Web search failure (google_news): Couldn't find a tree builder with the features you requested: xml. Do you need to install a parser library?
2025-09-17 17:02:18,874 - ERROR - Image discovery error for twitter: 'DiscoveryWatcher' object has no attribute '_scrape_twitter_images'
2025-09-17 17:02:18,877 - ERROR - Image discovery error for twitter: 'DiscoveryWatcher' object has no attribute '_scrape_twitter_images'
2025-09-17 17:02:18,878 - ERROR - Image discovery error for twitter: 'DiscoveryWatcher' object has no attribute '_scrape_twitter_images'
2025-09-17 17:02:18,881 - ERROR - Image discovery error for twitter: 'DiscoveryWatcher' object has no attribute '_scrape_twitter_images'
2025-09-17 17:02:18,882 - ERROR - Image discovery error for twitter: 'DiscoveryWatcher' object has no attribute '_scrape_twitter_images'
2025-09-17 17:02:18,884 - ERROR - Image discovery error for twitter: 'DiscoveryWatcher' object has no attribute '_scrape_twitter_images'
2025-09-17 17:02:18,884 - ERROR - Image discovery error for twitter: 'DiscoveryWatcher' object has no attribute '_scrape_twitter_images'
2025-09-17 17:02:18,885 - ERROR - Image discovery error for twitter: 'DiscoveryWatcher' object has no attribute '_scrape_twitter_images'
2025-09-17 17:02:18,886 - ERROR - Image discovery error for twitter: 'DiscoveryWatcher' object has no attribute '_scrape_twitter_images'
2025-09-17 17:02:18,887 - ERROR - Image discovery error for twitter: 'DiscoveryWatcher' object has no attribute '_scrape_twitter_images'
2025-09-17 17:02:18,888 - ERROR - Image discovery error for twitter: 'DiscoveryWatcher' object has no attribute '_scrape_twitter_images'
2025-09-17 17:02:18,888 - ERROR - Image discovery error for twitter: 'DiscoveryWatcher' object has no attribute '_scrape_twitter_images'
2025-09-17 17:02:18,889 - ERROR - Image discovery error for twitter: 'DiscoveryWatcher' object has no attribute '_scrape_twitter_images'
2025-09-17 17:02:18,890 - ERROR - Image discovery error for twitter: 'DiscoveryWatcher' object has no attribute '_scrape_twitter_images'
2025-09-17 17:02:18,891 - ERROR - Image discovery error for twitter: 'DiscoveryWatcher' object has no attribute '_scrape_twitter_images'
2025-09-17 17:02:18,891 - ERROR - Image discovery error for twitter: 'DiscoveryWatcher' object has no attribute '_scrape_twitter_images'
2025-09-17 17:02:18,892 - ERROR - Image discovery error for twitter: 'DiscoveryWatcher' object has no attribute '_scrape_twitter_images'
2025-09-17 17:02:18,893 - ERROR - Image discovery error for twitter: 'DiscoveryWatcher' object has no attribute '_scrape_twitter_images'
2025-09-17 17:02:18,893 - ERROR - Image discovery error for twitter: 'DiscoveryWatcher' object has no attribute '_scrape_twitter_images'
2025-09-17 17:02:18,894 - ERROR - Image discovery error for twitter: 'DiscoveryWatcher' object has no attribute '_scrape_twitter_images'
2025-09-17 17:02:18,895 - ERROR - Image discovery error for twitter: 'DiscoveryWatcher' object has no attribute '_scrape_twitter_images'
2025-09-17 17:02:18,895 - ERROR - Image discovery error for twitter: 'DiscoveryWatcher' object has no attribute '_scrape_twitter_images'
2025-09-17 17:02:18,896 - ERROR - Image discovery error for twitter: 'DiscoveryWatcher' object has no attribute '_scrape_twitter_images'
2025-09-17 17:02:18,897 - ERROR - Image discovery error for twitter: 'DiscoveryWatcher' object has no attribute '_scrape_twitter_images'
2025-09-17 17:02:18,899 - ERROR - Image discovery error for twitter: 'DiscoveryWatcher' object has no attribute '_scrape_twitter_images'
2025-09-17 17:02:18,899 - ERROR - Image discovery error for twitter: 'DiscoveryWatcher' object has no attribute '_scrape_twitter_images'
2025-09-17 17:02:18,901 - ERROR - Image discovery error for twitter: 'DiscoveryWatcher' object has no attribute '_scrape_twitter_images'
2025-09-17 17:02:18,904 - ERROR - Image discovery error for twitter: 'DiscoveryWatcher' object has no attribute '_scrape_twitter_images'
2025-09-17 17:02:18,905 - ERROR - Image discovery error for instagram: 'DiscoveryWatcher' object has no attribute '_scrape_instagram_images'
2025-09-17 17:02:18,906 - ERROR - Image discovery error for instagram: 'DiscoveryWatcher' object has no attribute '_scrape_instagram_images'
2025-09-17 17:02:18,906 - ERROR - Image discovery error for instagram: 'DiscoveryWatcher' object has no attribute '_scrape_instagram_images'
2025-09-17 17:02:18,907 - ERROR - Image discovery error for instagram: 'DiscoveryWatcher' object has no attribute '_scrape_instagram_images'
2025-09-17 17:02:18,908 - ERROR - Image discovery error for instagram: 'DiscoveryWatcher' object has no attribute '_scrape_instagram_images'
2025-09-17 17:02:18,908 - ERROR - Image discovery error for instagram: 'DiscoveryWatcher' object has no attribute '_scrape_instagram_images'
2025-09-17 17:02:18,909 - ERROR - Image discovery error for instagram: 'DiscoveryWatcher' object has no attribute '_scrape_instagram_images'
2025-09-17 17:02:18,910 - ERROR - Image discovery error for instagram: 'DiscoveryWatcher' object has no attribute '_scrape_instagram_images'
2025-09-17 17:02:18,911 - ERROR - Image discovery error for instagram: 'DiscoveryWatcher' object has no attribute '_scrape_instagram_images'
2025-09-17 17:02:18,912 - ERROR - Image discovery error for instagram: 'DiscoveryWatcher' object has no attribute '_scrape_instagram_images'
2025-09-17 17:02:18,912 - ERROR - Image discovery error for instagram: 'DiscoveryWatcher' object has no attribute '_scrape_instagram_images'
2025-09-17 17:02:18,913 - ERROR - Image discovery error for instagram: 'DiscoveryWatcher' object has no attribute '_scrape_instagram_images'
2025-09-17 17:02:18,914 - ERROR - Image discovery error for instagram: 'DiscoveryWatcher' object has no attribute '_scrape_instagram_images'
2025-09-17 17:02:18,914 - ERROR - Image discovery error for instagram: 'DiscoveryWatcher' object has no attribute '_scrape_instagram_images'
2025-09-17 17:02:18,915 - ERROR - Image discovery error for instagram: 'DiscoveryWatcher' object has no attribute '_scrape_instagram_images'
2025-09-17 17:02:18,916 - ERROR - Image discovery error for instagram: 'DiscoveryWatcher' object has no attribute '_scrape_instagram_images'
2025-09-17 17:02:18,917 - ERROR - Image discovery error for instagram: 'DiscoveryWatcher' object has no attribute '_scrape_instagram_images'
2025-09-17 17:02:18,919 - ERROR - Image discovery error for instagram: 'DiscoveryWatcher' object has no attribute '_scrape_instagram_images'
2025-09-17 17:02:18,920 - ERROR - Image discovery error for instagram: 'DiscoveryWatcher' object has no attribute '_scrape_instagram_images'
2025-09-17 17:02:18,920 - ERROR - Image discovery error for instagram: 'DiscoveryWatcher' object has no attribute '_scrape_instagram_images'
2025-09-17 17:02:18,921 - ERROR - Image discovery error for instagram: 'DiscoveryWatcher' object has no attribute '_scrape_instagram_images'
2025-09-17 17:02:18,922 - ERROR - Image discovery error for instagram: 'DiscoveryWatcher' object has no attribute '_scrape_instagram_images'
2025-09-17 17:02:18,922 - ERROR - Image discovery error for instagram: 'DiscoveryWatcher' object has no attribute '_scrape_instagram_images'
2025-09-17 17:02:18,924 - ERROR - Image discovery error for instagram: 'DiscoveryWatcher' object has no attribute '_scrape_instagram_images'
2025-09-17 17:02:18,925 - ERROR - Image discovery error for instagram: 'DiscoveryWatcher' object has no attribute '_scrape_instagram_images'
2025-09-17 17:02:18,925 - ERROR - Image discovery error for instagram: 'DiscoveryWatcher' object has no attribute '_scrape_instagram_images'
2025-09-17 17:02:18,926 - ERROR - Image discovery error for instagram: 'DiscoveryWatcher' object has no attribute '_scrape_instagram_images'
2025-09-17 17:02:18,927 - ERROR - Image discovery error for instagram: 'DiscoveryWatcher' object has no attribute '_scrape_instagram_images'
2025-09-17 17:25:34,434 - ERROR - Web search failure (google_news): Couldn't find a tree builder with the features you requested: xml. Do you need to install a parser library?
2025-09-17 17:25:34,442 - ERROR - Web search failure (google_news): Couldn't find a tree builder with the features you requested: xml. Do you need to install a parser library?
2025-09-17 17:25:34,467 - ERROR - Web search failure (google_news): Couldn't find a tree builder with the features you requested: xml. Do you need to install a parser library?
2025-09-17 17:25:34,495 - ERROR - Web search failure (google_news): Couldn't find a tree builder with the features you requested: xml. Do you need to install a parser library?
2025-09-17 17:25:34,495 - ERROR - Web search failure (google_news): Couldn't find a tree builder with the features you requested: xml. Do you need to install a parser library?
2025-09-17 17:25:34,503 - ERROR - Web search failure (google_news): Couldn't find a tree builder with the features you requested: xml. Do you need to install a parser library?
2025-09-17 17:25:34,516 - ERROR - Web search failure (google_news): Couldn't find a tree builder with the features you requested: xml. Do you need to install a parser library?
2025-09-17 17:25:34,533 - ERROR - Web search failure (google_news): Couldn't find a tree builder with the features you requested: xml. Do you need to install a parser library?
2025-09-17 17:25:34,533 - ERROR - Web search failure (google_news): Couldn't find a tree builder with the features you requested: xml. Do you need to install a parser library?
2025-09-17 17:25:34,547 - ERROR - Web search failure (google_news): Couldn't find a tree builder with the features you requested: xml. Do you need to install a parser library?
2025-09-17 17:25:34,547 - ERROR - Web search failure (google_news): Couldn't find a tree builder with the features you requested: xml. Do you need to install a parser library?
2025-09-17 17:25:34,559 - ERROR - Web search failure (google_news): Couldn't find a tree builder with the features you requested: xml. Do you need to install a parser library?
2025-09-17 17:25:34,574 - ERROR - Web search failure (google_news): Couldn't find a tree builder with the features you requested: xml. Do you need to install a parser library?
2025-09-17 17:25:34,626 - ERROR - Web search failure (google_news): Couldn't find a tree builder with the features you requested: xml. Do you need to install a parser library?
2025-09-17 17:25:34,640 - ERROR - Web search failure (google_news): Couldn't find a tree builder with the features you requested: xml. Do you need to install a parser library?
2025-09-17 17:25:34,652 - ERROR - Web search failure (google_news): Couldn't find a tree builder with the features you requested: xml. Do you need to install a parser library?
2025-09-17 17:25:34,658 - ERROR - Web search failure (google_news): Couldn't find a tree builder with the features you requested: xml. Do you need to install a parser library?
2025-09-17 17:25:34,707 - ERROR - Web search failure (google_news): Couldn't find a tree builder with the features you requested: xml. Do you need to install a parser library?
2025-09-17 17:25:34,768 - ERROR - Web search failure (google_news): Couldn't find a tree builder with the features you requested: xml. Do you need to install a parser library?
2025-09-17 17:25:34,846 - ERROR - Web search failure (google_news): Couldn't find a tree builder with the features you requested: xml. Do you need to install a parser library?
2025-09-17 17:25:34,904 - ERROR - Web search failure (google_news): Couldn't find a tree builder with the features you requested: xml. Do you need to install a parser library?
2025-09-17 17:25:35,070 - ERROR - Web search failure (google_news): Couldn't find a tree builder with the features you requested: xml. Do you need to install a parser library?
2025-09-17 17:25:35,144 - ERROR - Web search failure (google_news): Couldn't find a tree builder with the features you requested: xml. Do you need to install a parser library?
2025-09-17 17:25:35,469 - ERROR - Web search failure (google_news): Couldn't find a tree builder with the features you requested: xml. Do you need to install a parser library?
2025-09-17 17:25:39,992 - ERROR - Error monitoring twitter: 'DiscoveryWatcher' object has no attribute '_get_social_search_url'
2025-09-17 17:25:39,995 - ERROR - Error monitoring facebook: 'DiscoveryWatcher' object has no attribute '_get_social_search_url'
2025-09-17 17:25:39,996 - ERROR - Error monitoring instagram: 'DiscoveryWatcher' object has no attribute '_get_social_search_url'
2025-09-17 17:25:40,005 - ERROR - Error monitoring linkedin: 'DiscoveryWatcher' object has no attribute '_get_social_search_url'
2025-09-17 17:25:54,587 - ERROR - Image discovery error for twitter: 'DiscoveryWatcher' object has no attribute '_scrape_twitter_images'
2025-09-17 17:25:54,588 - ERROR - Image discovery error for twitter: 'DiscoveryWatcher' object has no attribute '_scrape_twitter_images'
2025-09-17 17:25:54,588 - ERROR - Image discovery error for twitter: 'DiscoveryWatcher' object has no attribute '_scrape_twitter_images'
2025-09-17 17:25:54,589 - ERROR - Image discovery error for twitter: 'DiscoveryWatcher' object has no attribute '_scrape_twitter_images'
2025-09-17 17:25:54,590 - ERROR - Image discovery error for twitter: 'DiscoveryWatcher' object has no attribute '_scrape_twitter_images'
2025-09-17 17:25:54,590 - ERROR - Image discovery error for twitter: 'DiscoveryWatcher' object has no attribute '_scrape_twitter_images'
2025-09-17 17:25:54,591 - ERROR - Image discovery error for twitter: 'DiscoveryWatcher' object has no attribute '_scrape_twitter_images'
2025-09-17 17:25:54,592 - ERROR - Image discovery error for twitter: 'DiscoveryWatcher' object has no attribute '_scrape_twitter_images'
2025-09-17 17:25:54,592 - ERROR - Image discovery error for twitter: 'DiscoveryWatcher' object has no attribute '_scrape_twitter_images'
2025-09-17 17:25:54,593 - ERROR - Image discovery error for twitter: 'DiscoveryWatcher' object has no attribute '_scrape_twitter_images'
2025-09-17 17:25:54,594 - ERROR - Image discovery error for twitter: 'DiscoveryWatcher' object has no attribute '_scrape_twitter_images'
2025-09-17 17:25:54,595 - ERROR - Image discovery error for twitter: 'DiscoveryWatcher' object has no attribute '_scrape_twitter_images'
2025-09-17 17:25:54,596 - ERROR - Image discovery error for twitter: 'DiscoveryWatcher' object has no attribute '_scrape_twitter_images'
2025-09-17 17:25:54,597 - ERROR - Image discovery error for twitter: 'DiscoveryWatcher' object has no attribute '_scrape_twitter_images'
2025-09-17 17:25:54,597 - ERROR - Image discovery error for twitter: 'DiscoveryWatcher' object has no attribute '_scrape_twitter_images'
2025-09-17 17:25:54,598 - ERROR - Image discovery error for twitter: 'DiscoveryWatcher' object has no attribute '_scrape_twitter_images'
2025-09-17 17:25:54,599 - ERROR - Image discovery error for twitter: 'DiscoveryWatcher' object has no attribute '_scrape_twitter_images'
2025-09-17 17:25:54,599 - ERROR - Image discovery error for twitter: 'DiscoveryWatcher' object has no attribute '_scrape_twitter_images'
2025-09-17 17:25:54,600 - ERROR - Image discovery error for twitter: 'DiscoveryWatcher' object has no attribute '_scrape_twitter_images'
2025-09-17 17:25:54,601 - ERROR - Image discovery error for twitter: 'DiscoveryWatcher' object has no attribute '_scrape_twitter_images'
2025-09-17 17:25:54,602 - ERROR - Image discovery error for twitter: 'DiscoveryWatcher' object has no attribute '_scrape_twitter_images'
2025-09-17 17:25:54,602 - ERROR - Image discovery error for twitter: 'DiscoveryWatcher' object has no attribute '_scrape_twitter_images'
2025-09-17 17:25:54,603 - ERROR - Image discovery error for twitter: 'DiscoveryWatcher' object has no attribute '_scrape_twitter_images'
2025-09-17 17:25:54,604 - ERROR - Image discovery error for twitter: 'DiscoveryWatcher' object has no attribute '_scrape_twitter_images'
2025-09-17 17:25:54,604 - ERROR - Image discovery error for twitter: 'DiscoveryWatcher' object has no attribute '_scrape_twitter_images'
2025-09-17 17:25:54,605 - ERROR - Image discovery error for twitter: 'DiscoveryWatcher' object has no attribute '_scrape_twitter_images'
2025-09-17 17:25:54,607 - ERROR - Image discovery error for twitter: 'DiscoveryWatcher' object has no attribute '_scrape_twitter_images'
2025-09-17 17:25:54,608 - ERROR - Image discovery error for twitter: 'DiscoveryWatcher' object has no attribute '_scrape_twitter_images'
2025-09-17 17:25:54,608 - ERROR - Image discovery error for instagram: 'DiscoveryWatcher' object has no attribute '_scrape_instagram_images'
2025-09-17 17:25:54,609 - ERROR - Image discovery error for instagram: 'DiscoveryWatcher' object has no attribute '_scrape_instagram_images'
2025-09-17 17:25:54,610 - ERROR - Image discovery error for instagram: 'DiscoveryWatcher' object has no attribute '_scrape_instagram_images'
2025-09-17 17:25:54,610 - ERROR - Image discovery error for instagram: 'DiscoveryWatcher' object has no attribute '_scrape_instagram_images'
2025-09-17 17:25:54,611 - ERROR - Image discovery error for instagram: 'DiscoveryWatcher' object has no attribute '_scrape_instagram_images'
2025-09-17 17:25:54,612 - ERROR - Image discovery error for instagram: 'DiscoveryWatcher' object has no attribute '_scrape_instagram_images'
2025-09-17 17:25:54,613 - ERROR - Image discovery error for instagram: 'DiscoveryWatcher' object has no attribute '_scrape_instagram_images'
2025-09-17 17:25:54,614 - ERROR - Image discovery error for instagram: 'DiscoveryWatcher' object has no attribute '_scrape_instagram_images'
2025-09-17 17:25:54,615 - ERROR - Image discovery error for instagram: 'DiscoveryWatcher' object has no attribute '_scrape_instagram_images'
2025-09-17 17:25:54,615 - ERROR - Image discovery error for instagram: 'DiscoveryWatcher' object has no attribute '_scrape_instagram_images'
2025-09-17 17:25:54,616 - ERROR - Image discovery error for instagram: 'DiscoveryWatcher' object has no attribute '_scrape_instagram_images'
2025-09-17 17:25:54,617 - ERROR - Image discovery error for instagram: 'DiscoveryWatcher' object has no attribute '_scrape_instagram_images'
2025-09-17 17:25:54,618 - ERROR - Image discovery error for instagram: 'DiscoveryWatcher' object has no attribute '_scrape_instagram_images'
2025-09-17 17:25:54,618 - ERROR - Image discovery error for instagram: 'DiscoveryWatcher' object has no attribute '_scrape_instagram_images'
2025-09-17 17:25:54,619 - ERROR - Image discovery error for instagram: 'DiscoveryWatcher' object has no attribute '_scrape_instagram_images'
2025-09-17 17:25:54,620 - ERROR - Image discovery error for instagram: 'DiscoveryWatcher' object has no attribute '_scrape_instagram_images'
2025-09-17 17:25:54,621 - ERROR - Image discovery error for instagram: 'DiscoveryWatcher' object has no attribute '_scrape_instagram_images'
2025-09-17 17:25:54,621 - ERROR - Image discovery error for instagram: 'DiscoveryWatcher' object has no attribute '_scrape_instagram_images'
2025-09-17 17:25:54,622 - ERROR - Image discovery error for instagram: 'DiscoveryWatcher' object has no attribute '_scrape_instagram_images'
2025-09-17 17:25:54,623 - ERROR - Image discovery error for instagram: 'DiscoveryWatcher' object has no attribute '_scrape_instagram_images'
2025-09-17 17:25:54,624 - ERROR - Image discovery error for instagram: 'DiscoveryWatcher' object has no attribute '_scrape_instagram_images'
2025-09-17 17:25:54,624 - ERROR - Image discovery error for instagram: 'DiscoveryWatcher' object has no attribute '_scrape_instagram_images'
2025-09-17 17:25:54,625 - ERROR - Image discovery error for instagram: 'DiscoveryWatcher' object has no attribute '_scrape_instagram_images'
2025-09-17 17:25:54,626 - ERROR - Image discovery error for instagram: 'DiscoveryWatcher' object has no attribute '_scrape_instagram_images'
2025-09-17 17:25:54,627 - ERROR - Image discovery error for instagram: 'DiscoveryWatcher' object has no attribute '_scrape_instagram_images'
2025-09-17 17:25:54,627 - ERROR - Image discovery error for instagram: 'DiscoveryWatcher' object has no attribute '_scrape_instagram_images'
2025-09-17 17:25:54,630 - ERROR - Image discovery error for instagram: 'DiscoveryWatcher' object has no attribute '_scrape_instagram_images'
2025-09-17 17:25:54,631 - ERROR - Image discovery error for instagram: 'DiscoveryWatcher' object has no attribute '_scrape_instagram_images'
2025-09-17 17:29:38,002 - ERROR - Web search failure (google_news): Couldn't find a tree builder with the features you requested: xml. Do you need to install a parser library?
2025-09-17 17:29:38,051 - ERROR - Web search failure (google_news): Couldn't find a tree builder with the features you requested: xml. Do you need to install a parser library?
2025-09-17 17:29:38,071 - ERROR - Web search failure (google_news): Couldn't find a tree builder with the features you requested: xml. Do you need to install a parser library?
2025-09-17 17:29:38,097 - ERROR - Web search failure (google_news): Couldn't find a tree builder with the features you requested: xml. Do you need to install a parser library?
2025-09-17 17:29:38,130 - ERROR - Web search failure (google_news): Couldn't find a tree builder with the features you requested: xml. Do you need to install a parser library?
2025-09-17 17:29:38,155 - ERROR - Web search failure (google_news): Couldn't find a tree builder with the features you requested: xml. Do you need to install a parser library?
2025-09-17 17:29:38,191 - ERROR - Web search failure (google_news): Couldn't find a tree builder with the features you requested: xml. Do you need to install a parser library?
2025-09-17 17:29:38,208 - ERROR - Web search failure (google_news): Couldn't find a tree builder with the features you requested: xml. Do you need to install a parser library?
2025-09-17 17:29:38,225 - ERROR - Web search failure (google_news): Couldn't find a tree builder with the features you requested: xml. Do you need to install a parser library?
2025-09-17 17:29:38,234 - ERROR - Web search failure (google_news): Couldn't find a tree builder with the features you requested: xml. Do you need to install a parser library?
2025-09-17 17:29:38,240 - ERROR - Web search failure (google_news): Couldn't find a tree builder with the features you requested: xml. Do you need to install a parser library?
2025-09-17 17:29:38,247 - ERROR - Web search failure (google_news): Couldn't find a tree builder with the features you requested: xml. Do you need to install a parser library?
2025-09-17 17:29:38,300 - ERROR - Web search failure (google_news): Couldn't find a tree builder with the features you requested: xml. Do you need to install a parser library?
2025-09-17 17:29:38,311 - ERROR - Web search failure (google_news): Couldn't find a tree builder with the features you requested: xml. Do you need to install a parser library?
2025-09-17 17:29:38,344 - ERROR - Web search failure (google_news): Couldn't find a tree builder with the features you requested: xml. Do you need to install a parser library?
2025-09-17 17:29:38,349 - ERROR - Web search failure (google_news): Couldn't find a tree builder with the features you requested: xml. Do you need to install a parser library?
2025-09-17 17:29:38,359 - ERROR - Web search failure (google_news): Couldn't find a tree builder with the features you requested: xml. Do you need to install a parser library?
2025-09-17 17:29:38,381 - ERROR - Web search failure (google_news): Couldn't find a tree builder with the features you requested: xml. Do you need to install a parser library?
2025-09-17 17:29:38,400 - ERROR - Web search failure (google_news): Couldn't find a tree builder with the features you requested: xml. Do you need to install a parser library?
2025-09-17 17:29:38,614 - ERROR - Web search failure (google_news): Couldn't find a tree builder with the features you requested: xml. Do you need to install a parser library?
2025-09-17 17:29:38,614 - ERROR - Web search failure (google_news): Couldn't find a tree builder with the features you requested: xml. Do you need to install a parser library?
2025-09-17 17:29:38,615 - ERROR - Web search failure (google_news): Couldn't find a tree builder with the features you requested: xml. Do you need to install a parser library?
2025-09-17 17:29:38,720 - ERROR - Web search failure (google_news): Couldn't find a tree builder with the features you requested: xml. Do you need to install a parser library?
2025-09-17 17:29:39,023 - ERROR - Web search failure (google_news): Couldn't find a tree builder with the features you requested: xml. Do you need to install a parser library?
2025-09-17 17:29:41,968 - ERROR - Error monitoring twitter: 'DiscoveryWatcher' object has no attribute '_get_social_search_url'
2025-09-17 17:29:41,969 - ERROR - Error monitoring facebook: 'DiscoveryWatcher' object has no attribute '_get_social_search_url'
2025-09-17 17:29:41,971 - ERROR - Error monitoring instagram: 'DiscoveryWatcher' object has no attribute '_get_social_search_url'
2025-09-17 17:29:41,971 - ERROR - Error monitoring linkedin: 'DiscoveryWatcher' object has no attribute '_get_social_search_url'
2025-09-17 17:29:58,366 - ERROR - Image discovery error for twitter: 'DiscoveryWatcher' object has no attribute '_scrape_twitter_images'
2025-09-17 17:29:58,367 - ERROR - Image discovery error for twitter: 'DiscoveryWatcher' object has no attribute '_scrape_twitter_images'
2025-09-17 17:29:58,368 - ERROR - Image discovery error for twitter: 'DiscoveryWatcher' object has no attribute '_scrape_twitter_images'
2025-09-17 17:29:58,369 - ERROR - Image discovery error for twitter: 'DiscoveryWatcher' object has no attribute '_scrape_twitter_images'
2025-09-17 17:29:58,369 - ERROR - Image discovery error for twitter: 'DiscoveryWatcher' object has no attribute '_scrape_twitter_images'
2025-09-17 17:29:58,370 - ERROR - Image discovery error for twitter: 'DiscoveryWatcher' object has no attribute '_scrape_twitter_images'
2025-09-17 17:29:58,371 - ERROR - Image discovery error for twitter: 'DiscoveryWatcher' object has no attribute '_scrape_twitter_images'
2025-09-17 17:29:58,371 - ERROR - Image discovery error for twitter: 'DiscoveryWatcher' object has no attribute '_scrape_twitter_images'
2025-09-17 17:29:58,372 - ERROR - Image discovery error for twitter: 'DiscoveryWatcher' object has no attribute '_scrape_twitter_images'
2025-09-17 17:29:58,373 - ERROR - Image discovery error for twitter: 'DiscoveryWatcher' object has no attribute '_scrape_twitter_images'
2025-09-17 17:29:58,375 - ERROR - Image discovery error for twitter: 'DiscoveryWatcher' object has no attribute '_scrape_twitter_images'
2025-09-17 17:29:58,376 - ERROR - Image discovery error for twitter: 'DiscoveryWatcher' object has no attribute '_scrape_twitter_images'
2025-09-17 17:29:58,377 - ERROR - Image discovery error for twitter: 'DiscoveryWatcher' object has no attribute '_scrape_twitter_images'
2025-09-17 17:29:58,378 - ERROR - Image discovery error for twitter: 'DiscoveryWatcher' object has no attribute '_scrape_twitter_images'
2025-09-17 17:29:58,379 - ERROR - Image discovery error for twitter: 'DiscoveryWatcher' object has no attribute '_scrape_twitter_images'
2025-09-17 17:29:58,379 - ERROR - Image discovery error for twitter: 'DiscoveryWatcher' object has no attribute '_scrape_twitter_images'
2025-09-17 17:29:58,380 - ERROR - Image discovery error for twitter: 'DiscoveryWatcher' object has no attribute '_scrape_twitter_images'
2025-09-17 17:29:58,381 - ERROR - Image discovery error for twitter: 'DiscoveryWatcher' object has no attribute '_scrape_twitter_images'
2025-09-17 17:29:58,382 - ERROR - Image discovery error for twitter: 'DiscoveryWatcher' object has no attribute '_scrape_twitter_images'
2025-09-17 17:29:58,383 - ERROR - Image discovery error for twitter: 'DiscoveryWatcher' object has no attribute '_scrape_twitter_images'
2025-09-17 17:29:58,383 - ERROR - Image discovery error for twitter: 'DiscoveryWatcher' object has no attribute '_scrape_twitter_images'
2025-09-17 17:29:58,384 - ERROR - Image discovery error for twitter: 'DiscoveryWatcher' object has no attribute '_scrape_twitter_images'
2025-09-17 17:29:58,385 - ERROR - Image discovery error for twitter: 'DiscoveryWatcher' object has no attribute '_scrape_twitter_images'
2025-09-17 17:29:58,385 - ERROR - Image discovery error for twitter: 'DiscoveryWatcher' object has no attribute '_scrape_twitter_images'
2025-09-17 17:29:58,386 - ERROR - Image discovery error for twitter: 'DiscoveryWatcher' object has no attribute '_scrape_twitter_images'
2025-09-17 17:29:58,387 - ERROR - Image discovery error for twitter: 'DiscoveryWatcher' object has no attribute '_scrape_twitter_images'
2025-09-17 17:29:58,387 - ERROR - Image discovery error for twitter: 'DiscoveryWatcher' object has no attribute '_scrape_twitter_images'
2025-09-17 17:29:58,388 - ERROR - Image discovery error for twitter: 'DiscoveryWatcher' object has no attribute '_scrape_twitter_images'
2025-09-17 17:29:58,389 - ERROR - Image discovery error for instagram: 'DiscoveryWatcher' object has no attribute '_scrape_instagram_images'
2025-09-17 17:29:58,390 - ERROR - Image discovery error for instagram: 'DiscoveryWatcher' object has no attribute '_scrape_instagram_images'
2025-09-17 17:29:58,391 - ERROR - Image discovery error for instagram: 'DiscoveryWatcher' object has no attribute '_scrape_instagram_images'
2025-09-17 17:29:58,392 - ERROR - Image discovery error for instagram: 'DiscoveryWatcher' object has no attribute '_scrape_instagram_images'
2025-09-17 17:29:58,393 - ERROR - Image discovery error for instagram: 'DiscoveryWatcher' object has no attribute '_scrape_instagram_images'
2025-09-17 17:29:58,393 - ERROR - Image discovery error for instagram: 'DiscoveryWatcher' object has no attribute '_scrape_instagram_images'
2025-09-17 17:29:58,394 - ERROR - Image discovery error for instagram: 'DiscoveryWatcher' object has no attribute '_scrape_instagram_images'
2025-09-17 17:29:58,395 - ERROR - Image discovery error for instagram: 'DiscoveryWatcher' object has no attribute '_scrape_instagram_images'
2025-09-17 17:29:58,396 - ERROR - Image discovery error for instagram: 'DiscoveryWatcher' object has no attribute '_scrape_instagram_images'
2025-09-17 17:29:58,397 - ERROR - Image discovery error for instagram: 'DiscoveryWatcher' object has no attribute '_scrape_instagram_images'
2025-09-17 17:29:58,398 - ERROR - Image discovery error for instagram: 'DiscoveryWatcher' object has no attribute '_scrape_instagram_images'
2025-09-17 17:29:58,398 - ERROR - Image discovery error for instagram: 'DiscoveryWatcher' object has no attribute '_scrape_instagram_images'
2025-09-17 17:29:58,399 - ERROR - Image discovery error for instagram: 'DiscoveryWatcher' object has no attribute '_scrape_instagram_images'
2025-09-17 17:29:58,400 - ERROR - Image discovery error for instagram: 'DiscoveryWatcher' object has no attribute '_scrape_instagram_images'
2025-09-17 17:29:58,401 - ERROR - Image discovery error for instagram: 'DiscoveryWatcher' object has no attribute '_scrape_instagram_images'
2025-09-17 17:29:58,401 - ERROR - Image discovery error for instagram: 'DiscoveryWatcher' object has no attribute '_scrape_instagram_images'
2025-09-17 17:29:58,402 - ERROR - Image discovery error for instagram: 'DiscoveryWatcher' object has no attribute '_scrape_instagram_images'
2025-09-17 17:29:58,403 - ERROR - Image discovery error for instagram: 'DiscoveryWatcher' object has no attribute '_scrape_instagram_images'
2025-09-17 17:29:58,404 - ERROR - Image discovery error for instagram: 'DiscoveryWatcher' object has no attribute '_scrape_instagram_images'
2025-09-17 17:29:58,404 - ERROR - Image discovery error for instagram: 'DiscoveryWatcher' object has no attribute '_scrape_instagram_images'
2025-09-17 17:29:58,405 - ERROR - Image discovery error for instagram: 'DiscoveryWatcher' object has no attribute '_scrape_instagram_images'
2025-09-17 17:29:58,406 - ERROR - Image discovery error for instagram: 'DiscoveryWatcher' object has no attribute '_scrape_instagram_images'
2025-09-17 17:29:58,407 - ERROR - Image discovery error for instagram: 'DiscoveryWatcher' object has no attribute '_scrape_instagram_images'
2025-09-17 17:29:58,407 - ERROR - Image discovery error for instagram: 'DiscoveryWatcher' object has no attribute '_scrape_instagram_images'
2025-09-17 17:29:58,408 - ERROR - Image discovery error for instagram: 'DiscoveryWatcher' object has no attribute '_scrape_instagram_images'
2025-09-17 17:29:58,409 - ERROR - Image discovery error for instagram: 'DiscoveryWatcher' object has no attribute '_scrape_instagram_images'
2025-09-17 17:29:58,410 - ERROR - Image discovery error for instagram: 'DiscoveryWatcher' object has no attribute '_scrape_instagram_images'
2025-09-17 17:29:58,410 - ERROR - Image discovery error for instagram: 'DiscoveryWatcher' object has no attribute '_scrape_instagram_images'
2025-09-17 17:47:09,422 - ERROR - Web search failure (google_news): Couldn't find a tree builder with the features you requested: xml. Do you need to install a parser library?
2025-09-17 17:47:09,438 - ERROR - Web search failure (google_news): Couldn't find a tree builder with the features you requested: xml. Do you need to install a parser library?
2025-09-17 17:47:09,458 - ERROR - Web search failure (google_news): Couldn't find a tree builder with the features you requested: xml. Do you need to install a parser library?
2025-09-17 17:47:09,481 - ERROR - Web search failure (google_news): Couldn't find a tree builder with the features you requested: xml. Do you need to install a parser library?
2025-09-17 17:47:09,487 - ERROR - Web search failure (google_news): Couldn't find a tree builder with the features you requested: xml. Do you need to install a parser library?
2025-09-17 17:47:09,514 - ERROR - Web search failure (google_news): Couldn't find a tree builder with the features you requested: xml. Do you need to install a parser library?
2025-09-17 17:47:09,531 - ERROR - Web search failure (google_news): Couldn't find a tree builder with the features you requested: xml. Do you need to install a parser library?
2025-09-17 17:47:09,545 - ERROR - Web search failure (google_news): Couldn't find a tree builder with the features you requested: xml. Do you need to install a parser library?
2025-09-17 17:47:09,555 - ERROR - Web search failure (google_news): Couldn't find a tree builder with the features you requested: xml. Do you need to install a parser library?
2025-09-17 17:47:09,598 - ERROR - Web search failure (google_news): Couldn't find a tree builder with the features you requested: xml. Do you need to install a parser library?
2025-09-17 17:47:09,607 - ERROR - Web search failure (google_news): Couldn't find a tree builder with the features you requested: xml. Do you need to install a parser library?
2025-09-17 17:47:09,636 - ERROR - Web search failure (google_news): Couldn't find a tree builder with the features you requested: xml. Do you need to install a parser library?
2025-09-17 17:47:09,641 - ERROR - Web search failure (google_news): Couldn't find a tree builder with the features you requested: xml. Do you need to install a parser library?
2025-09-17 17:47:09,646 - ERROR - Web search failure (google_news): Couldn't find a tree builder with the features you requested: xml. Do you need to install a parser library?
2025-09-17 17:47:09,669 - ERROR - Web search failure (google_news): Couldn't find a tree builder with the features you requested: xml. Do you need to install a parser library?
2025-09-17 17:47:09,692 - ERROR - Web search failure (google_news): Couldn't find a tree builder with the features you requested: xml. Do you need to install a parser library?
2025-09-17 17:47:09,702 - ERROR - Web search failure (google_news): Couldn't find a tree builder with the features you requested: xml. Do you need to install a parser library?
2025-09-17 17:47:09,711 - ERROR - Web search failure (google_news): Couldn't find a tree builder with the features you requested: xml. Do you need to install a parser library?
2025-09-17 17:47:09,761 - ERROR - Web search failure (google_news): Couldn't find a tree builder with the features you requested: xml. Do you need to install a parser library?
2025-09-17 17:47:09,766 - ERROR - Web search failure (google_news): Couldn't find a tree builder with the features you requested: xml. Do you need to install a parser library?
2025-09-17 17:47:09,956 - ERROR - Web search failure (google_news): Couldn't find a tree builder with the features you requested: xml. Do you need to install a parser library?
2025-09-17 17:47:09,956 - ERROR - Web search failure (google_news): Couldn't find a tree builder with the features you requested: xml. Do you need to install a parser library?
2025-09-17 17:47:10,020 - ERROR - Web search failure (google_news): Couldn't find a tree builder with the features you requested: xml. Do you need to install a parser library?
2025-09-17 17:47:10,421 - ERROR - Web search failure (google_news): Couldn't find a tree builder with the features you requested: xml. Do you need to install a parser library?
2025-09-17 17:47:15,043 - ERROR - Error monitoring twitter: 'DiscoveryWatcher' object has no attribute '_get_social_search_url'
2025-09-17 17:47:15,047 - ERROR - Error monitoring facebook: 'DiscoveryWatcher' object has no attribute '_get_social_search_url'
2025-09-17 17:47:15,050 - ERROR - Error monitoring instagram: 'DiscoveryWatcher' object has no attribute '_get_social_search_url'
2025-09-17 17:47:15,052 - ERROR - Error monitoring linkedin: 'DiscoveryWatcher' object has no attribute '_get_social_search_url'
2025-09-17 17:47:30,607 - ERROR - Image discovery error for twitter: 'DiscoveryWatcher' object has no attribute '_scrape_twitter_images'
2025-09-17 17:47:30,608 - ERROR - Image discovery error for twitter: 'DiscoveryWatcher' object has no attribute '_scrape_twitter_images'
2025-09-17 17:47:30,609 - ERROR - Image discovery error for twitter: 'DiscoveryWatcher' object has no attribute '_scrape_twitter_images'
2025-09-17 17:47:30,609 - ERROR - Image discovery error for twitter: 'DiscoveryWatcher' object has no attribute '_scrape_twitter_images'
2025-09-17 17:47:30,610 - ERROR - Image discovery error for twitter: 'DiscoveryWatcher' object has no attribute '_scrape_twitter_images'
2025-09-17 17:47:30,610 - ERROR - Image discovery error for twitter: 'DiscoveryWatcher' object has no attribute '_scrape_twitter_images'
2025-09-17 17:47:30,611 - ERROR - Image discovery error for twitter: 'DiscoveryWatcher' object has no attribute '_scrape_twitter_images'
2025-09-17 17:47:30,611 - ERROR - Image discovery error for twitter: 'DiscoveryWatcher' object has no attribute '_scrape_twitter_images'
2025-09-17 17:47:30,612 - ERROR - Image discovery error for twitter: 'DiscoveryWatcher' object has no attribute '_scrape_twitter_images'
2025-09-17 17:47:30,613 - ERROR - Image discovery error for twitter: 'DiscoveryWatcher' object has no attribute '_scrape_twitter_images'
2025-09-17 17:47:30,613 - ERROR - Image discovery error for twitter: 'DiscoveryWatcher' object has no attribute '_scrape_twitter_images'
2025-09-17 17:47:30,615 - ERROR - Image discovery error for twitter: 'DiscoveryWatcher' object has no attribute '_scrape_twitter_images'
2025-09-17 17:47:30,616 - ERROR - Image discovery error for twitter: 'DiscoveryWatcher' object has no attribute '_scrape_twitter_images'
2025-09-17 17:47:30,617 - ERROR - Image discovery error for twitter: 'DiscoveryWatcher' object has no attribute '_scrape_twitter_images'
2025-09-17 17:47:30,617 - ERROR - Image discovery error for twitter: 'DiscoveryWatcher' object has no attribute '_scrape_twitter_images'
2025-09-17 17:47:30,618 - ERROR - Image discovery error for twitter: 'DiscoveryWatcher' object has no attribute '_scrape_twitter_images'
2025-09-17 17:47:30,619 - ERROR - Image discovery error for twitter: 'DiscoveryWatcher' object has no attribute '_scrape_twitter_images'
2025-09-17 17:47:30,619 - ERROR - Image discovery error for twitter: 'DiscoveryWatcher' object has no attribute '_scrape_twitter_images'
2025-09-17 17:47:30,620 - ERROR - Image discovery error for twitter: 'DiscoveryWatcher' object has no attribute '_scrape_twitter_images'
2025-09-17 17:47:30,621 - ERROR - Image discovery error for twitter: 'DiscoveryWatcher' object has no attribute '_scrape_twitter_images'
2025-09-17 17:47:30,621 - ERROR - Image discovery error for twitter: 'DiscoveryWatcher' object has no attribute '_scrape_twitter_images'
2025-09-17 17:47:30,622 - ERROR - Image discovery error for twitter: 'DiscoveryWatcher' object has no attribute '_scrape_twitter_images'
2025-09-17 17:47:30,623 - ERROR - Image discovery error for twitter: 'DiscoveryWatcher' object has no attribute '_scrape_twitter_images'
2025-09-17 17:47:30,624 - ERROR - Image discovery error for twitter: 'DiscoveryWatcher' object has no attribute '_scrape_twitter_images'
2025-09-17 17:47:30,624 - ERROR - Image discovery error for twitter: 'DiscoveryWatcher' object has no attribute '_scrape_twitter_images'
2025-09-17 17:47:30,625 - ERROR - Image discovery error for twitter: 'DiscoveryWatcher' object has no attribute '_scrape_twitter_images'
2025-09-17 17:47:30,626 - ERROR - Image discovery error for twitter: 'DiscoveryWatcher' object has no attribute '_scrape_twitter_images'
2025-09-17 17:47:30,627 - ERROR - Image discovery error for twitter: 'DiscoveryWatcher' object has no attribute '_scrape_twitter_images'
2025-09-17 17:47:30,630 - ERROR - Image discovery error for instagram: 'DiscoveryWatcher' object has no attribute '_scrape_instagram_images'
2025-09-17 17:47:30,631 - ERROR - Image discovery error for instagram: 'DiscoveryWatcher' object has no attribute '_scrape_instagram_images'
2025-09-17 17:47:30,632 - ERROR - Image discovery error for instagram: 'DiscoveryWatcher' object has no attribute '_scrape_instagram_images'
2025-09-17 17:47:30,632 - ERROR - Image discovery error for instagram: 'DiscoveryWatcher' object has no attribute '_scrape_instagram_images'
2025-09-17 17:47:30,633 - ERROR - Image discovery error for instagram: 'DiscoveryWatcher' object has no attribute '_scrape_instagram_images'
2025-09-17 17:47:30,634 - ERROR - Image discovery error for instagram: 'DiscoveryWatcher' object has no attribute '_scrape_instagram_images'
2025-09-17 17:47:30,635 - ERROR - Image discovery error for instagram: 'DiscoveryWatcher' object has no attribute '_scrape_instagram_images'
2025-09-17 17:47:30,635 - ERROR - Image discovery error for instagram: 'DiscoveryWatcher' object has no attribute '_scrape_instagram_images'
2025-09-17 17:47:30,636 - ERROR - Image discovery error for instagram: 'DiscoveryWatcher' object has no attribute '_scrape_instagram_images'
2025-09-17 17:47:30,637 - ERROR - Image discovery error for instagram: 'DiscoveryWatcher' object has no attribute '_scrape_instagram_images'
2025-09-17 17:47:30,638 - ERROR - Image discovery error for instagram: 'DiscoveryWatcher' object has no attribute '_scrape_instagram_images'
2025-09-17 17:47:30,639 - ERROR - Image discovery error for instagram: 'DiscoveryWatcher' object has no attribute '_scrape_instagram_images'
2025-09-17 17:47:30,640 - ERROR - Image discovery error for instagram: 'DiscoveryWatcher' object has no attribute '_scrape_instagram_images'
2025-09-17 17:47:30,642 - ERROR - Image discovery error for instagram: 'DiscoveryWatcher' object has no attribute '_scrape_instagram_images'
2025-09-17 17:47:30,645 - ERROR - Image discovery error for instagram: 'DiscoveryWatcher' object has no attribute '_scrape_instagram_images'
2025-09-17 17:47:30,647 - ERROR - Image discovery error for instagram: 'DiscoveryWatcher' object has no attribute '_scrape_instagram_images'
2025-09-17 17:47:30,648 - ERROR - Image discovery error for instagram: 'DiscoveryWatcher' object has no attribute '_scrape_instagram_images'
2025-09-17 17:47:30,649 - ERROR - Image discovery error for instagram: 'DiscoveryWatcher' object has no attribute '_scrape_instagram_images'
2025-09-17 17:47:30,651 - ERROR - Image discovery error for instagram: 'DiscoveryWatcher' object has no attribute '_scrape_instagram_images'
2025-09-17 17:47:30,653 - ERROR - Image discovery error for instagram: 'DiscoveryWatcher' object has no attribute '_scrape_instagram_images'
2025-09-17 17:47:30,655 - ERROR - Image discovery error for instagram: 'DiscoveryWatcher' object has no attribute '_scrape_instagram_images'
2025-09-17 17:47:30,656 - ERROR - Image discovery error for instagram: 'DiscoveryWatcher' object has no attribute '_scrape_instagram_images'
2025-09-17 17:47:30,656 - ERROR - Image discovery error for instagram: 'DiscoveryWatcher' object has no attribute '_scrape_instagram_images'
2025-09-17 17:47:30,657 - ERROR - Image discovery error for instagram: 'DiscoveryWatcher' object has no attribute '_scrape_instagram_images'
2025-09-17 17:47:30,659 - ERROR - Image discovery error for instagram: 'DiscoveryWatcher' object has no attribute '_scrape_instagram_images'
2025-09-17 17:47:30,660 - ERROR - Image discovery error for instagram: 'DiscoveryWatcher' object has no attribute '_scrape_instagram_images'
2025-09-17 17:47:30,661 - ERROR - Image discovery error for instagram: 'DiscoveryWatcher' object has no attribute '_scrape_instagram_images'
2025-09-17 17:47:30,661 - ERROR - Image discovery error for instagram: 'DiscoveryWatcher' object has no attribute '_scrape_instagram_images'
2025-09-18 16:15:04,598 - ERROR - Error monitoring twitter: 'DiscoveryWatcher' object has no attribute '_get_social_search_url'
2025-09-18 16:15:04,600 - ERROR - Error monitoring facebook: 'DiscoveryWatcher' object has no attribute '_get_social_search_url'
2025-09-18 16:15:04,621 - ERROR - Error monitoring instagram: 'DiscoveryWatcher' object has no attribute '_get_social_search_url'
2025-09-18 16:15:04,622 - ERROR - Error monitoring linkedin: 'DiscoveryWatcher' object has no attribute '_get_social_search_url'
2025-09-18 16:15:05,991 - ERROR - Web search failure (google_news): Couldn't find a tree builder with the features you requested: xml. Do you need to install a parser library?
2025-09-18 16:15:06,010 - ERROR - Web search failure (google_news): Couldn't find a tree builder with the features you requested: xml. Do you need to install a parser library?
2025-09-18 16:15:06,032 - ERROR - Web search failure (google_news): Couldn't find a tree builder with the features you requested: xml. Do you need to install a parser library?
2025-09-18 16:15:06,051 - ERROR - Web search failure (google_news): Couldn't find a tree builder with the features you requested: xml. Do you need to install a parser library?
2025-09-18 16:15:06,058 - ERROR - Web search failure (google_news): Couldn't find a tree builder with the features you requested: xml. Do you need to install a parser library?
2025-09-18 16:15:06,067 - ERROR - Web search failure (google_news): Couldn't find a tree builder with the features you requested: xml. Do you need to install a parser library?
2025-09-18 16:15:06,068 - ERROR - Web search failure (google_news): Couldn't find a tree builder with the features you requested: xml. Do you need to install a parser library?
2025-09-18 16:15:06,129 - ERROR - Web search failure (google_news): Couldn't find a tree builder with the features you requested: xml. Do you need to install a parser library?
2025-09-18 16:15:06,130 - ERROR - Web search failure (google_news): Couldn't find a tree builder with the features you requested: xml. Do you need to install a parser library?
2025-09-18 16:15:06,130 - ERROR - Web search failure (google_news): Couldn't find a tree builder with the features you requested: xml. Do you need to install a parser library?
2025-09-18 16:15:06,146 - ERROR - Web search failure (google_news): Couldn't find a tree builder with the features you requested: xml. Do you need to install a parser library?
2025-09-18 16:15:06,190 - ERROR - Web search failure (google_news): Couldn't find a tree builder with the features you requested: xml. Do you need to install a parser library?
2025-09-18 16:15:06,193 - ERROR - Web search failure (google_news): Couldn't find a tree builder with the features you requested: xml. Do you need to install a parser library?
2025-09-18 16:15:06,198 - ERROR - Web search failure (google_news): Couldn't find a tree builder with the features you requested: xml. Do you need to install a parser library?
2025-09-18 16:15:06,201 - ERROR - Web search failure (google_news): Couldn't find a tree builder with the features you requested: xml. Do you need to install a parser library?
2025-09-18 16:15:06,249 - ERROR - Web search failure (google_news): Couldn't find a tree builder with the features you requested: xml. Do you need to install a parser library?
2025-09-18 16:15:06,254 - ERROR - Web search failure (google_news): Couldn't find a tree builder with the features you requested: xml. Do you need to install a parser library?
2025-09-18 16:15:06,263 - ERROR - Web search failure (google_news): Couldn't find a tree builder with the features you requested: xml. Do you need to install a parser library?
2025-09-18 16:15:06,290 - ERROR - Web search failure (google_news): Couldn't find a tree builder with the features you requested: xml. Do you need to install a parser library?
2025-09-18 16:15:06,382 - ERROR - Web search failure (google_news): Couldn't find a tree builder with the features you requested: xml. Do you need to install a parser library?
2025-09-18 16:15:06,517 - ERROR - Web search failure (google_news): Couldn't find a tree builder with the features you requested: xml. Do you need to install a parser library?
2025-09-18 16:15:06,518 - ERROR - Web search failure (google_news): Couldn't find a tree builder with the features you requested: xml. Do you need to install a parser library?
2025-09-18 16:15:06,520 - ERROR - Web search failure (google_news): Couldn't find a tree builder with the features you requested: xml. Do you need to install a parser library?
2025-09-18 16:15:06,975 - ERROR - Web search failure (google_news): Couldn't find a tree builder with the features you requested: xml. Do you need to install a parser library?
2025-09-18 16:15:27,372 - ERROR - Image discovery error for twitter: 'DiscoveryWatcher' object has no attribute '_scrape_twitter_images'
2025-09-18 16:15:27,373 - ERROR - Image discovery error for twitter: 'DiscoveryWatcher' object has no attribute '_scrape_twitter_images'
2025-09-18 16:15:27,374 - ERROR - Image discovery error for twitter: 'DiscoveryWatcher' object has no attribute '_scrape_twitter_images'
2025-09-18 16:15:27,374 - ERROR - Image discovery error for twitter: 'DiscoveryWatcher' object has no attribute '_scrape_twitter_images'
2025-09-18 16:15:27,375 - ERROR - Image discovery error for twitter: 'DiscoveryWatcher' object has no attribute '_scrape_twitter_images'
2025-09-18 16:15:27,376 - ERROR - Image discovery error for twitter: 'DiscoveryWatcher' object has no attribute '_scrape_twitter_images'
2025-09-18 16:15:27,376 - ERROR - Image discovery error for twitter: 'DiscoveryWatcher' object has no attribute '_scrape_twitter_images'
2025-09-18 16:15:27,377 - ERROR - Image discovery error for twitter: 'DiscoveryWatcher' object has no attribute '_scrape_twitter_images'
2025-09-18 16:15:27,378 - ERROR - Image discovery error for twitter: 'DiscoveryWatcher' object has no attribute '_scrape_twitter_images'
2025-09-18 16:15:27,379 - ERROR - Image discovery error for twitter: 'DiscoveryWatcher' object has no attribute '_scrape_twitter_images'
2025-09-18 16:15:27,381 - ERROR - Image discovery error for twitter: 'DiscoveryWatcher' object has no attribute '_scrape_twitter_images'
2025-09-18 16:15:27,383 - ERROR - Image discovery error for twitter: 'DiscoveryWatcher' object has no attribute '_scrape_twitter_images'
2025-09-18 16:15:27,384 - ERROR - Image discovery error for twitter: 'DiscoveryWatcher' object has no attribute '_scrape_twitter_images'
2025-09-18 16:15:27,384 - ERROR - Image discovery error for twitter: 'DiscoveryWatcher' object has no attribute '_scrape_twitter_images'
2025-09-18 16:15:27,385 - ERROR - Image discovery error for twitter: 'DiscoveryWatcher' object has no attribute '_scrape_twitter_images'
2025-09-18 16:15:27,385 - ERROR - Image discovery error for twitter: 'DiscoveryWatcher' object has no attribute '_scrape_twitter_images'
2025-09-18 16:15:27,386 - ERROR - Image discovery error for twitter: 'DiscoveryWatcher' object has no attribute '_scrape_twitter_images'
2025-09-18 16:15:27,387 - ERROR - Image discovery error for twitter: 'DiscoveryWatcher' object has no attribute '_scrape_twitter_images'
2025-09-18 16:15:27,387 - ERROR - Image discovery error for twitter: 'DiscoveryWatcher' object has no attribute '_scrape_twitter_images'
2025-09-18 16:15:27,388 - ERROR - Image discovery error for twitter: 'DiscoveryWatcher' object has no attribute '_scrape_twitter_images'
2025-09-18 16:15:27,389 - ERROR - Image discovery error for twitter: 'DiscoveryWatcher' object has no attribute '_scrape_twitter_images'
2025-09-18 16:15:27,390 - ERROR - Image discovery error for twitter: 'DiscoveryWatcher' object has no attribute '_scrape_twitter_images'
2025-09-18 16:15:27,391 - ERROR - Image discovery error for twitter: 'DiscoveryWatcher' object has no attribute '_scrape_twitter_images'
2025-09-18 16:15:27,391 - ERROR - Image discovery error for twitter: 'DiscoveryWatcher' object has no attribute '_scrape_twitter_images'
2025-09-18 16:15:27,392 - ERROR - Image discovery error for twitter: 'DiscoveryWatcher' object has no attribute '_scrape_twitter_images'
2025-09-18 16:15:27,393 - ERROR - Image discovery error for twitter: 'DiscoveryWatcher' object has no attribute '_scrape_twitter_images'
2025-09-18 16:15:27,394 - ERROR - Image discovery error for twitter: 'DiscoveryWatcher' object has no attribute '_scrape_twitter_images'
2025-09-18 16:15:27,395 - ERROR - Image discovery error for twitter: 'DiscoveryWatcher' object has no attribute '_scrape_twitter_images'
2025-09-18 16:15:27,395 - ERROR - Image discovery error for instagram: 'DiscoveryWatcher' object has no attribute '_scrape_instagram_images'
2025-09-18 16:15:27,396 - ERROR - Image discovery error for instagram: 'DiscoveryWatcher' object has no attribute '_scrape_instagram_images'
2025-09-18 16:15:27,397 - ERROR - Image discovery error for instagram: 'DiscoveryWatcher' object has no attribute '_scrape_instagram_images'
2025-09-18 16:15:27,398 - ERROR - Image discovery error for instagram: 'DiscoveryWatcher' object has no attribute '_scrape_instagram_images'
2025-09-18 16:15:27,398 - ERROR - Image discovery error for instagram: 'DiscoveryWatcher' object has no attribute '_scrape_instagram_images'
2025-09-18 16:15:27,399 - ERROR - Image discovery error for instagram: 'DiscoveryWatcher' object has no attribute '_scrape_instagram_images'
2025-09-18 16:15:27,400 - ERROR - Image discovery error for instagram: 'DiscoveryWatcher' object has no attribute '_scrape_instagram_images'
2025-09-18 16:15:27,400 - ERROR - Image discovery error for instagram: 'DiscoveryWatcher' object has no attribute '_scrape_instagram_images'
2025-09-18 16:15:27,401 - ERROR - Image discovery error for instagram: 'DiscoveryWatcher' object has no attribute '_scrape_instagram_images'
2025-09-18 16:15:27,402 - ERROR - Image discovery error for instagram: 'DiscoveryWatcher' object has no attribute '_scrape_instagram_images'
2025-09-18 16:15:27,403 - ERROR - Image discovery error for instagram: 'DiscoveryWatcher' object has no attribute '_scrape_instagram_images'
2025-09-18 16:15:27,403 - ERROR - Image discovery error for instagram: 'DiscoveryWatcher' object has no attribute '_scrape_instagram_images'
2025-09-18 16:15:27,404 - ERROR - Image discovery error for instagram: 'DiscoveryWatcher' object has no attribute '_scrape_instagram_images'
2025-09-18 16:15:27,405 - ERROR - Image discovery error for instagram: 'DiscoveryWatcher' object has no attribute '_scrape_instagram_images'
2025-09-18 16:15:27,406 - ERROR - Image discovery error for instagram: 'DiscoveryWatcher' object has no attribute '_scrape_instagram_images'
2025-09-18 16:15:27,406 - ERROR - Image discovery error for instagram: 'DiscoveryWatcher' object has no attribute '_scrape_instagram_images'
2025-09-18 16:15:27,407 - ERROR - Image discovery error for instagram: 'DiscoveryWatcher' object has no attribute '_scrape_instagram_images'
2025-09-18 16:15:27,408 - ERROR - Image discovery error for instagram: 'DiscoveryWatcher' object has no attribute '_scrape_instagram_images'
2025-09-18 16:15:27,409 - ERROR - Image discovery error for instagram: 'DiscoveryWatcher' object has no attribute '_scrape_instagram_images'
2025-09-18 16:15:27,409 - ERROR - Image discovery error for instagram: 'DiscoveryWatcher' object has no attribute '_scrape_instagram_images'
2025-09-18 16:15:27,410 - ERROR - Image discovery error for instagram: 'DiscoveryWatcher' object has no attribute '_scrape_instagram_images'
2025-09-18 16:15:27,411 - ERROR - Image discovery error for instagram: 'DiscoveryWatcher' object has no attribute '_scrape_instagram_images'
2025-09-18 16:15:27,412 - ERROR - Image discovery error for instagram: 'DiscoveryWatcher' object has no attribute '_scrape_instagram_images'
2025-09-18 16:15:27,412 - ERROR - Image discovery error for instagram: 'DiscoveryWatcher' object has no attribute '_scrape_instagram_images'
2025-09-18 16:15:27,413 - ERROR - Image discovery error for instagram: 'DiscoveryWatcher' object has no attribute '_scrape_instagram_images'
2025-09-18 16:15:27,414 - ERROR - Image discovery error for instagram: 'DiscoveryWatcher' object has no attribute '_scrape_instagram_images'
2025-09-18 16:15:27,415 - ERROR - Image discovery error for instagram: 'DiscoveryWatcher' object has no attribute '_scrape_instagram_images'
2025-09-18 16:15:27,416 - ERROR - Image discovery error for instagram: 'DiscoveryWatcher' object has no attribute '_scrape_instagram_images'
2025-09-18 16:51:27,546 - ERROR - Error monitoring CT logs: HTTPSConnectionPool(host='crt.sh', port=443): Max retries exceeded with url: /?q=%25tuwaiq+%2C+%D8%B7%D9%88%D9%8A%D9%82%25&output=json (Caused by ConnectTimeoutError(<urllib3.connection.HTTPSConnection object at 0x000001E0CE333910>, 'Connection to crt.sh timed out. (connect timeout=30)'))
2025-09-18 16:51:29,749 - ERROR - Web search failure (google_news): Couldn't find a tree builder with the features you requested: xml. Do you need to install a parser library?
2025-09-18 16:51:29,760 - ERROR - Web search failure (google_news): Couldn't find a tree builder with the features you requested: xml. Do you need to install a parser library?
2025-09-18 16:51:29,834 - ERROR - Web search failure (google_news): Couldn't find a tree builder with the features you requested: xml. Do you need to install a parser library?
2025-09-18 16:51:29,846 - ERROR - Web search failure (google_news): Couldn't find a tree builder with the features you requested: xml. Do you need to install a parser library?
2025-09-18 16:51:29,867 - ERROR - Web search failure (google_news): Couldn't find a tree builder with the features you requested: xml. Do you need to install a parser library?
2025-09-18 16:51:29,897 - ERROR - Web search failure (google_news): Couldn't find a tree builder with the features you requested: xml. Do you need to install a parser library?
2025-09-18 16:51:29,905 - ERROR - Web search failure (google_news): Couldn't find a tree builder with the features you requested: xml. Do you need to install a parser library?
2025-09-18 16:51:29,913 - ERROR - Web search failure (google_news): Couldn't find a tree builder with the features you requested: xml. Do you need to install a parser library?
2025-09-18 16:51:29,953 - ERROR - Web search failure (google_news): Couldn't find a tree builder with the features you requested: xml. Do you need to install a parser library?
2025-09-18 16:51:29,975 - ERROR - Web search failure (google_news): Couldn't find a tree builder with the features you requested: xml. Do you need to install a parser library?
2025-09-18 16:51:29,984 - ERROR - Web search failure (google_news): Couldn't find a tree builder with the features you requested: xml. Do you need to install a parser library?
2025-09-18 16:51:30,006 - ERROR - Web search failure (google_news): Couldn't find a tree builder with the features you requested: xml. Do you need to install a parser library?
2025-09-18 16:51:30,015 - ERROR - Web search failure (google_news): Couldn't find a tree builder with the features you requested: xml. Do you need to install a parser library?
2025-09-18 16:51:30,024 - ERROR - Web search failure (google_news): Couldn't find a tree builder with the features you requested: xml. Do you need to install a parser library?
2025-09-18 16:51:30,030 - ERROR - Web search failure (google_news): Couldn't find a tree builder with the features you requested: xml. Do you need to install a parser library?
2025-09-18 16:51:30,063 - ERROR - Web search failure (google_news): Couldn't find a tree builder with the features you requested: xml. Do you need to install a parser library?
2025-09-18 16:51:30,063 - ERROR - Web search failure (google_news): Couldn't find a tree builder with the features you requested: xml. Do you need to install a parser library?
2025-09-18 16:51:30,078 - ERROR - Web search failure (google_news): Couldn't find a tree builder with the features you requested: xml. Do you need to install a parser library?
2025-09-18 16:51:30,097 - ERROR - Web search failure (google_news): Couldn't find a tree builder with the features you requested: xml. Do you need to install a parser library?
2025-09-18 16:51:30,229 - ERROR - Web search failure (google_news): Couldn't find a tree builder with the features you requested: xml. Do you need to install a parser library?
2025-09-18 16:51:30,276 - ERROR - Web search failure (google_news): Couldn't find a tree builder with the features you requested: xml. Do you need to install a parser library?
2025-09-18 16:51:30,415 - ERROR - Web search failure (google_news): Couldn't find a tree builder with the features you requested: xml. Do you need to install a parser library?
2025-09-18 16:51:30,425 - ERROR - Web search failure (google_news): Couldn't find a tree builder with the features you requested: xml. Do you need to install a parser library?
2025-09-18 16:51:30,426 - ERROR - Web search failure (google_news): Couldn't find a tree builder with the features you requested: xml. Do you need to install a parser library?
2025-09-18 16:51:34,644 - ERROR - Error monitoring twitter: 'DiscoveryWatcher' object has no attribute '_get_social_search_url'
2025-09-18 16:51:34,675 - ERROR - Error monitoring facebook: 'DiscoveryWatcher' object has no attribute '_get_social_search_url'
2025-09-18 16:51:34,678 - ERROR - Error monitoring instagram: 'DiscoveryWatcher' object has no attribute '_get_social_search_url'
2025-09-18 16:51:34,680 - ERROR - Error monitoring linkedin: 'DiscoveryWatcher' object has no attribute '_get_social_search_url'
2025-09-18 16:51:52,635 - ERROR - Image discovery error for twitter: 'DiscoveryWatcher' object has no attribute '_scrape_twitter_images'
2025-09-18 16:51:52,643 - ERROR - Image discovery error for twitter: 'DiscoveryWatcher' object has no attribute '_scrape_twitter_images'
2025-09-18 16:51:52,645 - ERROR - Image discovery error for twitter: 'DiscoveryWatcher' object has no attribute '_scrape_twitter_images'
2025-09-18 16:51:52,649 - ERROR - Image discovery error for twitter: 'DiscoveryWatcher' object has no attribute '_scrape_twitter_images'
2025-09-18 16:51:52,651 - ERROR - Image discovery error for twitter: 'DiscoveryWatcher' object has no attribute '_scrape_twitter_images'
2025-09-18 16:51:52,654 - ERROR - Image discovery error for twitter: 'DiscoveryWatcher' object has no attribute '_scrape_twitter_images'
2025-09-18 16:51:52,655 - ERROR - Image discovery error for twitter: 'DiscoveryWatcher' object has no attribute '_scrape_twitter_images'
2025-09-18 16:51:52,656 - ERROR - Image discovery error for twitter: 'DiscoveryWatcher' object has no attribute '_scrape_twitter_images'
2025-09-18 16:51:52,657 - ERROR - Image discovery error for twitter: 'DiscoveryWatcher' object has no attribute '_scrape_twitter_images'
2025-09-18 16:51:52,658 - ERROR - Image discovery error for twitter: 'DiscoveryWatcher' object has no attribute '_scrape_twitter_images'
2025-09-18 16:51:52,658 - ERROR - Image discovery error for twitter: 'DiscoveryWatcher' object has no attribute '_scrape_twitter_images'
2025-09-18 16:51:52,659 - ERROR - Image discovery error for twitter: 'DiscoveryWatcher' object has no attribute '_scrape_twitter_images'
2025-09-18 16:51:52,660 - ERROR - Image discovery error for twitter: 'DiscoveryWatcher' object has no attribute '_scrape_twitter_images'
2025-09-18 16:51:52,660 - ERROR - Image discovery error for twitter: 'DiscoveryWatcher' object has no attribute '_scrape_twitter_images'
2025-09-18 16:51:52,661 - ERROR - Image discovery error for twitter: 'DiscoveryWatcher' object has no attribute '_scrape_twitter_images'
2025-09-18 16:51:52,661 - ERROR - Image discovery error for twitter: 'DiscoveryWatcher' object has no attribute '_scrape_twitter_images'
2025-09-18 16:51:52,663 - ERROR - Image discovery error for twitter: 'DiscoveryWatcher' object has no attribute '_scrape_twitter_images'
2025-09-18 16:51:52,668 - ERROR - Image discovery error for twitter: 'DiscoveryWatcher' object has no attribute '_scrape_twitter_images'
2025-09-18 16:51:52,669 - ERROR - Image discovery error for twitter: 'DiscoveryWatcher' object has no attribute '_scrape_twitter_images'
2025-09-18 16:51:52,670 - ERROR - Image discovery error for twitter: 'DiscoveryWatcher' object has no attribute '_scrape_twitter_images'
2025-09-18 16:51:52,671 - ERROR - Image discovery error for twitter: 'DiscoveryWatcher' object has no attribute '_scrape_twitter_images'
2025-09-18 16:51:52,672 - ERROR - Image discovery error for twitter: 'DiscoveryWatcher' object has no attribute '_scrape_twitter_images'
2025-09-18 16:51:52,672 - ERROR - Image discovery error for twitter: 'DiscoveryWatcher' object has no attribute '_scrape_twitter_images'
2025-09-18 16:51:52,673 - ERROR - Image discovery error for twitter: 'DiscoveryWatcher' object has no attribute '_scrape_twitter_images'
2025-09-18 16:51:52,674 - ERROR - Image discovery error for twitter: 'DiscoveryWatcher' object has no attribute '_scrape_twitter_images'
2025-09-18 16:51:52,674 - ERROR - Image discovery error for twitter: 'DiscoveryWatcher' object has no attribute '_scrape_twitter_images'
2025-09-18 16:51:52,675 - ERROR - Image discovery error for twitter: 'DiscoveryWatcher' object has no attribute '_scrape_twitter_images'
2025-09-18 16:51:52,675 - ERROR - Image discovery error for twitter: 'DiscoveryWatcher' object has no attribute '_scrape_twitter_images'
2025-09-18 16:51:52,676 - ERROR - Image discovery error for instagram: 'DiscoveryWatcher' object has no attribute '_scrape_instagram_images'
2025-09-18 16:51:52,677 - ERROR - Image discovery error for instagram: 'DiscoveryWatcher' object has no attribute '_scrape_instagram_images'
2025-09-18 16:51:52,677 - ERROR - Image discovery error for instagram: 'DiscoveryWatcher' object has no attribute '_scrape_instagram_images'
2025-09-18 16:51:52,678 - ERROR - Image discovery error for instagram: 'DiscoveryWatcher' object has no attribute '_scrape_instagram_images'
2025-09-18 16:51:52,679 - ERROR - Image discovery error for instagram: 'DiscoveryWatcher' object has no attribute '_scrape_instagram_images'
2025-09-18 16:51:52,679 - ERROR - Image discovery error for instagram: 'DiscoveryWatcher' object has no attribute '_scrape_instagram_images'
2025-09-18 16:51:52,680 - ERROR - Image discovery error for instagram: 'DiscoveryWatcher' object has no attribute '_scrape_instagram_images'
2025-09-18 16:51:52,680 - ERROR - Image discovery error for instagram: 'DiscoveryWatcher' object has no attribute '_scrape_instagram_images'
2025-09-18 16:51:52,681 - ERROR - Image discovery error for instagram: 'DiscoveryWatcher' object has no attribute '_scrape_instagram_images'
2025-09-18 16:51:52,682 - ERROR - Image discovery error for instagram: 'DiscoveryWatcher' object has no attribute '_scrape_instagram_images'
2025-09-18 16:51:52,683 - ERROR - Image discovery error for instagram: 'DiscoveryWatcher' object has no attribute '_scrape_instagram_images'
2025-09-18 16:51:52,684 - ERROR - Image discovery error for instagram: 'DiscoveryWatcher' object has no attribute '_scrape_instagram_images'
2025-09-18 16:51:52,685 - ERROR - Image discovery error for instagram: 'DiscoveryWatcher' object has no attribute '_scrape_instagram_images'
2025-09-18 16:51:52,685 - ERROR - Image discovery error for instagram: 'DiscoveryWatcher' object has no attribute '_scrape_instagram_images'
2025-09-18 16:51:52,686 - ERROR - Image discovery error for instagram: 'DiscoveryWatcher' object has no attribute '_scrape_instagram_images'
2025-09-18 16:51:52,686 - ERROR - Image discovery error for instagram: 'DiscoveryWatcher' object has no attribute '_scrape_instagram_images'
2025-09-18 16:51:52,687 - ERROR - Image discovery error for instagram: 'DiscoveryWatcher' object has no attribute '_scrape_instagram_images'
2025-09-18 16:51:52,688 - ERROR - Image discovery error for instagram: 'DiscoveryWatcher' object has no attribute '_scrape_instagram_images'
2025-09-18 16:51:52,689 - ERROR - Image discovery error for instagram: 'DiscoveryWatcher' object has no attribute '_scrape_instagram_images'
2025-09-18 16:51:52,690 - ERROR - Image discovery error for instagram: 'DiscoveryWatcher' object has no attribute '_scrape_instagram_images'
2025-09-18 16:51:52,691 - ERROR - Image discovery error for instagram: 'DiscoveryWatcher' object has no attribute '_scrape_instagram_images'
2025-09-18 16:51:52,691 - ERROR - Image discovery error for instagram: 'DiscoveryWatcher' object has no attribute '_scrape_instagram_images'
2025-09-18 16:51:52,692 - ERROR - Image discovery error for instagram: 'DiscoveryWatcher' object has no attribute '_scrape_instagram_images'
2025-09-18 16:51:52,693 - ERROR - Image discovery error for instagram: 'DiscoveryWatcher' object has no attribute '_scrape_instagram_images'
2025-09-18 16:51:52,693 - ERROR - Image discovery error for instagram: 'DiscoveryWatcher' object has no attribute '_scrape_instagram_images'
2025-09-18 16:51:52,694 - ERROR - Image discovery error for instagram: 'DiscoveryWatcher' object has no attribute '_scrape_instagram_images'
2025-09-18 16:51:52,694 - ERROR - Image discovery error for instagram: 'DiscoveryWatcher' object has no attribute '_scrape_instagram_images'
2025-09-18 16:51:52,695 - ERROR - Image discovery error for instagram: 'DiscoveryWatcher' object has no attribute '_scrape_instagram_images'
2025-09-18 17:31:26,168 - ERROR - Error monitoring CT logs: HTTPSConnectionPool(host='crt.sh', port=443): Max retries exceeded with url: /?q=%25tuwaiq+%2C+%D8%B7%D9%88%D9%8A%D9%82%25&output=json (Caused by ConnectTimeoutError(<urllib3.connection.HTTPSConnection object at 0x0000019BAE3D0990>, 'Connection to crt.sh timed out. (connect timeout=30)'))
2025-09-18 17:31:26,947 - ERROR - Error monitoring twitter: 'DiscoveryWatcher' object has no attribute '_get_social_search_url'
2025-09-18 17:31:26,953 - ERROR - Error monitoring facebook: 'DiscoveryWatcher' object has no attribute '_get_social_search_url'
2025-09-18 17:31:26,957 - ERROR - Error monitoring instagram: 'DiscoveryWatcher' object has no attribute '_get_social_search_url'
2025-09-18 17:31:26,958 - ERROR - Error monitoring linkedin: 'DiscoveryWatcher' object has no attribute '_get_social_search_url'
2025-09-18 17:31:28,502 - ERROR - Web search failure (google_news): Couldn't find a tree builder with the features you requested: xml. Do you need to install a parser library?
2025-09-18 17:31:28,505 - ERROR - Web search failure (google_news): Couldn't find a tree builder with the features you requested: xml. Do you need to install a parser library?
2025-09-18 17:31:28,514 - ERROR - Web search failure (google_news): Couldn't find a tree builder with the features you requested: xml. Do you need to install a parser library?
2025-09-18 17:31:28,565 - ERROR - Web search failure (google_news): Couldn't find a tree builder with the features you requested: xml. Do you need to install a parser library?
2025-09-18 17:31:28,599 - ERROR - Web search failure (google_news): Couldn't find a tree builder with the features you requested: xml. Do you need to install a parser library?
2025-09-18 17:31:28,611 - ERROR - Web search failure (google_news): Couldn't find a tree builder with the features you requested: xml. Do you need to install a parser library?
2025-09-18 17:31:28,618 - ERROR - Web search failure (google_news): Couldn't find a tree builder with the features you requested: xml. Do you need to install a parser library?
2025-09-18 17:31:28,634 - ERROR - Web search failure (google_news): Couldn't find a tree builder with the features you requested: xml. Do you need to install a parser library?
2025-09-18 17:31:28,635 - ERROR - Web search failure (google_news): Couldn't find a tree builder with the features you requested: xml. Do you need to install a parser library?
2025-09-18 17:31:28,644 - ERROR - Web search failure (google_news): Couldn't find a tree builder with the features you requested: xml. Do you need to install a parser library?
2025-09-18 17:31:28,647 - ERROR - Web search failure (google_news): Couldn't find a tree builder with the features you requested: xml. Do you need to install a parser library?
2025-09-18 17:31:28,670 - ERROR - Web search failure (google_news): Couldn't find a tree builder with the features you requested: xml. Do you need to install a parser library?
2025-09-18 17:31:28,671 - ERROR - Web search failure (google_news): Couldn't find a tree builder with the features you requested: xml. Do you need to install a parser library?
2025-09-18 17:31:28,675 - ERROR - Web search failure (google_news): Couldn't find a tree builder with the features you requested: xml. Do you need to install a parser library?
2025-09-18 17:31:28,679 - ERROR - Web search failure (google_news): Couldn't find a tree builder with the features you requested: xml. Do you need to install a parser library?
2025-09-18 17:31:28,699 - ERROR - Web search failure (google_news): Couldn't find a tree builder with the features you requested: xml. Do you need to install a parser library?
2025-09-18 17:31:28,713 - ERROR - Web search failure (google_news): Couldn't find a tree builder with the features you requested: xml. Do you need to install a parser library?
2025-09-18 17:31:28,753 - ERROR - Web search failure (google_news): Couldn't find a tree builder with the features you requested: xml. Do you need to install a parser library?
2025-09-18 17:31:28,825 - ERROR - Web search failure (google_news): Couldn't find a tree builder with the features you requested: xml. Do you need to install a parser library?
2025-09-18 17:31:28,891 - ERROR - Web search failure (google_news): Couldn't find a tree builder with the features you requested: xml. Do you need to install a parser library?
2025-09-18 17:31:29,068 - ERROR - Web search failure (google_news): Couldn't find a tree builder with the features you requested: xml. Do you need to install a parser library?
2025-09-18 17:31:29,077 - ERROR - Web search failure (google_news): Couldn't find a tree builder with the features you requested: xml. Do you need to install a parser library?
2025-09-18 17:31:29,086 - ERROR - Web search failure (google_news): Couldn't find a tree builder with the features you requested: xml. Do you need to install a parser library?
2025-09-18 17:31:29,610 - ERROR - Web search failure (google_news): Couldn't find a tree builder with the features you requested: xml. Do you need to install a parser library?
2025-09-18 17:31:47,658 - ERROR - Image discovery error for twitter: 'DiscoveryWatcher' object has no attribute '_scrape_twitter_images'
2025-09-18 17:31:47,659 - ERROR - Image discovery error for twitter: 'DiscoveryWatcher' object has no attribute '_scrape_twitter_images'
2025-09-18 17:31:47,660 - ERROR - Image discovery error for twitter: 'DiscoveryWatcher' object has no attribute '_scrape_twitter_images'
2025-09-18 17:31:47,661 - ERROR - Image discovery error for twitter: 'DiscoveryWatcher' object has no attribute '_scrape_twitter_images'
2025-09-18 17:31:47,661 - ERROR - Image discovery error for twitter: 'DiscoveryWatcher' object has no attribute '_scrape_twitter_images'
2025-09-18 17:31:47,662 - ERROR - Image discovery error for twitter: 'DiscoveryWatcher' object has no attribute '_scrape_twitter_images'
2025-09-18 17:31:47,663 - ERROR - Image discovery error for twitter: 'DiscoveryWatcher' object has no attribute '_scrape_twitter_images'
2025-09-18 17:31:47,663 - ERROR - Image discovery error for twitter: 'DiscoveryWatcher' object has no attribute '_scrape_twitter_images'
2025-09-18 17:31:47,664 - ERROR - Image discovery error for twitter: 'DiscoveryWatcher' object has no attribute '_scrape_twitter_images'
2025-09-18 17:31:47,665 - ERROR - Image discovery error for twitter: 'DiscoveryWatcher' object has no attribute '_scrape_twitter_images'
2025-09-18 17:31:47,666 - ERROR - Image discovery error for twitter: 'DiscoveryWatcher' object has no attribute '_scrape_twitter_images'
2025-09-18 17:31:47,667 - ERROR - Image discovery error for twitter: 'DiscoveryWatcher' object has no attribute '_scrape_twitter_images'
2025-09-18 17:31:47,667 - ERROR - Image discovery error for twitter: 'DiscoveryWatcher' object has no attribute '_scrape_twitter_images'
2025-09-18 17:31:47,668 - ERROR - Image discovery error for twitter: 'DiscoveryWatcher' object has no attribute '_scrape_twitter_images'
2025-09-18 17:31:47,668 - ERROR - Image discovery error for twitter: 'DiscoveryWatcher' object has no attribute '_scrape_twitter_images'
2025-09-18 17:31:47,669 - ERROR - Image discovery error for twitter: 'DiscoveryWatcher' object has no attribute '_scrape_twitter_images'
2025-09-18 17:31:47,670 - ERROR - Image discovery error for twitter: 'DiscoveryWatcher' object has no attribute '_scrape_twitter_images'
2025-09-18 17:31:47,670 - ERROR - Image discovery error for twitter: 'DiscoveryWatcher' object has no attribute '_scrape_twitter_images'
2025-09-18 17:31:47,671 - ERROR - Image discovery error for twitter: 'DiscoveryWatcher' object has no attribute '_scrape_twitter_images'
2025-09-18 17:31:47,672 - ERROR - Image discovery error for twitter: 'DiscoveryWatcher' object has no attribute '_scrape_twitter_images'
2025-09-18 17:31:47,673 - ERROR - Image discovery error for twitter: 'DiscoveryWatcher' object has no attribute '_scrape_twitter_images'
2025-09-18 17:31:47,673 - ERROR - Image discovery error for twitter: 'DiscoveryWatcher' object has no attribute '_scrape_twitter_images'
2025-09-18 17:31:47,674 - ERROR - Image discovery error for twitter: 'DiscoveryWatcher' object has no attribute '_scrape_twitter_images'
2025-09-18 17:31:47,675 - ERROR - Image discovery error for twitter: 'DiscoveryWatcher' object has no attribute '_scrape_twitter_images'
2025-09-18 17:31:47,675 - ERROR - Image discovery error for twitter: 'DiscoveryWatcher' object has no attribute '_scrape_twitter_images'
2025-09-18 17:31:47,676 - ERROR - Image discovery error for twitter: 'DiscoveryWatcher' object has no attribute '_scrape_twitter_images'
2025-09-18 17:31:47,679 - ERROR - Image discovery error for twitter: 'DiscoveryWatcher' object has no attribute '_scrape_twitter_images'
2025-09-18 17:31:47,679 - ERROR - Image discovery error for twitter: 'DiscoveryWatcher' object has no attribute '_scrape_twitter_images'
2025-09-18 17:31:47,680 - ERROR - Image discovery error for instagram: 'DiscoveryWatcher' object has no attribute '_scrape_instagram_images'
2025-09-18 17:31:47,680 - ERROR - Image discovery error for instagram: 'DiscoveryWatcher' object has no attribute '_scrape_instagram_images'
2025-09-18 17:31:47,681 - ERROR - Image discovery error for instagram: 'DiscoveryWatcher' object has no attribute '_scrape_instagram_images'
2025-09-18 17:31:47,682 - ERROR - Image discovery error for instagram: 'DiscoveryWatcher' object has no attribute '_scrape_instagram_images'
2025-09-18 17:31:47,683 - ERROR - Image discovery error for instagram: 'DiscoveryWatcher' object has no attribute '_scrape_instagram_images'
2025-09-18 17:31:47,683 - ERROR - Image discovery error for instagram: 'DiscoveryWatcher' object has no attribute '_scrape_instagram_images'
2025-09-18 17:31:47,684 - ERROR - Image discovery error for instagram: 'DiscoveryWatcher' object has no attribute '_scrape_instagram_images'
2025-09-18 17:31:47,685 - ERROR - Image discovery error for instagram: 'DiscoveryWatcher' object has no attribute '_scrape_instagram_images'
2025-09-18 17:31:47,685 - ERROR - Image discovery error for instagram: 'DiscoveryWatcher' object has no attribute '_scrape_instagram_images'
2025-09-18 17:31:47,686 - ERROR - Image discovery error for instagram: 'DiscoveryWatcher' object has no attribute '_scrape_instagram_images'
2025-09-18 17:31:47,687 - ERROR - Image discovery error for instagram: 'DiscoveryWatcher' object has no attribute '_scrape_instagram_images'
2025-09-18 17:31:47,687 - ERROR - Image discovery error for instagram: 'DiscoveryWatcher' object has no attribute '_scrape_instagram_images'
2025-09-18 17:31:47,688 - ERROR - Image discovery error for instagram: 'DiscoveryWatcher' object has no attribute '_scrape_instagram_images'
2025-09-18 17:31:47,689 - ERROR - Image discovery error for instagram: 'DiscoveryWatcher' object has no attribute '_scrape_instagram_images'
2025-09-18 17:31:47,690 - ERROR - Image discovery error for instagram: 'DiscoveryWatcher' object has no attribute '_scrape_instagram_images'
2025-09-18 17:31:47,691 - ERROR - Image discovery error for instagram: 'DiscoveryWatcher' object has no attribute '_scrape_instagram_images'
2025-09-18 17:31:47,692 - ERROR - Image discovery error for instagram: 'DiscoveryWatcher' object has no attribute '_scrape_instagram_images'
2025-09-18 17:31:47,692 - ERROR - Image discovery error for instagram: 'DiscoveryWatcher' object has no attribute '_scrape_instagram_images'
2025-09-18 17:31:47,693 - ERROR - Image discovery error for instagram: 'DiscoveryWatcher' object has no attribute '_scrape_instagram_images'
2025-09-18 17:31:47,694 - ERROR - Image discovery error for instagram: 'DiscoveryWatcher' object has no attribute '_scrape_instagram_images'
2025-09-18 17:31:47,696 - ERROR - Image discovery error for instagram: 'DiscoveryWatcher' object has no attribute '_scrape_instagram_images'
2025-09-18 17:31:47,696 - ERROR - Image discovery error for instagram: 'DiscoveryWatcher' object has no attribute '_scrape_instagram_images'
2025-09-18 17:31:47,697 - ERROR - Image discovery error for instagram: 'DiscoveryWatcher' object has no attribute '_scrape_instagram_images'
2025-09-18 17:31:47,698 - ERROR - Image discovery error for instagram: 'DiscoveryWatcher' object has no attribute '_scrape_instagram_images'
2025-09-18 17:31:47,698 - ERROR - Image discovery error for instagram: 'DiscoveryWatcher' object has no attribute '_scrape_instagram_images'
2025-09-18 17:31:47,699 - ERROR - Image discovery error for instagram: 'DiscoveryWatcher' object has no attribute '_scrape_instagram_images'
2025-09-18 17:31:47,699 - ERROR - Image discovery error for instagram: 'DiscoveryWatcher' object has no attribute '_scrape_instagram_images'
2025-09-18 17:31:47,700 - ERROR - Image discovery error for instagram: 'DiscoveryWatcher' object has no attribute '_scrape_instagram_images'
2025-09-18 17:38:39,792 - ERROR - Error monitoring twitter: 'DiscoveryWatcher' object has no attribute '_get_social_search_url'
2025-09-18 17:38:39,795 - ERROR - Error monitoring facebook: 'DiscoveryWatcher' object has no attribute '_get_social_search_url'
2025-09-18 17:38:39,800 - ERROR - Error monitoring instagram: 'DiscoveryWatcher' object has no attribute '_get_social_search_url'
2025-09-18 17:38:39,806 - ERROR - Error monitoring linkedin: 'DiscoveryWatcher' object has no attribute '_get_social_search_url'
2025-09-18 17:38:41,799 - ERROR - Web search failure (google_news): Couldn't find a tree builder with the features you requested: xml. Do you need to install a parser library?
2025-09-18 17:38:41,817 - ERROR - Web search failure (google_news): Couldn't find a tree builder with the features you requested: xml. Do you need to install a parser library?
2025-09-18 17:38:41,863 - ERROR - Web search failure (google_news): Couldn't find a tree builder with the features you requested: xml. Do you need to install a parser library?
2025-09-18 17:38:41,887 - ERROR - Web search failure (google_news): Couldn't find a tree builder with the features you requested: xml. Do you need to install a parser library?
2025-09-18 17:38:41,892 - ERROR - Web search failure (google_news): Couldn't find a tree builder with the features you requested: xml. Do you need to install a parser library?
2025-09-18 17:38:41,907 - ERROR - Web search failure (google_news): Couldn't find a tree builder with the features you requested: xml. Do you need to install a parser library?
2025-09-18 17:38:41,916 - ERROR - Web search failure (google_news): Couldn't find a tree builder with the features you requested: xml. Do you need to install a parser library?
2025-09-18 17:38:41,921 - ERROR - Web search failure (google_news): Couldn't find a tree builder with the features you requested: xml. Do you need to install a parser library?
2025-09-18 17:38:41,931 - ERROR - Web search failure (google_news): Couldn't find a tree builder with the features you requested: xml. Do you need to install a parser library?
2025-09-18 17:38:41,931 - ERROR - Web search failure (google_news): Couldn't find a tree builder with the features you requested: xml. Do you need to install a parser library?
2025-09-18 17:38:41,934 - ERROR - Web search failure (google_news): Couldn't find a tree builder with the features you requested: xml. Do you need to install a parser library?
2025-09-18 17:38:41,934 - ERROR - Web search failure (google_news): Couldn't find a tree builder with the features you requested: xml. Do you need to install a parser library?
2025-09-18 17:38:41,950 - ERROR - Web search failure (google_news): Couldn't find a tree builder with the features you requested: xml. Do you need to install a parser library?
2025-09-18 17:38:41,957 - ERROR - Web search failure (google_news): Couldn't find a tree builder with the features you requested: xml. Do you need to install a parser library?
2025-09-18 17:38:41,982 - ERROR - Web search failure (google_news): Couldn't find a tree builder with the features you requested: xml. Do you need to install a parser library?
2025-09-18 17:38:41,982 - ERROR - Web search failure (google_news): Couldn't find a tree builder with the features you requested: xml. Do you need to install a parser library?
2025-09-18 17:38:41,994 - ERROR - Web search failure (google_news): Couldn't find a tree builder with the features you requested: xml. Do you need to install a parser library?
2025-09-18 17:38:42,015 - ERROR - Web search failure (google_news): Couldn't find a tree builder with the features you requested: xml. Do you need to install a parser library?
2025-09-18 17:38:42,043 - ERROR - Web search failure (google_news): Couldn't find a tree builder with the features you requested: xml. Do you need to install a parser library?
2025-09-18 17:38:42,047 - ERROR - Web search failure (google_news): Couldn't find a tree builder with the features you requested: xml. Do you need to install a parser library?
2025-09-18 17:38:42,443 - ERROR - Web search failure (google_news): Couldn't find a tree builder with the features you requested: xml. Do you need to install a parser library?
2025-09-18 17:38:42,475 - ERROR - Web search failure (google_news): Couldn't find a tree builder with the features you requested: xml. Do you need to install a parser library?
2025-09-18 17:38:42,653 - ERROR - Web search failure (google_news): Couldn't find a tree builder with the features you requested: xml. Do you need to install a parser library?
2025-09-18 17:38:42,654 - ERROR - Web search failure (google_news): Couldn't find a tree builder with the features you requested: xml. Do you need to install a parser library?
2025-09-18 17:39:05,480 - ERROR - Image discovery error for twitter: 'DiscoveryWatcher' object has no attribute '_scrape_twitter_images'
2025-09-18 17:39:05,481 - ERROR - Image discovery error for twitter: 'DiscoveryWatcher' object has no attribute '_scrape_twitter_images'
2025-09-18 17:39:05,481 - ERROR - Image discovery error for twitter: 'DiscoveryWatcher' object has no attribute '_scrape_twitter_images'
2025-09-18 17:39:05,482 - ERROR - Image discovery error for twitter: 'DiscoveryWatcher' object has no attribute '_scrape_twitter_images'
2025-09-18 17:39:05,482 - ERROR - Image discovery error for twitter: 'DiscoveryWatcher' object has no attribute '_scrape_twitter_images'
2025-09-18 17:39:05,483 - ERROR - Image discovery error for twitter: 'DiscoveryWatcher' object has no attribute '_scrape_twitter_images'
2025-09-18 17:39:05,484 - ERROR - Image discovery error for twitter: 'DiscoveryWatcher' object has no attribute '_scrape_twitter_images'
2025-09-18 17:39:05,484 - ERROR - Image discovery error for twitter: 'DiscoveryWatcher' object has no attribute '_scrape_twitter_images'
2025-09-18 17:39:05,485 - ERROR - Image discovery error for twitter: 'DiscoveryWatcher' object has no attribute '_scrape_twitter_images'
2025-09-18 17:39:05,485 - ERROR - Image discovery error for twitter: 'DiscoveryWatcher' object has no attribute '_scrape_twitter_images'
2025-09-18 17:39:05,487 - ERROR - Image discovery error for twitter: 'DiscoveryWatcher' object has no attribute '_scrape_twitter_images'
2025-09-18 17:39:05,493 - ERROR - Image discovery error for twitter: 'DiscoveryWatcher' object has no attribute '_scrape_twitter_images'
2025-09-18 17:39:05,494 - ERROR - Image discovery error for twitter: 'DiscoveryWatcher' object has no attribute '_scrape_twitter_images'
2025-09-18 17:39:05,497 - ERROR - Image discovery error for twitter: 'DiscoveryWatcher' object has no attribute '_scrape_twitter_images'
2025-09-18 17:39:05,498 - ERROR - Image discovery error for twitter: 'DiscoveryWatcher' object has no attribute '_scrape_twitter_images'
2025-09-18 17:39:05,498 - ERROR - Image discovery error for twitter: 'DiscoveryWatcher' object has no attribute '_scrape_twitter_images'
2025-09-18 17:39:05,500 - ERROR - Image discovery error for twitter: 'DiscoveryWatcher' object has no attribute '_scrape_twitter_images'
2025-09-18 17:39:05,500 - ERROR - Image discovery error for twitter: 'DiscoveryWatcher' object has no attribute '_scrape_twitter_images'
2025-09-18 17:39:05,501 - ERROR - Image discovery error for twitter: 'DiscoveryWatcher' object has no attribute '_scrape_twitter_images'
2025-09-18 17:39:05,502 - ERROR - Image discovery error for twitter: 'DiscoveryWatcher' object has no attribute '_scrape_twitter_images'
2025-09-18 17:39:05,503 - ERROR - Image discovery error for twitter: 'DiscoveryWatcher' object has no attribute '_scrape_twitter_images'
2025-09-18 17:39:05,503 - ERROR - Image discovery error for twitter: 'DiscoveryWatcher' object has no attribute '_scrape_twitter_images'
2025-09-18 17:39:05,504 - ERROR - Image discovery error for twitter: 'DiscoveryWatcher' object has no attribute '_scrape_twitter_images'
2025-09-18 17:39:05,505 - ERROR - Image discovery error for twitter: 'DiscoveryWatcher' object has no attribute '_scrape_twitter_images'
2025-09-18 17:39:05,506 - ERROR - Image discovery error for twitter: 'DiscoveryWatcher' object has no attribute '_scrape_twitter_images'
2025-09-18 17:39:05,507 - ERROR - Image discovery error for twitter: 'DiscoveryWatcher' object has no attribute '_scrape_twitter_images'
2025-09-18 17:39:05,508 - ERROR - Image discovery error for twitter: 'DiscoveryWatcher' object has no attribute '_scrape_twitter_images'
2025-09-18 17:39:05,509 - ERROR - Image discovery error for twitter: 'DiscoveryWatcher' object has no attribute '_scrape_twitter_images'
2025-09-18 17:39:05,510 - ERROR - Image discovery error for instagram: 'DiscoveryWatcher' object has no attribute '_scrape_instagram_images'
2025-09-18 17:39:05,511 - ERROR - Image discovery error for instagram: 'DiscoveryWatcher' object has no attribute '_scrape_instagram_images'
2025-09-18 17:39:05,512 - ERROR - Image discovery error for instagram: 'DiscoveryWatcher' object has no attribute '_scrape_instagram_images'
2025-09-18 17:39:05,512 - ERROR - Image discovery error for instagram: 'DiscoveryWatcher' object has no attribute '_scrape_instagram_images'
2025-09-18 17:39:05,513 - ERROR - Image discovery error for instagram: 'DiscoveryWatcher' object has no attribute '_scrape_instagram_images'
2025-09-18 17:39:05,514 - ERROR - Image discovery error for instagram: 'DiscoveryWatcher' object has no attribute '_scrape_instagram_images'
2025-09-18 17:39:05,515 - ERROR - Image discovery error for instagram: 'DiscoveryWatcher' object has no attribute '_scrape_instagram_images'
2025-09-18 17:39:05,516 - ERROR - Image discovery error for instagram: 'DiscoveryWatcher' object has no attribute '_scrape_instagram_images'
2025-09-18 17:39:05,517 - ERROR - Image discovery error for instagram: 'DiscoveryWatcher' object has no attribute '_scrape_instagram_images'
2025-09-18 17:39:05,517 - ERROR - Image discovery error for instagram: 'DiscoveryWatcher' object has no attribute '_scrape_instagram_images'
2025-09-18 17:39:05,518 - ERROR - Image discovery error for instagram: 'DiscoveryWatcher' object has no attribute '_scrape_instagram_images'
2025-09-18 17:39:05,519 - ERROR - Image discovery error for instagram: 'DiscoveryWatcher' object has no attribute '_scrape_instagram_images'
2025-09-18 17:39:05,520 - ERROR - Image discovery error for instagram: 'DiscoveryWatcher' object has no attribute '_scrape_instagram_images'
2025-09-18 17:39:05,520 - ERROR - Image discovery error for instagram: 'DiscoveryWatcher' object has no attribute '_scrape_instagram_images'
2025-09-18 17:39:05,521 - ERROR - Image discovery error for instagram: 'DiscoveryWatcher' object has no attribute '_scrape_instagram_images'
2025-09-18 17:39:05,522 - ERROR - Image discovery error for instagram: 'DiscoveryWatcher' object has no attribute '_scrape_instagram_images'
2025-09-18 17:39:05,523 - ERROR - Image discovery error for instagram: 'DiscoveryWatcher' object has no attribute '_scrape_instagram_images'
2025-09-18 17:39:05,524 - ERROR - Image discovery error for instagram: 'DiscoveryWatcher' object has no attribute '_scrape_instagram_images'
2025-09-18 17:39:05,525 - ERROR - Image discovery error for instagram: 'DiscoveryWatcher' object has no attribute '_scrape_instagram_images'
2025-09-18 17:39:05,525 - ERROR - Image discovery error for instagram: 'DiscoveryWatcher' object has no attribute '_scrape_instagram_images'
2025-09-18 17:39:05,526 - ERROR - Image discovery error for instagram: 'DiscoveryWatcher' object has no attribute '_scrape_instagram_images'
2025-09-18 17:39:05,527 - ERROR - Image discovery error for instagram: 'DiscoveryWatcher' object has no attribute '_scrape_instagram_images'
2025-09-18 17:39:05,527 - ERROR - Image discovery error for instagram: 'DiscoveryWatcher' object has no attribute '_scrape_instagram_images'
2025-09-18 17:39:05,530 - ERROR - Image discovery error for instagram: 'DiscoveryWatcher' object has no attribute '_scrape_instagram_images'
2025-09-18 17:39:05,535 - ERROR - Image discovery error for instagram: 'DiscoveryWatcher' object has no attribute '_scrape_instagram_images'
2025-09-18 17:39:05,536 - ERROR - Image discovery error for instagram: 'DiscoveryWatcher' object has no attribute '_scrape_instagram_images'
2025-09-18 17:39:05,537 - ERROR - Image discovery error for instagram: 'DiscoveryWatcher' object has no attribute '_scrape_instagram_images'
2025-09-18 17:39:05,540 - ERROR - Image discovery error for instagram: 'DiscoveryWatcher' object has no attribute '_scrape_instagram_images'
2025-09-18 17:46:18,074 - ERROR - Error monitoring CT logs: HTTPSConnectionPool(host='crt.sh', port=443): Max retries exceeded with url: /?q=%25tuwaiq+%2C+%D8%B7%D9%88%D9%8A%D9%82%25&output=json (Caused by ConnectTimeoutError(<urllib3.connection.HTTPSConnection object at 0x0000020A7AE23F10>, 'Connection to crt.sh timed out. (connect timeout=30)'))
2025-09-18 17:46:18,877 - ERROR - Error monitoring twitter: 'DiscoveryWatcher' object has no attribute '_get_social_search_url'
2025-09-18 17:46:18,880 - ERROR - Error monitoring facebook: 'DiscoveryWatcher' object has no attribute '_get_social_search_url'
2025-09-18 17:46:18,881 - ERROR - Error monitoring instagram: 'DiscoveryWatcher' object has no attribute '_get_social_search_url'
2025-09-18 17:46:18,884 - ERROR - Error monitoring linkedin: 'DiscoveryWatcher' object has no attribute '_get_social_search_url'
2025-09-18 17:46:20,426 - ERROR - Web search failure (google_news): Couldn't find a tree builder with the features you requested: xml. Do you need to install a parser library?
2025-09-18 17:46:20,474 - ERROR - Web search failure (google_news): Couldn't find a tree builder with the features you requested: xml. Do you need to install a parser library?
2025-09-18 17:46:20,493 - ERROR - Web search failure (google_news): Couldn't find a tree builder with the features you requested: xml. Do you need to install a parser library?
2025-09-18 17:46:20,498 - ERROR - Web search failure (google_news): Couldn't find a tree builder with the features you requested: xml. Do you need to install a parser library?
2025-09-18 17:46:20,539 - ERROR - Web search failure (google_news): Couldn't find a tree builder with the features you requested: xml. Do you need to install a parser library?
2025-09-18 17:46:20,584 - ERROR - Web search failure (google_news): Couldn't find a tree builder with the features you requested: xml. Do you need to install a parser library?
2025-09-18 17:46:20,629 - ERROR - Web search failure (google_news): Couldn't find a tree builder with the features you requested: xml. Do you need to install a parser library?
2025-09-18 17:46:20,675 - ERROR - Web search failure (google_news): Couldn't find a tree builder with the features you requested: xml. Do you need to install a parser library?
2025-09-18 17:46:20,680 - ERROR - Web search failure (google_news): Couldn't find a tree builder with the features you requested: xml. Do you need to install a parser library?
2025-09-18 17:46:20,719 - ERROR - Web search failure (google_news): Couldn't find a tree builder with the features you requested: xml. Do you need to install a parser library?
2025-09-18 17:46:20,775 - ERROR - Web search failure (google_news): Couldn't find a tree builder with the features you requested: xml. Do you need to install a parser library?
2025-09-18 17:46:20,789 - ERROR - Web search failure (google_news): Couldn't find a tree builder with the features you requested: xml. Do you need to install a parser library?
2025-09-18 17:46:20,797 - ERROR - Web search failure (google_news): Couldn't find a tree builder with the features you requested: xml. Do you need to install a parser library?
2025-09-18 17:46:20,822 - ERROR - Web search failure (google_news): Couldn't find a tree builder with the features you requested: xml. Do you need to install a parser library?
2025-09-18 17:46:20,823 - ERROR - Web search failure (google_news): Couldn't find a tree builder with the features you requested: xml. Do you need to install a parser library?
2025-09-18 17:46:20,833 - ERROR - Web search failure (google_news): Couldn't find a tree builder with the features you requested: xml. Do you need to install a parser library?
2025-09-18 17:46:20,847 - ERROR - Web search failure (google_news): Couldn't find a tree builder with the features you requested: xml. Do you need to install a parser library?
2025-09-18 17:46:20,890 - ERROR - Web search failure (google_news): Couldn't find a tree builder with the features you requested: xml. Do you need to install a parser library?
2025-09-18 17:46:20,960 - ERROR - Web search failure (google_news): Couldn't find a tree builder with the features you requested: xml. Do you need to install a parser library?
2025-09-18 17:46:20,972 - ERROR - Web search failure (google_news): Couldn't find a tree builder with the features you requested: xml. Do you need to install a parser library?
2025-09-18 17:46:20,992 - ERROR - Web search failure (google_news): Couldn't find a tree builder with the features you requested: xml. Do you need to install a parser library?
2025-09-18 17:46:21,076 - ERROR - Web search failure (google_news): Couldn't find a tree builder with the features you requested: xml. Do you need to install a parser library?
2025-09-18 17:46:21,158 - ERROR - Web search failure (google_news): Couldn't find a tree builder with the features you requested: xml. Do you need to install a parser library?
2025-09-18 17:46:21,177 - ERROR - Web search failure (google_news): Couldn't find a tree builder with the features you requested: xml. Do you need to install a parser library?
2025-09-18 17:46:42,562 - ERROR - Image discovery error for twitter: 'DiscoveryWatcher' object has no attribute '_scrape_twitter_images'
2025-09-18 17:46:42,563 - ERROR - Image discovery error for twitter: 'DiscoveryWatcher' object has no attribute '_scrape_twitter_images'
2025-09-18 17:46:42,564 - ERROR - Image discovery error for twitter: 'DiscoveryWatcher' object has no attribute '_scrape_twitter_images'
2025-09-18 17:46:42,564 - ERROR - Image discovery error for twitter: 'DiscoveryWatcher' object has no attribute '_scrape_twitter_images'
2025-09-18 17:46:42,565 - ERROR - Image discovery error for twitter: 'DiscoveryWatcher' object has no attribute '_scrape_twitter_images'
2025-09-18 17:46:42,566 - ERROR - Image discovery error for twitter: 'DiscoveryWatcher' object has no attribute '_scrape_twitter_images'
2025-09-18 17:46:42,566 - ERROR - Image discovery error for twitter: 'DiscoveryWatcher' object has no attribute '_scrape_twitter_images'
2025-09-18 17:46:42,567 - ERROR - Image discovery error for twitter: 'DiscoveryWatcher' object has no attribute '_scrape_twitter_images'
2025-09-18 17:46:42,568 - ERROR - Image discovery error for twitter: 'DiscoveryWatcher' object has no attribute '_scrape_twitter_images'
2025-09-18 17:46:42,568 - ERROR - Image discovery error for twitter: 'DiscoveryWatcher' object has no attribute '_scrape_twitter_images'
2025-09-18 17:46:42,569 - ERROR - Image discovery error for twitter: 'DiscoveryWatcher' object has no attribute '_scrape_twitter_images'
2025-09-18 17:46:42,569 - ERROR - Image discovery error for twitter: 'DiscoveryWatcher' object has no attribute '_scrape_twitter_images'
2025-09-18 17:46:42,570 - ERROR - Image discovery error for twitter: 'DiscoveryWatcher' object has no attribute '_scrape_twitter_images'
2025-09-18 17:46:42,571 - ERROR - Image discovery error for twitter: 'DiscoveryWatcher' object has no attribute '_scrape_twitter_images'
2025-09-18 17:46:42,572 - ERROR - Image discovery error for twitter: 'DiscoveryWatcher' object has no attribute '_scrape_twitter_images'
2025-09-18 17:46:42,572 - ERROR - Image discovery error for twitter: 'DiscoveryWatcher' object has no attribute '_scrape_twitter_images'
2025-09-18 17:46:42,573 - ERROR - Image discovery error for twitter: 'DiscoveryWatcher' object has no attribute '_scrape_twitter_images'
2025-09-18 17:46:42,574 - ERROR - Image discovery error for twitter: 'DiscoveryWatcher' object has no attribute '_scrape_twitter_images'
2025-09-18 17:46:42,575 - ERROR - Image discovery error for twitter: 'DiscoveryWatcher' object has no attribute '_scrape_twitter_images'
2025-09-18 17:46:42,576 - ERROR - Image discovery error for twitter: 'DiscoveryWatcher' object has no attribute '_scrape_twitter_images'
2025-09-18 17:46:42,576 - ERROR - Image discovery error for twitter: 'DiscoveryWatcher' object has no attribute '_scrape_twitter_images'
2025-09-18 17:46:42,577 - ERROR - Image discovery error for twitter: 'DiscoveryWatcher' object has no attribute '_scrape_twitter_images'
2025-09-18 17:46:42,577 - ERROR - Image discovery error for twitter: 'DiscoveryWatcher' object has no attribute '_scrape_twitter_images'
2025-09-18 17:46:42,578 - ERROR - Image discovery error for twitter: 'DiscoveryWatcher' object has no attribute '_scrape_twitter_images'
2025-09-18 17:46:42,579 - ERROR - Image discovery error for twitter: 'DiscoveryWatcher' object has no attribute '_scrape_twitter_images'
2025-09-18 17:46:42,579 - ERROR - Image discovery error for twitter: 'DiscoveryWatcher' object has no attribute '_scrape_twitter_images'
2025-09-18 17:46:42,580 - ERROR - Image discovery error for twitter: 'DiscoveryWatcher' object has no attribute '_scrape_twitter_images'
2025-09-18 17:46:42,581 - ERROR - Image discovery error for twitter: 'DiscoveryWatcher' object has no attribute '_scrape_twitter_images'
2025-09-18 17:46:42,581 - ERROR - Image discovery error for instagram: 'DiscoveryWatcher' object has no attribute '_scrape_instagram_images'
2025-09-18 17:46:42,582 - ERROR - Image discovery error for instagram: 'DiscoveryWatcher' object has no attribute '_scrape_instagram_images'
2025-09-18 17:46:42,582 - ERROR - Image discovery error for instagram: 'DiscoveryWatcher' object has no attribute '_scrape_instagram_images'
2025-09-18 17:46:42,583 - ERROR - Image discovery error for instagram: 'DiscoveryWatcher' object has no attribute '_scrape_instagram_images'
2025-09-18 17:46:42,584 - ERROR - Image discovery error for instagram: 'DiscoveryWatcher' object has no attribute '_scrape_instagram_images'
2025-09-18 17:46:42,584 - ERROR - Image discovery error for instagram: 'DiscoveryWatcher' object has no attribute '_scrape_instagram_images'
2025-09-18 17:46:42,585 - ERROR - Image discovery error for instagram: 'DiscoveryWatcher' object has no attribute '_scrape_instagram_images'
2025-09-18 17:46:42,586 - ERROR - Image discovery error for instagram: 'DiscoveryWatcher' object has no attribute '_scrape_instagram_images'
2025-09-18 17:46:42,587 - ERROR - Image discovery error for instagram: 'DiscoveryWatcher' object has no attribute '_scrape_instagram_images'
2025-09-18 17:46:42,587 - ERROR - Image discovery error for instagram: 'DiscoveryWatcher' object has no attribute '_scrape_instagram_images'
2025-09-18 17:46:42,588 - ERROR - Image discovery error for instagram: 'DiscoveryWatcher' object has no attribute '_scrape_instagram_images'
2025-09-18 17:46:42,589 - ERROR - Image discovery error for instagram: 'DiscoveryWatcher' object has no attribute '_scrape_instagram_images'
2025-09-18 17:46:42,590 - ERROR - Image discovery error for instagram: 'DiscoveryWatcher' object has no attribute '_scrape_instagram_images'
2025-09-18 17:46:42,590 - ERROR - Image discovery error for instagram: 'DiscoveryWatcher' object has no attribute '_scrape_instagram_images'
2025-09-18 17:46:42,591 - ERROR - Image discovery error for instagram: 'DiscoveryWatcher' object has no attribute '_scrape_instagram_images'
2025-09-18 17:46:42,592 - ERROR - Image discovery error for instagram: 'DiscoveryWatcher' object has no attribute '_scrape_instagram_images'
2025-09-18 17:46:42,592 - ERROR - Image discovery error for instagram: 'DiscoveryWatcher' object has no attribute '_scrape_instagram_images'
2025-09-18 17:46:42,593 - ERROR - Image discovery error for instagram: 'DiscoveryWatcher' object has no attribute '_scrape_instagram_images'
2025-09-18 17:46:42,593 - ERROR - Image discovery error for instagram: 'DiscoveryWatcher' object has no attribute '_scrape_instagram_images'
2025-09-18 17:46:42,594 - ERROR - Image discovery error for instagram: 'DiscoveryWatcher' object has no attribute '_scrape_instagram_images'
2025-09-18 17:46:42,595 - ERROR - Image discovery error for instagram: 'DiscoveryWatcher' object has no attribute '_scrape_instagram_images'
2025-09-18 17:46:42,596 - ERROR - Image discovery error for instagram: 'DiscoveryWatcher' object has no attribute '_scrape_instagram_images'
2025-09-18 17:46:42,596 - ERROR - Image discovery error for instagram: 'DiscoveryWatcher' object has no attribute '_scrape_instagram_images'
2025-09-18 17:46:42,597 - ERROR - Image discovery error for instagram: 'DiscoveryWatcher' object has no attribute '_scrape_instagram_images'
2025-09-18 17:46:42,597 - ERROR - Image discovery error for instagram: 'DiscoveryWatcher' object has no attribute '_scrape_instagram_images'
2025-09-18 17:46:42,598 - ERROR - Image discovery error for instagram: 'DiscoveryWatcher' object has no attribute '_scrape_instagram_images'
2025-09-18 17:46:42,599 - ERROR - Image discovery error for instagram: 'DiscoveryWatcher' object has no attribute '_scrape_instagram_images'
2025-09-18 17:46:42,599 - ERROR - Image discovery error for instagram: 'DiscoveryWatcher' object has no attribute '_scrape_instagram_images'
2025-09-19 19:47:49,808 - ERROR - Web search failure (google_news): Couldn't find a tree builder with the features you requested: xml. Do you need to install a parser library?
2025-09-19 19:47:49,850 - ERROR - Web search failure (google_news): Couldn't find a tree builder with the features you requested: xml. Do you need to install a parser library?
2025-09-19 19:47:50,028 - ERROR - Web search failure (google_news): Couldn't find a tree builder with the features you requested: xml. Do you need to install a parser library?
2025-09-19 19:47:50,034 - ERROR - Web search failure (google_news): Couldn't find a tree builder with the features you requested: xml. Do you need to install a parser library?
2025-09-19 19:47:50,052 - ERROR - Web search failure (google_news): Couldn't find a tree builder with the features you requested: xml. Do you need to install a parser library?
2025-09-19 19:47:50,153 - ERROR - Web search failure (google_news): Couldn't find a tree builder with the features you requested: xml. Do you need to install a parser library?
2025-09-19 19:47:50,160 - ERROR - Web search failure (google_news): Couldn't find a tree builder with the features you requested: xml. Do you need to install a parser library?
2025-09-19 19:47:50,167 - ERROR - Web search failure (google_news): Couldn't find a tree builder with the features you requested: xml. Do you need to install a parser library?
2025-09-19 19:47:50,178 - ERROR - Web search failure (google_news): Couldn't find a tree builder with the features you requested: xml. Do you need to install a parser library?
2025-09-19 19:47:50,187 - ERROR - Web search failure (google_news): Couldn't find a tree builder with the features you requested: xml. Do you need to install a parser library?
2025-09-19 19:47:50,190 - ERROR - Web search failure (google_news): Couldn't find a tree builder with the features you requested: xml. Do you need to install a parser library?
2025-09-19 19:47:50,197 - ERROR - Web search failure (google_news): Couldn't find a tree builder with the features you requested: xml. Do you need to install a parser library?
2025-09-19 19:47:50,220 - ERROR - Web search failure (google_news): Couldn't find a tree builder with the features you requested: xml. Do you need to install a parser library?
2025-09-19 19:47:50,254 - ERROR - Web search failure (google_news): Couldn't find a tree builder with the features you requested: xml. Do you need to install a parser library?
2025-09-19 19:47:50,255 - ERROR - Web search failure (google_news): Couldn't find a tree builder with the features you requested: xml. Do you need to install a parser library?
2025-09-19 19:47:50,260 - ERROR - Web search failure (google_news): Couldn't find a tree builder with the features you requested: xml. Do you need to install a parser library?
2025-09-19 19:47:50,271 - ERROR - Web search failure (google_news): Couldn't find a tree builder with the features you requested: xml. Do you need to install a parser library?
2025-09-19 19:47:50,283 - ERROR - Web search failure (google_news): Couldn't find a tree builder with the features you requested: xml. Do you need to install a parser library?
2025-09-19 19:47:50,286 - ERROR - Web search failure (google_news): Couldn't find a tree builder with the features you requested: xml. Do you need to install a parser library?
2025-09-19 19:47:50,315 - ERROR - Web search failure (google_news): Couldn't find a tree builder with the features you requested: xml. Do you need to install a parser library?
2025-09-19 19:47:50,349 - ERROR - Web search failure (google_news): Couldn't find a tree builder with the features you requested: xml. Do you need to install a parser library?
2025-09-19 19:47:50,384 - ERROR - Web search failure (google_news): Couldn't find a tree builder with the features you requested: xml. Do you need to install a parser library?
2025-09-19 19:47:50,444 - ERROR - Web search failure (google_news): Couldn't find a tree builder with the features you requested: xml. Do you need to install a parser library?
2025-09-19 19:47:50,641 - ERROR - Web search failure (google_news): Couldn't find a tree builder with the features you requested: xml. Do you need to install a parser library?
2025-09-19 19:47:56,261 - ERROR - Error monitoring twitter: 'DiscoveryWatcher' object has no attribute '_get_social_search_url'
2025-09-19 19:47:56,263 - ERROR - Error monitoring facebook: 'DiscoveryWatcher' object has no attribute '_get_social_search_url'
2025-09-19 19:47:56,265 - ERROR - Error monitoring instagram: 'DiscoveryWatcher' object has no attribute '_get_social_search_url'
2025-09-19 19:47:56,267 - ERROR - Error monitoring linkedin: 'DiscoveryWatcher' object has no attribute '_get_social_search_url'
2025-09-19 19:48:12,060 - ERROR - Image discovery error for twitter: 'DiscoveryWatcher' object has no attribute '_scrape_twitter_images'
2025-09-19 19:48:12,061 - ERROR - Image discovery error for twitter: 'DiscoveryWatcher' object has no attribute '_scrape_twitter_images'
2025-09-19 19:48:12,062 - ERROR - Image discovery error for twitter: 'DiscoveryWatcher' object has no attribute '_scrape_twitter_images'
2025-09-19 19:48:12,063 - ERROR - Image discovery error for twitter: 'DiscoveryWatcher' object has no attribute '_scrape_twitter_images'
2025-09-19 19:48:12,064 - ERROR - Image discovery error for twitter: 'DiscoveryWatcher' object has no attribute '_scrape_twitter_images'
2025-09-19 19:48:12,064 - ERROR - Image discovery error for twitter: 'DiscoveryWatcher' object has no attribute '_scrape_twitter_images'
2025-09-19 19:48:12,065 - ERROR - Image discovery error for twitter: 'DiscoveryWatcher' object has no attribute '_scrape_twitter_images'
2025-09-19 19:48:12,066 - ERROR - Image discovery error for twitter: 'DiscoveryWatcher' object has no attribute '_scrape_twitter_images'
2025-09-19 19:48:12,066 - ERROR - Image discovery error for twitter: 'DiscoveryWatcher' object has no attribute '_scrape_twitter_images'
2025-09-19 19:48:12,067 - ERROR - Image discovery error for twitter: 'DiscoveryWatcher' object has no attribute '_scrape_twitter_images'
2025-09-19 19:48:12,068 - ERROR - Image discovery error for twitter: 'DiscoveryWatcher' object has no attribute '_scrape_twitter_images'
2025-09-19 19:48:12,069 - ERROR - Image discovery error for twitter: 'DiscoveryWatcher' object has no attribute '_scrape_twitter_images'
2025-09-19 19:48:12,069 - ERROR - Image discovery error for twitter: 'DiscoveryWatcher' object has no attribute '_scrape_twitter_images'
2025-09-19 19:48:12,070 - ERROR - Image discovery error for twitter: 'DiscoveryWatcher' object has no attribute '_scrape_twitter_images'
2025-09-19 19:48:12,071 - ERROR - Image discovery error for twitter: 'DiscoveryWatcher' object has no attribute '_scrape_twitter_images'
2025-09-19 19:48:12,071 - ERROR - Image discovery error for twitter: 'DiscoveryWatcher' object has no attribute '_scrape_twitter_images'
2025-09-19 19:48:12,072 - ERROR - Image discovery error for twitter: 'DiscoveryWatcher' object has no attribute '_scrape_twitter_images'
2025-09-19 19:48:12,073 - ERROR - Image discovery error for twitter: 'DiscoveryWatcher' object has no attribute '_scrape_twitter_images'
2025-09-19 19:48:12,074 - ERROR - Image discovery error for twitter: 'DiscoveryWatcher' object has no attribute '_scrape_twitter_images'
2025-09-19 19:48:12,074 - ERROR - Image discovery error for twitter: 'DiscoveryWatcher' object has no attribute '_scrape_twitter_images'
2025-09-19 19:48:12,075 - ERROR - Image discovery error for twitter: 'DiscoveryWatcher' object has no attribute '_scrape_twitter_images'
2025-09-19 19:48:12,075 - ERROR - Image discovery error for twitter: 'DiscoveryWatcher' object has no attribute '_scrape_twitter_images'
2025-09-19 19:48:12,076 - ERROR - Image discovery error for twitter: 'DiscoveryWatcher' object has no attribute '_scrape_twitter_images'
2025-09-19 19:48:12,077 - ERROR - Image discovery error for twitter: 'DiscoveryWatcher' object has no attribute '_scrape_twitter_images'
2025-09-19 19:48:12,078 - ERROR - Image discovery error for twitter: 'DiscoveryWatcher' object has no attribute '_scrape_twitter_images'
2025-09-19 19:48:12,078 - ERROR - Image discovery error for twitter: 'DiscoveryWatcher' object has no attribute '_scrape_twitter_images'
2025-09-19 19:48:12,079 - ERROR - Image discovery error for twitter: 'DiscoveryWatcher' object has no attribute '_scrape_twitter_images'
2025-09-19 19:48:12,079 - ERROR - Image discovery error for twitter: 'DiscoveryWatcher' object has no attribute '_scrape_twitter_images'
2025-09-19 19:48:12,080 - ERROR - Image discovery error for instagram: 'DiscoveryWatcher' object has no attribute '_scrape_instagram_images'
2025-09-19 19:48:12,081 - ERROR - Image discovery error for instagram: 'DiscoveryWatcher' object has no attribute '_scrape_instagram_images'
2025-09-19 19:48:12,082 - ERROR - Image discovery error for instagram: 'DiscoveryWatcher' object has no attribute '_scrape_instagram_images'
2025-09-19 19:48:12,082 - ERROR - Image discovery error for instagram: 'DiscoveryWatcher' object has no attribute '_scrape_instagram_images'
2025-09-19 19:48:12,083 - ERROR - Image discovery error for instagram: 'DiscoveryWatcher' object has no attribute '_scrape_instagram_images'
2025-09-19 19:48:12,084 - ERROR - Image discovery error for instagram: 'DiscoveryWatcher' object has no attribute '_scrape_instagram_images'
2025-09-19 19:48:12,085 - ERROR - Image discovery error for instagram: 'DiscoveryWatcher' object has no attribute '_scrape_instagram_images'
2025-09-19 19:48:12,086 - ERROR - Image discovery error for instagram: 'DiscoveryWatcher' object has no attribute '_scrape_instagram_images'
2025-09-19 19:48:12,087 - ERROR - Image discovery error for instagram: 'DiscoveryWatcher' object has no attribute '_scrape_instagram_images'
2025-09-19 19:48:12,087 - ERROR - Image discovery error for instagram: 'DiscoveryWatcher' object has no attribute '_scrape_instagram_images'
2025-09-19 19:48:12,088 - ERROR - Image discovery error for instagram: 'DiscoveryWatcher' object has no attribute '_scrape_instagram_images'
2025-09-19 19:48:12,089 - ERROR - Image discovery error for instagram: 'DiscoveryWatcher' object has no attribute '_scrape_instagram_images'
2025-09-19 19:48:12,090 - ERROR - Image discovery error for instagram: 'DiscoveryWatcher' object has no attribute '_scrape_instagram_images'
2025-09-19 19:48:12,090 - ERROR - Image discovery error for instagram: 'DiscoveryWatcher' object has no attribute '_scrape_instagram_images'
2025-09-19 19:48:12,091 - ERROR - Image discovery error for instagram: 'DiscoveryWatcher' object has no attribute '_scrape_instagram_images'
2025-09-19 19:48:12,092 - ERROR - Image discovery error for instagram: 'DiscoveryWatcher' object has no attribute '_scrape_instagram_images'
2025-09-19 19:48:12,092 - ERROR - Image discovery error for instagram: 'DiscoveryWatcher' object has no attribute '_scrape_instagram_images'
2025-09-19 19:48:12,093 - ERROR - Image discovery error for instagram: 'DiscoveryWatcher' object has no attribute '_scrape_instagram_images'
2025-09-19 19:48:12,094 - ERROR - Image discovery error for instagram: 'DiscoveryWatcher' object has no attribute '_scrape_instagram_images'
2025-09-19 19:48:12,094 - ERROR - Image discovery error for instagram: 'DiscoveryWatcher' object has no attribute '_scrape_instagram_images'
2025-09-19 19:48:12,095 - ERROR - Image discovery error for instagram: 'DiscoveryWatcher' object has no attribute '_scrape_instagram_images'
2025-09-19 19:48:12,096 - ERROR - Image discovery error for instagram: 'DiscoveryWatcher' object has no attribute '_scrape_instagram_images'
2025-09-19 19:48:12,096 - ERROR - Image discovery error for instagram: 'DiscoveryWatcher' object has no attribute '_scrape_instagram_images'
2025-09-19 19:48:12,097 - ERROR - Image discovery error for instagram: 'DiscoveryWatcher' object has no attribute '_scrape_instagram_images'
2025-09-19 19:48:12,098 - ERROR - Image discovery error for instagram: 'DiscoveryWatcher' object has no attribute '_scrape_instagram_images'
2025-09-19 19:48:12,098 - ERROR - Image discovery error for instagram: 'DiscoveryWatcher' object has no attribute '_scrape_instagram_images'
2025-09-19 19:48:12,099 - ERROR - Image discovery error for instagram: 'DiscoveryWatcher' object has no attribute '_scrape_instagram_images'
2025-09-19 19:48:12,100 - ERROR - Image discovery error for instagram: 'DiscoveryWatcher' object has no attribute '_scrape_instagram_images'
2025-09-20 02:10:26,791 - ERROR - Web search failure (google_news): Couldn't find a tree builder with the features you requested: xml. Do you need to install a parser library?
2025-09-20 02:10:26,829 - ERROR - Web search failure (google_news): Couldn't find a tree builder with the features you requested: xml. Do you need to install a parser library?
2025-09-20 02:10:26,901 - ERROR - Web search failure (google_news): Couldn't find a tree builder with the features you requested: xml. Do you need to install a parser library?
2025-09-20 02:10:27,025 - ERROR - Web search failure (google_news): Couldn't find a tree builder with the features you requested: xml. Do you need to install a parser library?
2025-09-20 02:10:27,026 - ERROR - Web search failure (google_news): Couldn't find a tree builder with the features you requested: xml. Do you need to install a parser library?
2025-09-20 02:10:27,057 - ERROR - Web search failure (google_news): Couldn't find a tree builder with the features you requested: xml. Do you need to install a parser library?
2025-09-20 02:10:27,085 - ERROR - Web search failure (google_news): Couldn't find a tree builder with the features you requested: xml. Do you need to install a parser library?
2025-09-20 02:10:27,110 - ERROR - Web search failure (google_news): Couldn't find a tree builder with the features you requested: xml. Do you need to install a parser library?
2025-09-20 02:10:27,131 - ERROR - Web search failure (google_news): Couldn't find a tree builder with the features you requested: xml. Do you need to install a parser library?
2025-09-20 02:10:27,133 - ERROR - Web search failure (google_news): Couldn't find a tree builder with the features you requested: xml. Do you need to install a parser library?
2025-09-20 02:10:27,141 - ERROR - Web search failure (google_news): Couldn't find a tree builder with the features you requested: xml. Do you need to install a parser library?
2025-09-20 02:10:27,179 - ERROR - Web search failure (google_news): Couldn't find a tree builder with the features you requested: xml. Do you need to install a parser library?
2025-09-20 02:10:27,179 - ERROR - Web search failure (google_news): Couldn't find a tree builder with the features you requested: xml. Do you need to install a parser library?
2025-09-20 02:10:27,179 - ERROR - Web search failure (google_news): Couldn't find a tree builder with the features you requested: xml. Do you need to install a parser library?
2025-09-20 02:10:27,204 - ERROR - Web search failure (google_news): Couldn't find a tree builder with the features you requested: xml. Do you need to install a parser library?
2025-09-20 02:10:27,213 - ERROR - Web search failure (google_news): Couldn't find a tree builder with the features you requested: xml. Do you need to install a parser library?
2025-09-20 02:10:27,213 - ERROR - Web search failure (google_news): Couldn't find a tree builder with the features you requested: xml. Do you need to install a parser library?
2025-09-20 02:10:27,227 - ERROR - Web search failure (google_news): Couldn't find a tree builder with the features you requested: xml. Do you need to install a parser library?
2025-09-20 02:10:27,262 - ERROR - Web search failure (google_news): Couldn't find a tree builder with the features you requested: xml. Do you need to install a parser library?
2025-09-20 02:10:27,263 - ERROR - Web search failure (google_news): Couldn't find a tree builder with the features you requested: xml. Do you need to install a parser library?
2025-09-20 02:10:27,320 - ERROR - Web search failure (google_news): Couldn't find a tree builder with the features you requested: xml. Do you need to install a parser library?
2025-09-20 02:10:27,353 - ERROR - Web search failure (google_news): Couldn't find a tree builder with the features you requested: xml. Do you need to install a parser library?
2025-09-20 02:10:27,364 - ERROR - Web search failure (google_news): Couldn't find a tree builder with the features you requested: xml. Do you need to install a parser library?
2025-09-20 02:10:27,588 - ERROR - Web search failure (google_news): Couldn't find a tree builder with the features you requested: xml. Do you need to install a parser library?
2025-09-20 02:10:32,832 - ERROR - Error monitoring twitter: 'DiscoveryWatcher' object has no attribute '_get_social_search_url'
2025-09-20 02:10:32,833 - ERROR - Error monitoring facebook: 'DiscoveryWatcher' object has no attribute '_get_social_search_url'
2025-09-20 02:10:32,834 - ERROR - Error monitoring instagram: 'DiscoveryWatcher' object has no attribute '_get_social_search_url'
2025-09-20 02:10:32,835 - ERROR - Error monitoring linkedin: 'DiscoveryWatcher' object has no attribute '_get_social_search_url'
2025-09-20 02:10:49,596 - ERROR - Image discovery error for twitter: 'DiscoveryWatcher' object has no attribute '_scrape_twitter_images'
2025-09-20 02:10:49,597 - ERROR - Image discovery error for twitter: 'DiscoveryWatcher' object has no attribute '_scrape_twitter_images'
2025-09-20 02:10:49,598 - ERROR - Image discovery error for twitter: 'DiscoveryWatcher' object has no attribute '_scrape_twitter_images'
2025-09-20 02:10:49,598 - ERROR - Image discovery error for twitter: 'DiscoveryWatcher' object has no attribute '_scrape_twitter_images'
2025-09-20 02:10:49,599 - ERROR - Image discovery error for twitter: 'DiscoveryWatcher' object has no attribute '_scrape_twitter_images'
2025-09-20 02:10:49,599 - ERROR - Image discovery error for twitter: 'DiscoveryWatcher' object has no attribute '_scrape_twitter_images'
2025-09-20 02:10:49,600 - ERROR - Image discovery error for twitter: 'DiscoveryWatcher' object has no attribute '_scrape_twitter_images'
2025-09-20 02:10:49,601 - ERROR - Image discovery error for twitter: 'DiscoveryWatcher' object has no attribute '_scrape_twitter_images'
2025-09-20 02:10:49,601 - ERROR - Image discovery error for twitter: 'DiscoveryWatcher' object has no attribute '_scrape_twitter_images'
2025-09-20 02:10:49,602 - ERROR - Image discovery error for twitter: 'DiscoveryWatcher' object has no attribute '_scrape_twitter_images'
2025-09-20 02:10:49,603 - ERROR - Image discovery error for twitter: 'DiscoveryWatcher' object has no attribute '_scrape_twitter_images'
2025-09-20 02:10:49,604 - ERROR - Image discovery error for twitter: 'DiscoveryWatcher' object has no attribute '_scrape_twitter_images'
2025-09-20 02:10:49,604 - ERROR - Image discovery error for twitter: 'DiscoveryWatcher' object has no attribute '_scrape_twitter_images'
2025-09-20 02:10:49,605 - ERROR - Image discovery error for twitter: 'DiscoveryWatcher' object has no attribute '_scrape_twitter_images'
2025-09-20 02:10:49,606 - ERROR - Image discovery error for twitter: 'DiscoveryWatcher' object has no attribute '_scrape_twitter_images'
2025-09-20 02:10:49,607 - ERROR - Image discovery error for twitter: 'DiscoveryWatcher' object has no attribute '_scrape_twitter_images'
2025-09-20 02:10:49,607 - ERROR - Image discovery error for twitter: 'DiscoveryWatcher' object has no attribute '_scrape_twitter_images'
2025-09-20 02:10:49,608 - ERROR - Image discovery error for twitter: 'DiscoveryWatcher' object has no attribute '_scrape_twitter_images'
2025-09-20 02:10:49,609 - ERROR - Image discovery error for twitter: 'DiscoveryWatcher' object has no attribute '_scrape_twitter_images'
2025-09-20 02:10:49,609 - ERROR - Image discovery error for twitter: 'DiscoveryWatcher' object has no attribute '_scrape_twitter_images'
2025-09-20 02:10:49,610 - ERROR - Image discovery error for twitter: 'DiscoveryWatcher' object has no attribute '_scrape_twitter_images'
2025-09-20 02:10:49,611 - ERROR - Image discovery error for twitter: 'DiscoveryWatcher' object has no attribute '_scrape_twitter_images'
2025-09-20 02:10:49,612 - ERROR - Image discovery error for twitter: 'DiscoveryWatcher' object has no attribute '_scrape_twitter_images'
2025-09-20 02:10:49,612 - ERROR - Image discovery error for twitter: 'DiscoveryWatcher' object has no attribute '_scrape_twitter_images'
2025-09-20 02:10:49,613 - ERROR - Image discovery error for twitter: 'DiscoveryWatcher' object has no attribute '_scrape_twitter_images'
2025-09-20 02:10:49,614 - ERROR - Image discovery error for twitter: 'DiscoveryWatcher' object has no attribute '_scrape_twitter_images'
2025-09-20 02:10:49,614 - ERROR - Image discovery error for twitter: 'DiscoveryWatcher' object has no attribute '_scrape_twitter_images'
2025-09-20 02:10:49,615 - ERROR - Image discovery error for twitter: 'DiscoveryWatcher' object has no attribute '_scrape_twitter_images'
2025-09-20 02:10:49,616 - ERROR - Image discovery error for instagram: 'DiscoveryWatcher' object has no attribute '_scrape_instagram_images'
2025-09-20 02:10:49,617 - ERROR - Image discovery error for instagram: 'DiscoveryWatcher' object has no attribute '_scrape_instagram_images'
2025-09-20 02:10:49,617 - ERROR - Image discovery error for instagram: 'DiscoveryWatcher' object has no attribute '_scrape_instagram_images'
2025-09-20 02:10:49,618 - ERROR - Image discovery error for instagram: 'DiscoveryWatcher' object has no attribute '_scrape_instagram_images'
2025-09-20 02:10:49,619 - ERROR - Image discovery error for instagram: 'DiscoveryWatcher' object has no attribute '_scrape_instagram_images'
2025-09-20 02:10:49,620 - ERROR - Image discovery error for instagram: 'DiscoveryWatcher' object has no attribute '_scrape_instagram_images'
2025-09-20 02:10:49,621 - ERROR - Image discovery error for instagram: 'DiscoveryWatcher' object has no attribute '_scrape_instagram_images'
2025-09-20 02:10:49,621 - ERROR - Image discovery error for instagram: 'DiscoveryWatcher' object has no attribute '_scrape_instagram_images'
2025-09-20 02:10:49,622 - ERROR - Image discovery error for instagram: 'DiscoveryWatcher' object has no attribute '_scrape_instagram_images'
2025-09-20 02:10:49,623 - ERROR - Image discovery error for instagram: 'DiscoveryWatcher' object has no attribute '_scrape_instagram_images'
2025-09-20 02:10:49,623 - ERROR - Image discovery error for instagram: 'DiscoveryWatcher' object has no attribute '_scrape_instagram_images'
2025-09-20 02:10:49,624 - ERROR - Image discovery error for instagram: 'DiscoveryWatcher' object has no attribute '_scrape_instagram_images'
2025-09-20 02:10:49,625 - ERROR - Image discovery error for instagram: 'DiscoveryWatcher' object has no attribute '_scrape_instagram_images'
2025-09-20 02:10:49,626 - ERROR - Image discovery error for instagram: 'DiscoveryWatcher' object has no attribute '_scrape_instagram_images'
2025-09-20 02:10:49,626 - ERROR - Image discovery error for instagram: 'DiscoveryWatcher' object has no attribute '_scrape_instagram_images'
2025-09-20 02:10:49,627 - ERROR - Image discovery error for instagram: 'DiscoveryWatcher' object has no attribute '_scrape_instagram_images'
2025-09-20 02:10:49,628 - ERROR - Image discovery error for instagram: 'DiscoveryWatcher' object has no attribute '_scrape_instagram_images'
2025-09-20 02:10:49,628 - ERROR - Image discovery error for instagram: 'DiscoveryWatcher' object has no attribute '_scrape_instagram_images'
2025-09-20 02:10:49,629 - ERROR - Image discovery error for instagram: 'DiscoveryWatcher' object has no attribute '_scrape_instagram_images'
2025-09-20 02:10:49,630 - ERROR - Image discovery error for instagram: 'DiscoveryWatcher' object has no attribute '_scrape_instagram_images'
2025-09-20 02:10:49,631 - ERROR - Image discovery error for instagram: 'DiscoveryWatcher' object has no attribute '_scrape_instagram_images'
2025-09-20 02:10:49,631 - ERROR - Image discovery error for instagram: 'DiscoveryWatcher' object has no attribute '_scrape_instagram_images'
2025-09-20 02:10:49,632 - ERROR - Image discovery error for instagram: 'DiscoveryWatcher' object has no attribute '_scrape_instagram_images'
2025-09-20 02:10:49,633 - ERROR - Image discovery error for instagram: 'DiscoveryWatcher' object has no attribute '_scrape_instagram_images'
2025-09-20 02:10:49,633 - ERROR - Image discovery error for instagram: 'DiscoveryWatcher' object has no attribute '_scrape_instagram_images'
2025-09-20 02:10:49,634 - ERROR - Image discovery error for instagram: 'DiscoveryWatcher' object has no attribute '_scrape_instagram_images'
2025-09-20 02:10:49,635 - ERROR - Image discovery error for instagram: 'DiscoveryWatcher' object has no attribute '_scrape_instagram_images'
2025-09-20 02:10:49,635 - ERROR - Image discovery error for instagram: 'DiscoveryWatcher' object has no attribute '_scrape_instagram_images'
2025-09-20 02:49:04,955 - ERROR - Error monitoring twitter: 'DiscoveryWatcher' object has no attribute '_get_social_search_url'
2025-09-20 02:49:04,956 - ERROR - Error monitoring facebook: 'DiscoveryWatcher' object has no attribute '_get_social_search_url'
2025-09-20 02:49:04,957 - ERROR - Error monitoring instagram: 'DiscoveryWatcher' object has no attribute '_get_social_search_url'
2025-09-20 02:49:04,963 - ERROR - Error monitoring linkedin: 'DiscoveryWatcher' object has no attribute '_get_social_search_url'
2025-09-20 02:49:07,235 - ERROR - Web search failure (google_news): Couldn't find a tree builder with the features you requested: xml. Do you need to install a parser library?
2025-09-20 02:49:07,235 - ERROR - Web search failure (google_news): Couldn't find a tree builder with the features you requested: xml. Do you need to install a parser library?
2025-09-20 02:49:07,257 - ERROR - Web search failure (google_news): Couldn't find a tree builder with the features you requested: xml. Do you need to install a parser library?
2025-09-20 02:49:07,257 - ERROR - Web search failure (google_news): Couldn't find a tree builder with the features you requested: xml. Do you need to install a parser library?
2025-09-20 02:49:07,257 - ERROR - Web search failure (google_news): Couldn't find a tree builder with the features you requested: xml. Do you need to install a parser library?
2025-09-20 02:49:07,383 - ERROR - Web search failure (google_news): Couldn't find a tree builder with the features you requested: xml. Do you need to install a parser library?
2025-09-20 02:49:07,391 - ERROR - Web search failure (google_news): Couldn't find a tree builder with the features you requested: xml. Do you need to install a parser library?
2025-09-20 02:49:07,395 - ERROR - Web search failure (google_news): Couldn't find a tree builder with the features you requested: xml. Do you need to install a parser library?
2025-09-20 02:49:07,403 - ERROR - Web search failure (google_news): Couldn't find a tree builder with the features you requested: xml. Do you need to install a parser library?
2025-09-20 02:49:07,403 - ERROR - Web search failure (google_news): Couldn't find a tree builder with the features you requested: xml. Do you need to install a parser library?
2025-09-20 02:49:07,407 - ERROR - Web search failure (google_news): Couldn't find a tree builder with the features you requested: xml. Do you need to install a parser library?
2025-09-20 02:49:07,407 - ERROR - Web search failure (google_news): Couldn't find a tree builder with the features you requested: xml. Do you need to install a parser library?
2025-09-20 02:49:07,413 - ERROR - Web search failure (google_news): Couldn't find a tree builder with the features you requested: xml. Do you need to install a parser library?
2025-09-20 02:49:07,481 - ERROR - Web search failure (google_news): Couldn't find a tree builder with the features you requested: xml. Do you need to install a parser library?
2025-09-20 02:49:07,484 - ERROR - Web search failure (google_news): Couldn't find a tree builder with the features you requested: xml. Do you need to install a parser library?
2025-09-20 02:49:07,585 - ERROR - Web search failure (google_news): Couldn't find a tree builder with the features you requested: xml. Do you need to install a parser library?
2025-09-20 02:49:07,586 - ERROR - Web search failure (google_news): Couldn't find a tree builder with the features you requested: xml. Do you need to install a parser library?
2025-09-20 02:49:07,719 - ERROR - Web search failure (google_news): Couldn't find a tree builder with the features you requested: xml. Do you need to install a parser library?
2025-09-20 02:49:07,733 - ERROR - Web search failure (google_news): Couldn't find a tree builder with the features you requested: xml. Do you need to install a parser library?
2025-09-20 02:49:07,891 - ERROR - Web search failure (google_news): Couldn't find a tree builder with the features you requested: xml. Do you need to install a parser library?
2025-09-20 02:49:07,891 - ERROR - Web search failure (google_news): Couldn't find a tree builder with the features you requested: xml. Do you need to install a parser library?
2025-09-20 02:49:08,069 - ERROR - Web search failure (google_news): Couldn't find a tree builder with the features you requested: xml. Do you need to install a parser library?
2025-09-20 02:49:08,078 - ERROR - Web search failure (google_news): Couldn't find a tree builder with the features you requested: xml. Do you need to install a parser library?
2025-09-20 02:49:08,136 - ERROR - Web search failure (google_news): Couldn't find a tree builder with the features you requested: xml. Do you need to install a parser library?
2025-09-20 02:49:23,514 - ERROR - Image search failure (bing_images): Response ended prematurely
2025-09-20 02:49:23,523 - ERROR - Image search failure (bing_images): Response ended prematurely
2025-09-20 02:49:23,527 - ERROR - Image search failure (bing_images): Response ended prematurely
2025-09-20 02:49:23,527 - ERROR - Image search failure (bing_images): Response ended prematurely
2025-09-20 02:49:23,527 - ERROR - Image search failure (bing_images): Response ended prematurely
2025-09-20 02:49:23,528 - ERROR - Image search failure (bing_images): Response ended prematurely
2025-09-20 02:49:23,532 - ERROR - Image search failure (bing_images): Response ended prematurely
2025-09-20 02:49:23,536 - ERROR - Image search failure (bing_images): Response ended prematurely
2025-09-20 02:49:23,544 - ERROR - Image search failure (bing_images): ('Connection broken: IncompleteRead(6134 bytes read, 4106 more expected)', IncompleteRead(6134 bytes read, 4106 more expected))
2025-09-20 02:49:23,544 - ERROR - Image search failure (bing_images): Response ended prematurely
2025-09-20 02:49:23,551 - ERROR - Image search failure (bing_images): Response ended prematurely
2025-09-20 02:49:23,552 - ERROR - Image search failure (bing_images): Response ended prematurely
2025-09-20 02:49:23,552 - ERROR - Image search failure (bing_images): Response ended prematurely
2025-09-20 02:49:23,555 - ERROR - Image search failure (bing_images): ('Connection aborted.', ConnectionResetError(10054, 'An existing connection was forcibly closed by the remote host', None, 10054, None))
2025-09-20 02:49:23,558 - ERROR - Image search failure (bing_images): Response ended prematurely
2025-09-20 02:49:23,560 - ERROR - Image search failure (bing_images): ('Connection broken: IncompleteRead(6134 bytes read, 4106 more expected)', IncompleteRead(6134 bytes read, 4106 more expected))
2025-09-20 02:49:23,566 - ERROR - Image search failure (bing_images): Response ended prematurely
2025-09-20 02:49:23,566 - ERROR - Image search failure (bing_images): Response ended prematurely
2025-09-20 02:49:23,567 - ERROR - Image search failure (bing_images): Response ended prematurely
2025-09-20 02:49:23,567 - ERROR - Image search failure (bing_images): Response ended prematurely
2025-09-20 02:52:15,496 - ERROR - Error monitoring twitter: 'DiscoveryWatcher' object has no attribute '_get_social_search_url'
2025-09-20 02:52:15,496 - ERROR - Error monitoring facebook: 'DiscoveryWatcher' object has no attribute '_get_social_search_url'
2025-09-20 02:52:15,497 - ERROR - Error monitoring instagram: 'DiscoveryWatcher' object has no attribute '_get_social_search_url'
2025-09-20 02:52:15,498 - ERROR - Error monitoring linkedin: 'DiscoveryWatcher' object has no attribute '_get_social_search_url'
2025-09-20 02:52:18,920 - ERROR - Web search failure (google_news): Couldn't find a tree builder with the features you requested: xml. Do you need to install a parser library?
2025-09-20 02:52:18,985 - ERROR - Web search failure (google_news): Couldn't find a tree builder with the features you requested: xml. Do you need to install a parser library?
2025-09-20 02:52:18,985 - ERROR - Web search failure (google_news): Couldn't find a tree builder with the features you requested: xml. Do you need to install a parser library?
2025-09-20 02:52:18,988 - ERROR - Web search failure (google_news): Couldn't find a tree builder with the features you requested: xml. Do you need to install a parser library?
2025-09-20 02:52:18,989 - ERROR - Web search failure (google_news): Couldn't find a tree builder with the features you requested: xml. Do you need to install a parser library?
2025-09-20 02:52:18,989 - ERROR - Web search failure (google_news): Couldn't find a tree builder with the features you requested: xml. Do you need to install a parser library?
2025-09-20 02:52:18,993 - ERROR - Web search failure (google_news): Couldn't find a tree builder with the features you requested: xml. Do you need to install a parser library?
2025-09-20 02:52:19,001 - ERROR - Web search failure (google_news): Couldn't find a tree builder with the features you requested: xml. Do you need to install a parser library?
2025-09-20 02:52:19,066 - ERROR - Web search failure (google_news): Couldn't find a tree builder with the features you requested: xml. Do you need to install a parser library?
2025-09-20 02:52:19,068 - ERROR - Web search failure (google_news): Couldn't find a tree builder with the features you requested: xml. Do you need to install a parser library?
2025-09-20 02:52:19,069 - ERROR - Web search failure (google_news): Couldn't find a tree builder with the features you requested: xml. Do you need to install a parser library?
2025-09-20 02:52:19,081 - ERROR - Web search failure (google_news): Couldn't find a tree builder with the features you requested: xml. Do you need to install a parser library?
2025-09-20 02:52:19,147 - ERROR - Web search failure (google_news): Couldn't find a tree builder with the features you requested: xml. Do you need to install a parser library?
2025-09-20 02:52:19,148 - ERROR - Web search failure (google_news): Couldn't find a tree builder with the features you requested: xml. Do you need to install a parser library?
2025-09-20 02:52:19,150 - ERROR - Web search failure (google_news): Couldn't find a tree builder with the features you requested: xml. Do you need to install a parser library?
2025-09-20 02:52:19,162 - ERROR - Web search failure (google_news): Couldn't find a tree builder with the features you requested: xml. Do you need to install a parser library?
2025-09-20 02:52:19,176 - ERROR - Web search failure (google_news): Couldn't find a tree builder with the features you requested: xml. Do you need to install a parser library?
2025-09-20 02:52:19,241 - ERROR - Web search failure (google_news): Couldn't find a tree builder with the features you requested: xml. Do you need to install a parser library?
2025-09-20 02:52:19,247 - ERROR - Web search failure (google_news): Couldn't find a tree builder with the features you requested: xml. Do you need to install a parser library?
2025-09-20 02:52:19,247 - ERROR - Web search failure (google_news): Couldn't find a tree builder with the features you requested: xml. Do you need to install a parser library?
2025-09-20 02:52:19,581 - ERROR - Web search failure (google_news): Couldn't find a tree builder with the features you requested: xml. Do you need to install a parser library?
2025-09-20 02:52:19,597 - ERROR - Web search failure (google_news): Couldn't find a tree builder with the features you requested: xml. Do you need to install a parser library?
2025-09-20 02:52:19,598 - ERROR - Web search failure (google_news): Couldn't find a tree builder with the features you requested: xml. Do you need to install a parser library?
2025-09-20 02:52:19,691 - ERROR - Web search failure (google_news): Couldn't find a tree builder with the features you requested: xml. Do you need to install a parser library?
2025-09-20 02:52:35,740 - ERROR - Image search failure (bing_images): Response ended prematurely
2025-09-20 02:52:35,765 - ERROR - Image search failure (bing_images): Response ended prematurely
2025-09-20 02:53:08,927 - ERROR - Image discovery error for twitter: 'DiscoveryWatcher' object has no attribute '_scrape_twitter_images'
2025-09-20 02:53:08,928 - ERROR - Image discovery error for twitter: 'DiscoveryWatcher' object has no attribute '_scrape_twitter_images'
2025-09-20 02:53:08,929 - ERROR - Image discovery error for twitter: 'DiscoveryWatcher' object has no attribute '_scrape_twitter_images'
2025-09-20 02:53:08,929 - ERROR - Image discovery error for twitter: 'DiscoveryWatcher' object has no attribute '_scrape_twitter_images'
2025-09-20 02:53:08,931 - ERROR - Image discovery error for twitter: 'DiscoveryWatcher' object has no attribute '_scrape_twitter_images'
2025-09-20 02:53:08,931 - ERROR - Image discovery error for twitter: 'DiscoveryWatcher' object has no attribute '_scrape_twitter_images'
2025-09-20 02:53:08,932 - ERROR - Image discovery error for twitter: 'DiscoveryWatcher' object has no attribute '_scrape_twitter_images'
2025-09-20 02:53:08,933 - ERROR - Image discovery error for twitter: 'DiscoveryWatcher' object has no attribute '_scrape_twitter_images'
2025-09-20 02:53:08,933 - ERROR - Image discovery error for twitter: 'DiscoveryWatcher' object has no attribute '_scrape_twitter_images'
2025-09-20 02:53:08,934 - ERROR - Image discovery error for twitter: 'DiscoveryWatcher' object has no attribute '_scrape_twitter_images'
2025-09-20 02:53:08,935 - ERROR - Image discovery error for twitter: 'DiscoveryWatcher' object has no attribute '_scrape_twitter_images'
2025-09-20 02:53:08,936 - ERROR - Image discovery error for twitter: 'DiscoveryWatcher' object has no attribute '_scrape_twitter_images'
2025-09-20 02:53:08,936 - ERROR - Image discovery error for twitter: 'DiscoveryWatcher' object has no attribute '_scrape_twitter_images'
2025-09-20 02:53:08,937 - ERROR - Image discovery error for twitter: 'DiscoveryWatcher' object has no attribute '_scrape_twitter_images'
2025-09-20 02:53:08,938 - ERROR - Image discovery error for twitter: 'DiscoveryWatcher' object has no attribute '_scrape_twitter_images'
2025-09-20 02:53:08,938 - ERROR - Image discovery error for twitter: 'DiscoveryWatcher' object has no attribute '_scrape_twitter_images'
2025-09-20 02:53:08,939 - ERROR - Image discovery error for twitter: 'DiscoveryWatcher' object has no attribute '_scrape_twitter_images'
2025-09-20 02:53:08,940 - ERROR - Image discovery error for twitter: 'DiscoveryWatcher' object has no attribute '_scrape_twitter_images'
2025-09-20 02:53:08,940 - ERROR - Image discovery error for twitter: 'DiscoveryWatcher' object has no attribute '_scrape_twitter_images'
2025-09-20 02:53:08,941 - ERROR - Image discovery error for twitter: 'DiscoveryWatcher' object has no attribute '_scrape_twitter_images'
2025-09-20 02:53:08,942 - ERROR - Image discovery error for twitter: 'DiscoveryWatcher' object has no attribute '_scrape_twitter_images'
2025-09-20 02:53:08,942 - ERROR - Image discovery error for twitter: 'DiscoveryWatcher' object has no attribute '_scrape_twitter_images'
2025-09-20 02:53:08,943 - ERROR - Image discovery error for twitter: 'DiscoveryWatcher' object has no attribute '_scrape_twitter_images'
2025-09-20 02:53:08,944 - ERROR - Image discovery error for twitter: 'DiscoveryWatcher' object has no attribute '_scrape_twitter_images'
2025-09-20 02:53:08,944 - ERROR - Image discovery error for twitter: 'DiscoveryWatcher' object has no attribute '_scrape_twitter_images'
2025-09-20 02:53:08,945 - ERROR - Image discovery error for twitter: 'DiscoveryWatcher' object has no attribute '_scrape_twitter_images'
2025-09-20 02:53:08,946 - ERROR - Image discovery error for twitter: 'DiscoveryWatcher' object has no attribute '_scrape_twitter_images'
2025-09-20 02:53:08,947 - ERROR - Image discovery error for twitter: 'DiscoveryWatcher' object has no attribute '_scrape_twitter_images'
2025-09-20 02:53:08,947 - ERROR - Image discovery error for instagram: 'DiscoveryWatcher' object has no attribute '_scrape_instagram_images'
2025-09-20 02:53:08,948 - ERROR - Image discovery error for instagram: 'DiscoveryWatcher' object has no attribute '_scrape_instagram_images'
2025-09-20 02:53:08,950 - ERROR - Image discovery error for instagram: 'DiscoveryWatcher' object has no attribute '_scrape_instagram_images'
2025-09-20 02:53:08,951 - ERROR - Image discovery error for instagram: 'DiscoveryWatcher' object has no attribute '_scrape_instagram_images'
2025-09-20 02:53:08,953 - ERROR - Image discovery error for instagram: 'DiscoveryWatcher' object has no attribute '_scrape_instagram_images'
2025-09-20 02:53:08,954 - ERROR - Image discovery error for instagram: 'DiscoveryWatcher' object has no attribute '_scrape_instagram_images'
2025-09-20 02:53:08,955 - ERROR - Image discovery error for instagram: 'DiscoveryWatcher' object has no attribute '_scrape_instagram_images'
2025-09-20 02:53:08,956 - ERROR - Image discovery error for instagram: 'DiscoveryWatcher' object has no attribute '_scrape_instagram_images'
2025-09-20 02:53:08,957 - ERROR - Image discovery error for instagram: 'DiscoveryWatcher' object has no attribute '_scrape_instagram_images'
2025-09-20 02:53:08,958 - ERROR - Image discovery error for instagram: 'DiscoveryWatcher' object has no attribute '_scrape_instagram_images'
2025-09-20 02:53:08,958 - ERROR - Image discovery error for instagram: 'DiscoveryWatcher' object has no attribute '_scrape_instagram_images'
2025-09-20 02:53:08,959 - ERROR - Image discovery error for instagram: 'DiscoveryWatcher' object has no attribute '_scrape_instagram_images'
2025-09-20 02:53:08,960 - ERROR - Image discovery error for instagram: 'DiscoveryWatcher' object has no attribute '_scrape_instagram_images'
2025-09-20 02:53:08,960 - ERROR - Image discovery error for instagram: 'DiscoveryWatcher' object has no attribute '_scrape_instagram_images'
2025-09-20 02:53:08,961 - ERROR - Image discovery error for instagram: 'DiscoveryWatcher' object has no attribute '_scrape_instagram_images'
2025-09-20 02:53:08,962 - ERROR - Image discovery error for instagram: 'DiscoveryWatcher' object has no attribute '_scrape_instagram_images'
2025-09-20 02:53:08,963 - ERROR - Image discovery error for instagram: 'DiscoveryWatcher' object has no attribute '_scrape_instagram_images'
2025-09-20 02:53:08,964 - ERROR - Image discovery error for instagram: 'DiscoveryWatcher' object has no attribute '_scrape_instagram_images'
2025-09-20 02:53:08,965 - ERROR - Image discovery error for instagram: 'DiscoveryWatcher' object has no attribute '_scrape_instagram_images'
2025-09-20 02:53:08,965 - ERROR - Image discovery error for instagram: 'DiscoveryWatcher' object has no attribute '_scrape_instagram_images'
2025-09-20 02:53:08,966 - ERROR - Image discovery error for instagram: 'DiscoveryWatcher' object has no attribute '_scrape_instagram_images'
2025-09-20 02:53:08,966 - ERROR - Image discovery error for instagram: 'DiscoveryWatcher' object has no attribute '_scrape_instagram_images'
2025-09-20 02:53:08,967 - ERROR - Image discovery error for instagram: 'DiscoveryWatcher' object has no attribute '_scrape_instagram_images'
2025-09-20 02:53:08,968 - ERROR - Image discovery error for instagram: 'DiscoveryWatcher' object has no attribute '_scrape_instagram_images'
2025-09-20 02:53:08,969 - ERROR - Image discovery error for instagram: 'DiscoveryWatcher' object has no attribute '_scrape_instagram_images'
2025-09-20 02:53:08,969 - ERROR - Image discovery error for instagram: 'DiscoveryWatcher' object has no attribute '_scrape_instagram_images'
2025-09-20 02:53:08,970 - ERROR - Image discovery error for instagram: 'DiscoveryWatcher' object has no attribute '_scrape_instagram_images'
2025-09-20 02:53:08,971 - ERROR - Image discovery error for instagram: 'DiscoveryWatcher' object has no attribute '_scrape_instagram_images'
2025-09-20 06:01:25,678 - ERROR - Error monitoring twitter: 'DiscoveryWatcher' object has no attribute '_get_social_search_url'
2025-09-20 06:01:25,680 - ERROR - Error monitoring facebook: 'DiscoveryWatcher' object has no attribute '_get_social_search_url'
2025-09-20 06:01:25,681 - ERROR - Error monitoring instagram: 'DiscoveryWatcher' object has no attribute '_get_social_search_url'
2025-09-20 06:01:25,682 - ERROR - Error monitoring linkedin: 'DiscoveryWatcher' object has no attribute '_get_social_search_url'
2025-09-20 06:01:27,710 - ERROR - Web search failure (google_news): Couldn't find a tree builder with the features you requested: xml. Do you need to install a parser library?
2025-09-20 06:01:27,747 - ERROR - Web search failure (google_news): Couldn't find a tree builder with the features you requested: xml. Do you need to install a parser library?
2025-09-20 06:01:27,913 - ERROR - Web search failure (google_news): Couldn't find a tree builder with the features you requested: xml. Do you need to install a parser library?
2025-09-20 06:01:27,913 - ERROR - Web search failure (google_news): Couldn't find a tree builder with the features you requested: xml. Do you need to install a parser library?
2025-09-20 06:01:27,993 - ERROR - Web search failure (google_news): Couldn't find a tree builder with the features you requested: xml. Do you need to install a parser library?
2025-09-20 06:01:27,994 - ERROR - Web search failure (google_news): Couldn't find a tree builder with the features you requested: xml. Do you need to install a parser library?
2025-09-20 06:01:27,994 - ERROR - Web search failure (google_news): Couldn't find a tree builder with the features you requested: xml. Do you need to install a parser library?
2025-09-20 06:01:28,000 - ERROR - Web search failure (google_news): Couldn't find a tree builder with the features you requested: xml. Do you need to install a parser library?
2025-09-20 06:01:28,013 - ERROR - Web search failure (google_news): Couldn't find a tree builder with the features you requested: xml. Do you need to install a parser library?
2025-09-20 06:01:28,014 - ERROR - Web search failure (google_news): Couldn't find a tree builder with the features you requested: xml. Do you need to install a parser library?
2025-09-20 06:01:28,036 - ERROR - Web search failure (google_news): Couldn't find a tree builder with the features you requested: xml. Do you need to install a parser library?
2025-09-20 06:01:28,043 - ERROR - Web search failure (google_news): Couldn't find a tree builder with the features you requested: xml. Do you need to install a parser library?
2025-09-20 06:01:28,050 - ERROR - Web search failure (google_news): Couldn't find a tree builder with the features you requested: xml. Do you need to install a parser library?
2025-09-20 06:01:28,069 - ERROR - Web search failure (google_news): Couldn't find a tree builder with the features you requested: xml. Do you need to install a parser library?
2025-09-20 06:01:28,076 - ERROR - Web search failure (google_news): Couldn't find a tree builder with the features you requested: xml. Do you need to install a parser library?
2025-09-20 06:01:28,088 - ERROR - Web search failure (google_news): Couldn't find a tree builder with the features you requested: xml. Do you need to install a parser library?
2025-09-20 06:01:28,145 - ERROR - Web search failure (google_news): Couldn't find a tree builder with the features you requested: xml. Do you need to install a parser library?
2025-09-20 06:01:28,166 - ERROR - Web search failure (google_news): Couldn't find a tree builder with the features you requested: xml. Do you need to install a parser library?
2025-09-20 06:01:28,194 - ERROR - Web search failure (google_news): Couldn't find a tree builder with the features you requested: xml. Do you need to install a parser library?
2025-09-20 06:01:28,223 - ERROR - Web search failure (google_news): Couldn't find a tree builder with the features you requested: xml. Do you need to install a parser library?
2025-09-20 06:01:28,260 - ERROR - Web search failure (google_news): Couldn't find a tree builder with the features you requested: xml. Do you need to install a parser library?
2025-09-20 06:01:28,306 - ERROR - Web search failure (google_news): Couldn't find a tree builder with the features you requested: xml. Do you need to install a parser library?
2025-09-20 06:01:28,376 - ERROR - Web search failure (google_news): Couldn't find a tree builder with the features you requested: xml. Do you need to install a parser library?
2025-09-20 06:01:28,509 - ERROR - Web search failure (google_news): Couldn't find a tree builder with the features you requested: xml. Do you need to install a parser library?
2025-09-20 06:01:50,884 - ERROR - Image discovery error for twitter: 'DiscoveryWatcher' object has no attribute '_scrape_twitter_images'
2025-09-20 06:01:50,885 - ERROR - Image discovery error for twitter: 'DiscoveryWatcher' object has no attribute '_scrape_twitter_images'
2025-09-20 06:01:50,886 - ERROR - Image discovery error for twitter: 'DiscoveryWatcher' object has no attribute '_scrape_twitter_images'
2025-09-20 06:01:50,887 - ERROR - Image discovery error for twitter: 'DiscoveryWatcher' object has no attribute '_scrape_twitter_images'
2025-09-20 06:01:50,887 - ERROR - Image discovery error for twitter: 'DiscoveryWatcher' object has no attribute '_scrape_twitter_images'
2025-09-20 06:01:50,889 - ERROR - Image discovery error for twitter: 'DiscoveryWatcher' object has no attribute '_scrape_twitter_images'
2025-09-20 06:01:50,890 - ERROR - Image discovery error for twitter: 'DiscoveryWatcher' object has no attribute '_scrape_twitter_images'
2025-09-20 06:01:50,890 - ERROR - Image discovery error for twitter: 'DiscoveryWatcher' object has no attribute '_scrape_twitter_images'
2025-09-20 06:01:50,891 - ERROR - Image discovery error for twitter: 'DiscoveryWatcher' object has no attribute '_scrape_twitter_images'
2025-09-20 06:01:50,892 - ERROR - Image discovery error for twitter: 'DiscoveryWatcher' object has no attribute '_scrape_twitter_images'
2025-09-20 06:01:50,893 - ERROR - Image discovery error for twitter: 'DiscoveryWatcher' object has no attribute '_scrape_twitter_images'
2025-09-20 06:01:50,893 - ERROR - Image discovery error for twitter: 'DiscoveryWatcher' object has no attribute '_scrape_twitter_images'
2025-09-20 06:01:50,894 - ERROR - Image discovery error for twitter: 'DiscoveryWatcher' object has no attribute '_scrape_twitter_images'
2025-09-20 06:01:50,895 - ERROR - Image discovery error for twitter: 'DiscoveryWatcher' object has no attribute '_scrape_twitter_images'
2025-09-20 06:01:50,895 - ERROR - Image discovery error for twitter: 'DiscoveryWatcher' object has no attribute '_scrape_twitter_images'
2025-09-20 06:01:50,896 - ERROR - Image discovery error for twitter: 'DiscoveryWatcher' object has no attribute '_scrape_twitter_images'
2025-09-20 06:01:50,896 - ERROR - Image discovery error for twitter: 'DiscoveryWatcher' object has no attribute '_scrape_twitter_images'
2025-09-20 06:01:50,897 - ERROR - Image discovery error for twitter: 'DiscoveryWatcher' object has no attribute '_scrape_twitter_images'
2025-09-20 06:01:50,898 - ERROR - Image discovery error for twitter: 'DiscoveryWatcher' object has no attribute '_scrape_twitter_images'
2025-09-20 06:01:50,898 - ERROR - Image discovery error for twitter: 'DiscoveryWatcher' object has no attribute '_scrape_twitter_images'
2025-09-20 06:01:50,899 - ERROR - Image discovery error for twitter: 'DiscoveryWatcher' object has no attribute '_scrape_twitter_images'
2025-09-20 06:01:50,899 - ERROR - Image discovery error for twitter: 'DiscoveryWatcher' object has no attribute '_scrape_twitter_images'
2025-09-20 06:01:50,900 - ERROR - Image discovery error for twitter: 'DiscoveryWatcher' object has no attribute '_scrape_twitter_images'
2025-09-20 06:01:50,901 - ERROR - Image discovery error for twitter: 'DiscoveryWatcher' object has no attribute '_scrape_twitter_images'
2025-09-20 06:01:50,901 - ERROR - Image discovery error for twitter: 'DiscoveryWatcher' object has no attribute '_scrape_twitter_images'
2025-09-20 06:01:50,902 - ERROR - Image discovery error for twitter: 'DiscoveryWatcher' object has no attribute '_scrape_twitter_images'
2025-09-20 06:01:50,902 - ERROR - Image discovery error for twitter: 'DiscoveryWatcher' object has no attribute '_scrape_twitter_images'
2025-09-20 06:01:50,903 - ERROR - Image discovery error for twitter: 'DiscoveryWatcher' object has no attribute '_scrape_twitter_images'
2025-09-20 06:01:50,904 - ERROR - Image discovery error for instagram: 'DiscoveryWatcher' object has no attribute '_scrape_instagram_images'
2025-09-20 06:01:50,905 - ERROR - Image discovery error for instagram: 'DiscoveryWatcher' object has no attribute '_scrape_instagram_images'
2025-09-20 06:01:50,906 - ERROR - Image discovery error for instagram: 'DiscoveryWatcher' object has no attribute '_scrape_instagram_images'
2025-09-20 06:01:50,907 - ERROR - Image discovery error for instagram: 'DiscoveryWatcher' object has no attribute '_scrape_instagram_images'
2025-09-20 06:01:50,907 - ERROR - Image discovery error for instagram: 'DiscoveryWatcher' object has no attribute '_scrape_instagram_images'
2025-09-20 06:01:50,908 - ERROR - Image discovery error for instagram: 'DiscoveryWatcher' object has no attribute '_scrape_instagram_images'
2025-09-20 06:01:50,910 - ERROR - Image discovery error for instagram: 'DiscoveryWatcher' object has no attribute '_scrape_instagram_images'
2025-09-20 06:01:50,910 - ERROR - Image discovery error for instagram: 'DiscoveryWatcher' object has no attribute '_scrape_instagram_images'
2025-09-20 06:01:50,911 - ERROR - Image discovery error for instagram: 'DiscoveryWatcher' object has no attribute '_scrape_instagram_images'
2025-09-20 06:01:50,912 - ERROR - Image discovery error for instagram: 'DiscoveryWatcher' object has no attribute '_scrape_instagram_images'
2025-09-20 06:01:50,913 - ERROR - Image discovery error for instagram: 'DiscoveryWatcher' object has no attribute '_scrape_instagram_images'
2025-09-20 06:01:50,914 - ERROR - Image discovery error for instagram: 'DiscoveryWatcher' object has no attribute '_scrape_instagram_images'
2025-09-20 06:01:50,914 - ERROR - Image discovery error for instagram: 'DiscoveryWatcher' object has no attribute '_scrape_instagram_images'
2025-09-20 06:01:50,915 - ERROR - Image discovery error for instagram: 'DiscoveryWatcher' object has no attribute '_scrape_instagram_images'
2025-09-20 06:01:50,916 - ERROR - Image discovery error for instagram: 'DiscoveryWatcher' object has no attribute '_scrape_instagram_images'
2025-09-20 06:01:50,916 - ERROR - Image discovery error for instagram: 'DiscoveryWatcher' object has no attribute '_scrape_instagram_images'
2025-09-20 06:01:50,917 - ERROR - Image discovery error for instagram: 'DiscoveryWatcher' object has no attribute '_scrape_instagram_images'
2025-09-20 06:01:50,918 - ERROR - Image discovery error for instagram: 'DiscoveryWatcher' object has no attribute '_scrape_instagram_images'
2025-09-20 06:01:50,918 - ERROR - Image discovery error for instagram: 'DiscoveryWatcher' object has no attribute '_scrape_instagram_images'
2025-09-20 06:01:50,919 - ERROR - Image discovery error for instagram: 'DiscoveryWatcher' object has no attribute '_scrape_instagram_images'
2025-09-20 06:01:50,920 - ERROR - Image discovery error for instagram: 'DiscoveryWatcher' object has no attribute '_scrape_instagram_images'
2025-09-20 06:01:50,921 - ERROR - Image discovery error for instagram: 'DiscoveryWatcher' object has no attribute '_scrape_instagram_images'
2025-09-20 06:01:50,921 - ERROR - Image discovery error for instagram: 'DiscoveryWatcher' object has no attribute '_scrape_instagram_images'
2025-09-20 06:01:50,922 - ERROR - Image discovery error for instagram: 'DiscoveryWatcher' object has no attribute '_scrape_instagram_images'
2025-09-20 06:01:50,923 - ERROR - Image discovery error for instagram: 'DiscoveryWatcher' object has no attribute '_scrape_instagram_images'
2025-09-20 06:01:50,923 - ERROR - Image discovery error for instagram: 'DiscoveryWatcher' object has no attribute '_scrape_instagram_images'
2025-09-20 06:01:50,924 - ERROR - Image discovery error for instagram: 'DiscoveryWatcher' object has no attribute '_scrape_instagram_images'
2025-09-20 06:01:50,925 - ERROR - Image discovery error for instagram: 'DiscoveryWatcher' object has no attribute '_scrape_instagram_images'
2025-09-20 07:46:42,525 - ERROR - Error monitoring twitter: 'DiscoveryWatcher' object has no attribute '_get_social_search_url'
2025-09-20 07:46:42,527 - ERROR - Error monitoring facebook: 'DiscoveryWatcher' object has no attribute '_get_social_search_url'
2025-09-20 07:46:42,528 - ERROR - Error monitoring instagram: 'DiscoveryWatcher' object has no attribute '_get_social_search_url'
2025-09-20 07:46:42,529 - ERROR - Error monitoring linkedin: 'DiscoveryWatcher' object has no attribute '_get_social_search_url'
2025-09-20 07:46:43,785 - ERROR - Web search failure (google_news): Couldn't find a tree builder with the features you requested: xml. Do you need to install a parser library?
2025-09-20 07:46:43,824 - ERROR - Web search failure (google_news): Couldn't find a tree builder with the features you requested: xml. Do you need to install a parser library?
2025-09-20 07:46:43,875 - ERROR - Web search failure (google_news): Couldn't find a tree builder with the features you requested: xml. Do you need to install a parser library?
2025-09-20 07:46:43,885 - ERROR - Web search failure (google_news): Couldn't find a tree builder with the features you requested: xml. Do you need to install a parser library?
2025-09-20 07:46:43,885 - ERROR - Web search failure (google_news): Couldn't find a tree builder with the features you requested: xml. Do you need to install a parser library?
2025-09-20 07:46:43,967 - ERROR - Web search failure (google_news): Couldn't find a tree builder with the features you requested: xml. Do you need to install a parser library?
2025-09-20 07:46:44,046 - ERROR - Web search failure (google_news): Couldn't find a tree builder with the features you requested: xml. Do you need to install a parser library?
2025-09-20 07:46:44,046 - ERROR - Web search failure (google_news): Couldn't find a tree builder with the features you requested: xml. Do you need to install a parser library?
2025-09-20 07:46:44,096 - ERROR - Web search failure (google_news): Couldn't find a tree builder with the features you requested: xml. Do you need to install a parser library?
2025-09-20 07:46:44,104 - ERROR - Web search failure (google_news): Couldn't find a tree builder with the features you requested: xml. Do you need to install a parser library?
2025-09-20 07:46:44,109 - ERROR - Web search failure (google_news): Couldn't find a tree builder with the features you requested: xml. Do you need to install a parser library?
2025-09-20 07:46:44,124 - ERROR - Web search failure (google_news): Couldn't find a tree builder with the features you requested: xml. Do you need to install a parser library?
2025-09-20 07:46:44,150 - ERROR - Web search failure (google_news): Couldn't find a tree builder with the features you requested: xml. Do you need to install a parser library?
2025-09-20 07:46:44,153 - ERROR - Web search failure (google_news): Couldn't find a tree builder with the features you requested: xml. Do you need to install a parser library?
2025-09-20 07:46:44,158 - ERROR - Web search failure (google_news): Couldn't find a tree builder with the features you requested: xml. Do you need to install a parser library?
2025-09-20 07:46:44,182 - ERROR - Web search failure (google_news): Couldn't find a tree builder with the features you requested: xml. Do you need to install a parser library?
2025-09-20 07:46:44,207 - ERROR - Web search failure (google_news): Couldn't find a tree builder with the features you requested: xml. Do you need to install a parser library?
2025-09-20 07:46:44,216 - ERROR - Web search failure (google_news): Couldn't find a tree builder with the features you requested: xml. Do you need to install a parser library?
2025-09-20 07:46:44,221 - ERROR - Web search failure (google_news): Couldn't find a tree builder with the features you requested: xml. Do you need to install a parser library?
2025-09-20 07:46:44,235 - ERROR - Web search failure (google_news): Couldn't find a tree builder with the features you requested: xml. Do you need to install a parser library?
2025-09-20 07:46:44,334 - ERROR - Web search failure (google_news): Couldn't find a tree builder with the features you requested: xml. Do you need to install a parser library?
2025-09-20 07:46:44,349 - ERROR - Web search failure (google_news): Couldn't find a tree builder with the features you requested: xml. Do you need to install a parser library?
2025-09-20 07:46:44,435 - ERROR - Web search failure (google_news): Couldn't find a tree builder with the features you requested: xml. Do you need to install a parser library?
2025-09-20 07:46:44,751 - ERROR - Web search failure (google_news): Couldn't find a tree builder with the features you requested: xml. Do you need to install a parser library?
2025-09-20 07:47:06,136 - ERROR - Image discovery error for twitter: 'DiscoveryWatcher' object has no attribute '_scrape_twitter_images'
2025-09-20 07:47:06,137 - ERROR - Image discovery error for twitter: 'DiscoveryWatcher' object has no attribute '_scrape_twitter_images'
2025-09-20 07:47:06,138 - ERROR - Image discovery error for twitter: 'DiscoveryWatcher' object has no attribute '_scrape_twitter_images'
2025-09-20 07:47:06,139 - ERROR - Image discovery error for twitter: 'DiscoveryWatcher' object has no attribute '_scrape_twitter_images'
2025-09-20 07:47:06,139 - ERROR - Image discovery error for twitter: 'DiscoveryWatcher' object has no attribute '_scrape_twitter_images'
2025-09-20 07:47:06,140 - ERROR - Image discovery error for twitter: 'DiscoveryWatcher' object has no attribute '_scrape_twitter_images'
2025-09-20 07:47:06,140 - ERROR - Image discovery error for twitter: 'DiscoveryWatcher' object has no attribute '_scrape_twitter_images'
2025-09-20 07:47:06,142 - ERROR - Image discovery error for twitter: 'DiscoveryWatcher' object has no attribute '_scrape_twitter_images'
2025-09-20 07:47:06,142 - ERROR - Image discovery error for twitter: 'DiscoveryWatcher' object has no attribute '_scrape_twitter_images'
2025-09-20 07:47:06,143 - ERROR - Image discovery error for twitter: 'DiscoveryWatcher' object has no attribute '_scrape_twitter_images'
2025-09-20 07:47:06,144 - ERROR - Image discovery error for twitter: 'DiscoveryWatcher' object has no attribute '_scrape_twitter_images'
2025-09-20 07:47:06,144 - ERROR - Image discovery error for twitter: 'DiscoveryWatcher' object has no attribute '_scrape_twitter_images'
2025-09-20 07:47:06,145 - ERROR - Image discovery error for twitter: 'DiscoveryWatcher' object has no attribute '_scrape_twitter_images'
2025-09-20 07:47:06,146 - ERROR - Image discovery error for twitter: 'DiscoveryWatcher' object has no attribute '_scrape_twitter_images'
2025-09-20 07:47:06,146 - ERROR - Image discovery error for twitter: 'DiscoveryWatcher' object has no attribute '_scrape_twitter_images'
2025-09-20 07:47:06,147 - ERROR - Image discovery error for twitter: 'DiscoveryWatcher' object has no attribute '_scrape_twitter_images'
2025-09-20 07:47:06,148 - ERROR - Image discovery error for twitter: 'DiscoveryWatcher' object has no attribute '_scrape_twitter_images'
2025-09-20 07:47:06,148 - ERROR - Image discovery error for twitter: 'DiscoveryWatcher' object has no attribute '_scrape_twitter_images'
2025-09-20 07:47:06,149 - ERROR - Image discovery error for twitter: 'DiscoveryWatcher' object has no attribute '_scrape_twitter_images'
2025-09-20 07:47:06,150 - ERROR - Image discovery error for twitter: 'DiscoveryWatcher' object has no attribute '_scrape_twitter_images'
2025-09-20 07:47:06,151 - ERROR - Image discovery error for twitter: 'DiscoveryWatcher' object has no attribute '_scrape_twitter_images'
2025-09-20 07:47:06,153 - ERROR - Image discovery error for twitter: 'DiscoveryWatcher' object has no attribute '_scrape_twitter_images'
2025-09-20 07:47:06,154 - ERROR - Image discovery error for twitter: 'DiscoveryWatcher' object has no attribute '_scrape_twitter_images'
2025-09-20 07:47:06,155 - ERROR - Image discovery error for twitter: 'DiscoveryWatcher' object has no attribute '_scrape_twitter_images'
2025-09-20 07:47:06,157 - ERROR - Image discovery error for twitter: 'DiscoveryWatcher' object has no attribute '_scrape_twitter_images'
2025-09-20 07:47:06,158 - ERROR - Image discovery error for twitter: 'DiscoveryWatcher' object has no attribute '_scrape_twitter_images'
2025-09-20 07:47:06,159 - ERROR - Image discovery error for twitter: 'DiscoveryWatcher' object has no attribute '_scrape_twitter_images'
2025-09-20 07:47:06,160 - ERROR - Image discovery error for twitter: 'DiscoveryWatcher' object has no attribute '_scrape_twitter_images'
2025-09-20 07:47:06,160 - ERROR - Image discovery error for instagram: 'DiscoveryWatcher' object has no attribute '_scrape_instagram_images'
2025-09-20 07:47:06,161 - ERROR - Image discovery error for instagram: 'DiscoveryWatcher' object has no attribute '_scrape_instagram_images'
2025-09-20 07:47:06,162 - ERROR - Image discovery error for instagram: 'DiscoveryWatcher' object has no attribute '_scrape_instagram_images'
2025-09-20 07:47:06,162 - ERROR - Image discovery error for instagram: 'DiscoveryWatcher' object has no attribute '_scrape_instagram_images'
2025-09-20 07:47:06,163 - ERROR - Image discovery error for instagram: 'DiscoveryWatcher' object has no attribute '_scrape_instagram_images'
2025-09-20 07:47:06,164 - ERROR - Image discovery error for instagram: 'DiscoveryWatcher' object has no attribute '_scrape_instagram_images'
2025-09-20 07:47:06,164 - ERROR - Image discovery error for instagram: 'DiscoveryWatcher' object has no attribute '_scrape_instagram_images'
2025-09-20 07:47:06,165 - ERROR - Image discovery error for instagram: 'DiscoveryWatcher' object has no attribute '_scrape_instagram_images'
2025-09-20 07:47:06,166 - ERROR - Image discovery error for instagram: 'DiscoveryWatcher' object has no attribute '_scrape_instagram_images'
2025-09-20 07:47:06,167 - ERROR - Image discovery error for instagram: 'DiscoveryWatcher' object has no attribute '_scrape_instagram_images'
2025-09-20 07:47:06,168 - ERROR - Image discovery error for instagram: 'DiscoveryWatcher' object has no attribute '_scrape_instagram_images'
2025-09-20 07:47:06,168 - ERROR - Image discovery error for instagram: 'DiscoveryWatcher' object has no attribute '_scrape_instagram_images'
2025-09-20 07:47:06,169 - ERROR - Image discovery error for instagram: 'DiscoveryWatcher' object has no attribute '_scrape_instagram_images'
2025-09-20 07:47:06,170 - ERROR - Image discovery error for instagram: 'DiscoveryWatcher' object has no attribute '_scrape_instagram_images'
2025-09-20 07:47:06,170 - ERROR - Image discovery error for instagram: 'DiscoveryWatcher' object has no attribute '_scrape_instagram_images'
2025-09-20 07:47:06,171 - ERROR - Image discovery error for instagram: 'DiscoveryWatcher' object has no attribute '_scrape_instagram_images'
2025-09-20 07:47:06,172 - ERROR - Image discovery error for instagram: 'DiscoveryWatcher' object has no attribute '_scrape_instagram_images'
2025-09-20 07:47:06,173 - ERROR - Image discovery error for instagram: 'DiscoveryWatcher' object has no attribute '_scrape_instagram_images'
2025-09-20 07:47:06,173 - ERROR - Image discovery error for instagram: 'DiscoveryWatcher' object has no attribute '_scrape_instagram_images'
2025-09-20 07:47:06,174 - ERROR - Image discovery error for instagram: 'DiscoveryWatcher' object has no attribute '_scrape_instagram_images'
2025-09-20 07:47:06,175 - ERROR - Image discovery error for instagram: 'DiscoveryWatcher' object has no attribute '_scrape_instagram_images'
2025-09-20 07:47:06,175 - ERROR - Image discovery error for instagram: 'DiscoveryWatcher' object has no attribute '_scrape_instagram_images'
2025-09-20 07:47:06,176 - ERROR - Image discovery error for instagram: 'DiscoveryWatcher' object has no attribute '_scrape_instagram_images'
2025-09-20 07:47:06,177 - ERROR - Image discovery error for instagram: 'DiscoveryWatcher' object has no attribute '_scrape_instagram_images'
2025-09-20 07:47:06,178 - ERROR - Image discovery error for instagram: 'DiscoveryWatcher' object has no attribute '_scrape_instagram_images'
2025-09-20 07:47:06,178 - ERROR - Image discovery error for instagram: 'DiscoveryWatcher' object has no attribute '_scrape_instagram_images'
2025-09-20 07:47:06,179 - ERROR - Image discovery error for instagram: 'DiscoveryWatcher' object has no attribute '_scrape_instagram_images'
2025-09-20 07:47:06,180 - ERROR - Image discovery error for instagram: 'DiscoveryWatcher' object has no attribute '_scrape_instagram_images'
2025-09-20 08:54:12,048 - ERROR - Error monitoring twitter: 'DiscoveryWatcher' object has no attribute '_get_social_search_url'
2025-09-20 08:54:12,049 - ERROR - Error monitoring facebook: 'DiscoveryWatcher' object has no attribute '_get_social_search_url'
2025-09-20 08:54:12,050 - ERROR - Error monitoring instagram: 'DiscoveryWatcher' object has no attribute '_get_social_search_url'
2025-09-20 08:54:12,051 - ERROR - Error monitoring linkedin: 'DiscoveryWatcher' object has no attribute '_get_social_search_url'
2025-09-20 08:54:13,834 - ERROR - Web search failure (google_news): Couldn't find a tree builder with the features you requested: xml. Do you need to install a parser library?
2025-09-20 08:54:13,855 - ERROR - Web search failure (google_news): Couldn't find a tree builder with the features you requested: xml. Do you need to install a parser library?
2025-09-20 08:54:13,867 - ERROR - Web search failure (google_news): Couldn't find a tree builder with the features you requested: xml. Do you need to install a parser library?
2025-09-20 08:54:13,888 - ERROR - Web search failure (google_news): Couldn't find a tree builder with the features you requested: xml. Do you need to install a parser library?
2025-09-20 08:54:14,049 - ERROR - Web search failure (google_news): Couldn't find a tree builder with the features you requested: xml. Do you need to install a parser library?
2025-09-20 08:54:14,063 - ERROR - Web search failure (google_news): Couldn't find a tree builder with the features you requested: xml. Do you need to install a parser library?
2025-09-20 08:54:14,159 - ERROR - Web search failure (google_news): Couldn't find a tree builder with the features you requested: xml. Do you need to install a parser library?
2025-09-20 08:54:14,169 - ERROR - Web search failure (google_news): Couldn't find a tree builder with the features you requested: xml. Do you need to install a parser library?
2025-09-20 08:54:14,178 - ERROR - Web search failure (google_news): Couldn't find a tree builder with the features you requested: xml. Do you need to install a parser library?
2025-09-20 08:54:14,182 - ERROR - Web search failure (google_news): Couldn't find a tree builder with the features you requested: xml. Do you need to install a parser library?
2025-09-20 08:54:14,186 - ERROR - Web search failure (google_news): Couldn't find a tree builder with the features you requested: xml. Do you need to install a parser library?
2025-09-20 08:54:14,190 - ERROR - Web search failure (google_news): Couldn't find a tree builder with the features you requested: xml. Do you need to install a parser library?
2025-09-20 08:54:14,191 - ERROR - Web search failure (google_news): Couldn't find a tree builder with the features you requested: xml. Do you need to install a parser library?
2025-09-20 08:54:14,194 - ERROR - Web search failure (google_news): Couldn't find a tree builder with the features you requested: xml. Do you need to install a parser library?
2025-09-20 08:54:14,194 - ERROR - Web search failure (google_news): Couldn't find a tree builder with the features you requested: xml. Do you need to install a parser library?
2025-09-20 08:54:14,200 - ERROR - Web search failure (google_news): Couldn't find a tree builder with the features you requested: xml. Do you need to install a parser library?
2025-09-20 08:54:14,231 - ERROR - Web search failure (google_news): Couldn't find a tree builder with the features you requested: xml. Do you need to install a parser library?
2025-09-20 08:54:14,265 - ERROR - Web search failure (google_news): Couldn't find a tree builder with the features you requested: xml. Do you need to install a parser library?
2025-09-20 08:54:14,277 - ERROR - Web search failure (google_news): Couldn't find a tree builder with the features you requested: xml. Do you need to install a parser library?
2025-09-20 08:54:14,283 - ERROR - Web search failure (google_news): Couldn't find a tree builder with the features you requested: xml. Do you need to install a parser library?
2025-09-20 08:54:14,296 - ERROR - Web search failure (google_news): Couldn't find a tree builder with the features you requested: xml. Do you need to install a parser library?
2025-09-20 08:54:14,310 - ERROR - Web search failure (google_news): Couldn't find a tree builder with the features you requested: xml. Do you need to install a parser library?
2025-09-20 08:54:14,329 - ERROR - Web search failure (google_news): Couldn't find a tree builder with the features you requested: xml. Do you need to install a parser library?
2025-09-20 08:54:14,470 - ERROR - Web search failure (google_news): Couldn't find a tree builder with the features you requested: xml. Do you need to install a parser library?
2025-09-20 08:54:35,516 - ERROR - Image discovery error for twitter: 'DiscoveryWatcher' object has no attribute '_scrape_twitter_images'
2025-09-20 08:54:35,546 - ERROR - Image discovery error for twitter: 'DiscoveryWatcher' object has no attribute '_scrape_twitter_images'
2025-09-20 08:54:35,553 - ERROR - Image discovery error for twitter: 'DiscoveryWatcher' object has no attribute '_scrape_twitter_images'
2025-09-20 08:54:35,565 - ERROR - Image discovery error for twitter: 'DiscoveryWatcher' object has no attribute '_scrape_twitter_images'
2025-09-20 08:54:35,575 - ERROR - Image discovery error for twitter: 'DiscoveryWatcher' object has no attribute '_scrape_twitter_images'
2025-09-20 08:54:35,576 - ERROR - Image discovery error for twitter: 'DiscoveryWatcher' object has no attribute '_scrape_twitter_images'
2025-09-20 08:54:35,577 - ERROR - Image discovery error for twitter: 'DiscoveryWatcher' object has no attribute '_scrape_twitter_images'
2025-09-20 08:54:35,578 - ERROR - Image discovery error for twitter: 'DiscoveryWatcher' object has no attribute '_scrape_twitter_images'
2025-09-20 08:54:35,581 - ERROR - Image discovery error for twitter: 'DiscoveryWatcher' object has no attribute '_scrape_twitter_images'
2025-09-20 08:54:35,583 - ERROR - Image discovery error for twitter: 'DiscoveryWatcher' object has no attribute '_scrape_twitter_images'
2025-09-20 08:54:35,584 - ERROR - Image discovery error for twitter: 'DiscoveryWatcher' object has no attribute '_scrape_twitter_images'
2025-09-20 08:54:35,585 - ERROR - Image discovery error for twitter: 'DiscoveryWatcher' object has no attribute '_scrape_twitter_images'
2025-09-20 08:54:35,586 - ERROR - Image discovery error for twitter: 'DiscoveryWatcher' object has no attribute '_scrape_twitter_images'
2025-09-20 08:54:35,586 - ERROR - Image discovery error for twitter: 'DiscoveryWatcher' object has no attribute '_scrape_twitter_images'
2025-09-20 08:54:35,587 - ERROR - Image discovery error for twitter: 'DiscoveryWatcher' object has no attribute '_scrape_twitter_images'
2025-09-20 08:54:35,588 - ERROR - Image discovery error for twitter: 'DiscoveryWatcher' object has no attribute '_scrape_twitter_images'
2025-09-20 08:54:35,588 - ERROR - Image discovery error for twitter: 'DiscoveryWatcher' object has no attribute '_scrape_twitter_images'
2025-09-20 08:54:35,589 - ERROR - Image discovery error for twitter: 'DiscoveryWatcher' object has no attribute '_scrape_twitter_images'
2025-09-20 08:54:35,590 - ERROR - Image discovery error for twitter: 'DiscoveryWatcher' object has no attribute '_scrape_twitter_images'
2025-09-20 08:54:35,591 - ERROR - Image discovery error for twitter: 'DiscoveryWatcher' object has no attribute '_scrape_twitter_images'
2025-09-20 08:54:35,591 - ERROR - Image discovery error for twitter: 'DiscoveryWatcher' object has no attribute '_scrape_twitter_images'
2025-09-20 08:54:35,592 - ERROR - Image discovery error for twitter: 'DiscoveryWatcher' object has no attribute '_scrape_twitter_images'
2025-09-20 08:54:35,593 - ERROR - Image discovery error for twitter: 'DiscoveryWatcher' object has no attribute '_scrape_twitter_images'
2025-09-20 08:54:35,593 - ERROR - Image discovery error for twitter: 'DiscoveryWatcher' object has no attribute '_scrape_twitter_images'
2025-09-20 08:54:35,594 - ERROR - Image discovery error for twitter: 'DiscoveryWatcher' object has no attribute '_scrape_twitter_images'
2025-09-20 08:54:35,595 - ERROR - Image discovery error for twitter: 'DiscoveryWatcher' object has no attribute '_scrape_twitter_images'
2025-09-20 08:54:35,595 - ERROR - Image discovery error for twitter: 'DiscoveryWatcher' object has no attribute '_scrape_twitter_images'
2025-09-20 08:54:35,597 - ERROR - Image discovery error for twitter: 'DiscoveryWatcher' object has no attribute '_scrape_twitter_images'
2025-09-20 08:54:35,598 - ERROR - Image discovery error for instagram: 'DiscoveryWatcher' object has no attribute '_scrape_instagram_images'
2025-09-20 08:54:35,599 - ERROR - Image discovery error for instagram: 'DiscoveryWatcher' object has no attribute '_scrape_instagram_images'
2025-09-20 08:54:35,599 - ERROR - Image discovery error for instagram: 'DiscoveryWatcher' object has no attribute '_scrape_instagram_images'
2025-09-20 08:54:35,600 - ERROR - Image discovery error for instagram: 'DiscoveryWatcher' object has no attribute '_scrape_instagram_images'
2025-09-20 08:54:35,601 - ERROR - Image discovery error for instagram: 'DiscoveryWatcher' object has no attribute '_scrape_instagram_images'
2025-09-20 08:54:35,601 - ERROR - Image discovery error for instagram: 'DiscoveryWatcher' object has no attribute '_scrape_instagram_images'
2025-09-20 08:54:35,602 - ERROR - Image discovery error for instagram: 'DiscoveryWatcher' object has no attribute '_scrape_instagram_images'
2025-09-20 08:54:35,603 - ERROR - Image discovery error for instagram: 'DiscoveryWatcher' object has no attribute '_scrape_instagram_images'
2025-09-20 08:54:35,603 - ERROR - Image discovery error for instagram: 'DiscoveryWatcher' object has no attribute '_scrape_instagram_images'
2025-09-20 08:54:35,604 - ERROR - Image discovery error for instagram: 'DiscoveryWatcher' object has no attribute '_scrape_instagram_images'
2025-09-20 08:54:35,605 - ERROR - Image discovery error for instagram: 'DiscoveryWatcher' object has no attribute '_scrape_instagram_images'
2025-09-20 08:54:35,605 - ERROR - Image discovery error for instagram: 'DiscoveryWatcher' object has no attribute '_scrape_instagram_images'
2025-09-20 08:54:35,606 - ERROR - Image discovery error for instagram: 'DiscoveryWatcher' object has no attribute '_scrape_instagram_images'
2025-09-20 08:54:35,607 - ERROR - Image discovery error for instagram: 'DiscoveryWatcher' object has no attribute '_scrape_instagram_images'
2025-09-20 08:54:35,607 - ERROR - Image discovery error for instagram: 'DiscoveryWatcher' object has no attribute '_scrape_instagram_images'
2025-09-20 08:54:35,608 - ERROR - Image discovery error for instagram: 'DiscoveryWatcher' object has no attribute '_scrape_instagram_images'
2025-09-20 08:54:35,609 - ERROR - Image discovery error for instagram: 'DiscoveryWatcher' object has no attribute '_scrape_instagram_images'
2025-09-20 08:54:35,609 - ERROR - Image discovery error for instagram: 'DiscoveryWatcher' object has no attribute '_scrape_instagram_images'
2025-09-20 08:54:35,610 - ERROR - Image discovery error for instagram: 'DiscoveryWatcher' object has no attribute '_scrape_instagram_images'
2025-09-20 08:54:35,611 - ERROR - Image discovery error for instagram: 'DiscoveryWatcher' object has no attribute '_scrape_instagram_images'
2025-09-20 08:54:35,611 - ERROR - Image discovery error for instagram: 'DiscoveryWatcher' object has no attribute '_scrape_instagram_images'
2025-09-20 08:54:35,612 - ERROR - Image discovery error for instagram: 'DiscoveryWatcher' object has no attribute '_scrape_instagram_images'
2025-09-20 08:54:35,613 - ERROR - Image discovery error for instagram: 'DiscoveryWatcher' object has no attribute '_scrape_instagram_images'
2025-09-20 08:54:35,613 - ERROR - Image discovery error for instagram: 'DiscoveryWatcher' object has no attribute '_scrape_instagram_images'
2025-09-20 08:54:35,614 - ERROR - Image discovery error for instagram: 'DiscoveryWatcher' object has no attribute '_scrape_instagram_images'
2025-09-20 08:54:35,615 - ERROR - Image discovery error for instagram: 'DiscoveryWatcher' object has no attribute '_scrape_instagram_images'
2025-09-20 08:54:35,615 - ERROR - Image discovery error for instagram: 'DiscoveryWatcher' object has no attribute '_scrape_instagram_images'
2025-09-20 08:54:35,617 - ERROR - Image discovery error for instagram: 'DiscoveryWatcher' object has no attribute '_scrape_instagram_images'
2025-09-20 12:50:57,902 - ERROR - Error monitoring twitter: 'DiscoveryWatcher' object has no attribute '_get_social_search_url'
2025-09-20 12:50:57,906 - ERROR - Error monitoring facebook: 'DiscoveryWatcher' object has no attribute '_get_social_search_url'
2025-09-20 12:50:57,907 - ERROR - Error monitoring instagram: 'DiscoveryWatcher' object has no attribute '_get_social_search_url'
2025-09-20 12:50:57,907 - ERROR - Error monitoring linkedin: 'DiscoveryWatcher' object has no attribute '_get_social_search_url'
2025-09-20 12:50:59,111 - ERROR - Web search failure (google_news): Couldn't find a tree builder with the features you requested: xml. Do you need to install a parser library?
2025-09-20 12:50:59,118 - ERROR - Web search failure (google_news): Couldn't find a tree builder with the features you requested: xml. Do you need to install a parser library?
2025-09-20 12:50:59,209 - ERROR - Web search failure (google_news): Couldn't find a tree builder with the features you requested: xml. Do you need to install a parser library?
2025-09-20 12:50:59,220 - ERROR - Web search failure (google_news): Couldn't find a tree builder with the features you requested: xml. Do you need to install a parser library?
2025-09-20 12:50:59,279 - ERROR - Web search failure (google_news): Couldn't find a tree builder with the features you requested: xml. Do you need to install a parser library?
2025-09-20 12:50:59,317 - ERROR - Web search failure (google_news): Couldn't find a tree builder with the features you requested: xml. Do you need to install a parser library?
2025-09-20 12:50:59,321 - ERROR - Web search failure (google_news): Couldn't find a tree builder with the features you requested: xml. Do you need to install a parser library?
2025-09-20 12:50:59,328 - ERROR - Web search failure (google_news): Couldn't find a tree builder with the features you requested: xml. Do you need to install a parser library?
2025-09-20 12:50:59,336 - ERROR - Web search failure (google_news): Couldn't find a tree builder with the features you requested: xml. Do you need to install a parser library?
2025-09-20 12:50:59,382 - ERROR - Web search failure (google_news): Couldn't find a tree builder with the features you requested: xml. Do you need to install a parser library?
2025-09-20 12:50:59,389 - ERROR - Web search failure (google_news): Couldn't find a tree builder with the features you requested: xml. Do you need to install a parser library?
2025-09-20 12:50:59,404 - ERROR - Web search failure (google_news): Couldn't find a tree builder with the features you requested: xml. Do you need to install a parser library?
2025-09-20 12:50:59,423 - ERROR - Web search failure (google_news): Couldn't find a tree builder with the features you requested: xml. Do you need to install a parser library?
2025-09-20 12:50:59,423 - ERROR - Web search failure (google_news): Couldn't find a tree builder with the features you requested: xml. Do you need to install a parser library?
2025-09-20 12:50:59,425 - ERROR - Web search failure (google_news): Couldn't find a tree builder with the features you requested: xml. Do you need to install a parser library?
2025-09-20 12:50:59,438 - ERROR - Web search failure (google_news): Couldn't find a tree builder with the features you requested: xml. Do you need to install a parser library?
2025-09-20 12:50:59,484 - ERROR - Web search failure (google_news): Couldn't find a tree builder with the features you requested: xml. Do you need to install a parser library?
2025-09-20 12:50:59,498 - ERROR - Web search failure (google_news): Couldn't find a tree builder with the features you requested: xml. Do you need to install a parser library?
2025-09-20 12:50:59,560 - ERROR - Web search failure (google_news): Couldn't find a tree builder with the features you requested: xml. Do you need to install a parser library?
2025-09-20 12:50:59,592 - ERROR - Web search failure (google_news): Couldn't find a tree builder with the features you requested: xml. Do you need to install a parser library?
2025-09-20 12:50:59,673 - ERROR - Web search failure (google_news): Couldn't find a tree builder with the features you requested: xml. Do you need to install a parser library?
2025-09-20 12:50:59,712 - ERROR - Web search failure (google_news): Couldn't find a tree builder with the features you requested: xml. Do you need to install a parser library?
2025-09-20 12:50:59,739 - ERROR - Web search failure (google_news): Couldn't find a tree builder with the features you requested: xml. Do you need to install a parser library?
2025-09-20 12:50:59,817 - ERROR - Web search failure (google_news): Couldn't find a tree builder with the features you requested: xml. Do you need to install a parser library?
2025-09-20 12:51:21,941 - ERROR - Image discovery error for twitter: 'DiscoveryWatcher' object has no attribute '_scrape_twitter_images'
2025-09-20 12:51:21,943 - ERROR - Image discovery error for twitter: 'DiscoveryWatcher' object has no attribute '_scrape_twitter_images'
2025-09-20 12:51:21,946 - ERROR - Image discovery error for twitter: 'DiscoveryWatcher' object has no attribute '_scrape_twitter_images'
2025-09-20 12:51:21,947 - ERROR - Image discovery error for twitter: 'DiscoveryWatcher' object has no attribute '_scrape_twitter_images'
2025-09-20 12:51:21,949 - ERROR - Image discovery error for twitter: 'DiscoveryWatcher' object has no attribute '_scrape_twitter_images'
2025-09-20 12:51:21,949 - ERROR - Image discovery error for twitter: 'DiscoveryWatcher' object has no attribute '_scrape_twitter_images'
2025-09-20 12:51:21,950 - ERROR - Image discovery error for twitter: 'DiscoveryWatcher' object has no attribute '_scrape_twitter_images'
2025-09-20 12:51:21,951 - ERROR - Image discovery error for twitter: 'DiscoveryWatcher' object has no attribute '_scrape_twitter_images'
2025-09-20 12:51:21,951 - ERROR - Image discovery error for twitter: 'DiscoveryWatcher' object has no attribute '_scrape_twitter_images'
2025-09-20 12:51:21,953 - ERROR - Image discovery error for twitter: 'DiscoveryWatcher' object has no attribute '_scrape_twitter_images'
2025-09-20 12:51:21,954 - ERROR - Image discovery error for twitter: 'DiscoveryWatcher' object has no attribute '_scrape_twitter_images'
2025-09-20 12:51:21,957 - ERROR - Image discovery error for twitter: 'DiscoveryWatcher' object has no attribute '_scrape_twitter_images'
2025-09-20 12:51:21,959 - ERROR - Image discovery error for twitter: 'DiscoveryWatcher' object has no attribute '_scrape_twitter_images'
2025-09-20 12:51:21,963 - ERROR - Image discovery error for twitter: 'DiscoveryWatcher' object has no attribute '_scrape_twitter_images'
2025-09-20 12:51:21,966 - ERROR - Image discovery error for twitter: 'DiscoveryWatcher' object has no attribute '_scrape_twitter_images'
2025-09-20 12:51:21,967 - ERROR - Image discovery error for twitter: 'DiscoveryWatcher' object has no attribute '_scrape_twitter_images'
2025-09-20 12:51:21,969 - ERROR - Image discovery error for twitter: 'DiscoveryWatcher' object has no attribute '_scrape_twitter_images'
2025-09-20 12:51:21,970 - ERROR - Image discovery error for twitter: 'DiscoveryWatcher' object has no attribute '_scrape_twitter_images'
2025-09-20 12:51:21,971 - ERROR - Image discovery error for twitter: 'DiscoveryWatcher' object has no attribute '_scrape_twitter_images'
2025-09-20 12:51:21,971 - ERROR - Image discovery error for twitter: 'DiscoveryWatcher' object has no attribute '_scrape_twitter_images'
2025-09-20 12:51:21,972 - ERROR - Image discovery error for twitter: 'DiscoveryWatcher' object has no attribute '_scrape_twitter_images'
2025-09-20 12:51:21,973 - ERROR - Image discovery error for twitter: 'DiscoveryWatcher' object has no attribute '_scrape_twitter_images'
2025-09-20 12:51:21,973 - ERROR - Image discovery error for twitter: 'DiscoveryWatcher' object has no attribute '_scrape_twitter_images'
2025-09-20 12:51:21,974 - ERROR - Image discovery error for twitter: 'DiscoveryWatcher' object has no attribute '_scrape_twitter_images'
2025-09-20 12:51:21,975 - ERROR - Image discovery error for twitter: 'DiscoveryWatcher' object has no attribute '_scrape_twitter_images'
2025-09-20 12:51:21,977 - ERROR - Image discovery error for twitter: 'DiscoveryWatcher' object has no attribute '_scrape_twitter_images'
2025-09-20 12:51:21,980 - ERROR - Image discovery error for twitter: 'DiscoveryWatcher' object has no attribute '_scrape_twitter_images'
2025-09-20 12:51:21,981 - ERROR - Image discovery error for twitter: 'DiscoveryWatcher' object has no attribute '_scrape_twitter_images'
2025-09-20 12:51:21,982 - ERROR - Image discovery error for instagram: 'DiscoveryWatcher' object has no attribute '_scrape_instagram_images'
2025-09-20 12:51:21,984 - ERROR - Image discovery error for instagram: 'DiscoveryWatcher' object has no attribute '_scrape_instagram_images'
2025-09-20 12:51:21,985 - ERROR - Image discovery error for instagram: 'DiscoveryWatcher' object has no attribute '_scrape_instagram_images'
2025-09-20 12:51:21,985 - ERROR - Image discovery error for instagram: 'DiscoveryWatcher' object has no attribute '_scrape_instagram_images'
2025-09-20 12:51:21,986 - ERROR - Image discovery error for instagram: 'DiscoveryWatcher' object has no attribute '_scrape_instagram_images'
2025-09-20 12:51:21,987 - ERROR - Image discovery error for instagram: 'DiscoveryWatcher' object has no attribute '_scrape_instagram_images'
2025-09-20 12:51:21,988 - ERROR - Image discovery error for instagram: 'DiscoveryWatcher' object has no attribute '_scrape_instagram_images'
2025-09-20 12:51:21,989 - ERROR - Image discovery error for instagram: 'DiscoveryWatcher' object has no attribute '_scrape_instagram_images'
2025-09-20 12:51:21,990 - ERROR - Image discovery error for instagram: 'DiscoveryWatcher' object has no attribute '_scrape_instagram_images'
2025-09-20 12:51:21,990 - ERROR - Image discovery error for instagram: 'DiscoveryWatcher' object has no attribute '_scrape_instagram_images'
2025-09-20 12:51:21,991 - ERROR - Image discovery error for instagram: 'DiscoveryWatcher' object has no attribute '_scrape_instagram_images'
2025-09-20 12:51:21,992 - ERROR - Image discovery error for instagram: 'DiscoveryWatcher' object has no attribute '_scrape_instagram_images'
2025-09-20 12:51:21,992 - ERROR - Image discovery error for instagram: 'DiscoveryWatcher' object has no attribute '_scrape_instagram_images'
2025-09-20 12:51:21,993 - ERROR - Image discovery error for instagram: 'DiscoveryWatcher' object has no attribute '_scrape_instagram_images'
2025-09-20 12:51:21,997 - ERROR - Image discovery error for instagram: 'DiscoveryWatcher' object has no attribute '_scrape_instagram_images'
2025-09-20 12:51:22,000 - ERROR - Image discovery error for instagram: 'DiscoveryWatcher' object has no attribute '_scrape_instagram_images'
2025-09-20 12:51:22,001 - ERROR - Image discovery error for instagram: 'DiscoveryWatcher' object has no attribute '_scrape_instagram_images'
2025-09-20 12:51:22,002 - ERROR - Image discovery error for instagram: 'DiscoveryWatcher' object has no attribute '_scrape_instagram_images'
2025-09-20 12:51:22,003 - ERROR - Image discovery error for instagram: 'DiscoveryWatcher' object has no attribute '_scrape_instagram_images'
2025-09-20 12:51:22,004 - ERROR - Image discovery error for instagram: 'DiscoveryWatcher' object has no attribute '_scrape_instagram_images'
2025-09-20 12:51:22,004 - ERROR - Image discovery error for instagram: 'DiscoveryWatcher' object has no attribute '_scrape_instagram_images'
2025-09-20 12:51:22,005 - ERROR - Image discovery error for instagram: 'DiscoveryWatcher' object has no attribute '_scrape_instagram_images'
2025-09-20 12:51:22,007 - ERROR - Image discovery error for instagram: 'DiscoveryWatcher' object has no attribute '_scrape_instagram_images'
2025-09-20 12:51:22,008 - ERROR - Image discovery error for instagram: 'DiscoveryWatcher' object has no attribute '_scrape_instagram_images'
2025-09-20 12:51:22,008 - ERROR - Image discovery error for instagram: 'DiscoveryWatcher' object has no attribute '_scrape_instagram_images'
2025-09-20 12:51:22,009 - ERROR - Image discovery error for instagram: 'DiscoveryWatcher' object has no attribute '_scrape_instagram_images'
2025-09-20 12:51:22,010 - ERROR - Image discovery error for instagram: 'DiscoveryWatcher' object has no attribute '_scrape_instagram_images'
2025-09-20 12:51:22,010 - ERROR - Image discovery error for instagram: 'DiscoveryWatcher' object has no attribute '_scrape_instagram_images'
2025-09-20 12:57:55,866 - ERROR - Error monitoring twitter: 'DiscoveryWatcher' object has no attribute '_get_social_search_url'
2025-09-20 12:57:55,868 - ERROR - Error monitoring facebook: 'DiscoveryWatcher' object has no attribute '_get_social_search_url'
2025-09-20 12:57:55,870 - ERROR - Error monitoring instagram: 'DiscoveryWatcher' object has no attribute '_get_social_search_url'
2025-09-20 12:57:55,871 - ERROR - Error monitoring linkedin: 'DiscoveryWatcher' object has no attribute '_get_social_search_url'
2025-09-20 12:57:58,351 - ERROR - Web search failure (google_news): Couldn't find a tree builder with the features you requested: xml. Do you need to install a parser library?
2025-09-20 12:57:58,451 - ERROR - Web search failure (google_news): Couldn't find a tree builder with the features you requested: xml. Do you need to install a parser library?
2025-09-20 12:57:58,460 - ERROR - Web search failure (google_news): Couldn't find a tree builder with the features you requested: xml. Do you need to install a parser library?
2025-09-20 12:57:58,465 - ERROR - Web search failure (google_news): Couldn't find a tree builder with the features you requested: xml. Do you need to install a parser library?
2025-09-20 12:57:58,564 - ERROR - Web search failure (google_news): Couldn't find a tree builder with the features you requested: xml. Do you need to install a parser library?
2025-09-20 12:57:58,570 - ERROR - Web search failure (google_news): Couldn't find a tree builder with the features you requested: xml. Do you need to install a parser library?
2025-09-20 12:57:58,576 - ERROR - Web search failure (google_news): Couldn't find a tree builder with the features you requested: xml. Do you need to install a parser library?
2025-09-20 12:57:58,760 - ERROR - Web search failure (google_news): Couldn't find a tree builder with the features you requested: xml. Do you need to install a parser library?
2025-09-20 12:57:58,772 - ERROR - Web search failure (google_news): Couldn't find a tree builder with the features you requested: xml. Do you need to install a parser library?
2025-09-20 12:57:58,777 - ERROR - Web search failure (google_news): Couldn't find a tree builder with the features you requested: xml. Do you need to install a parser library?
2025-09-20 12:57:58,779 - ERROR - Web search failure (google_news): Couldn't find a tree builder with the features you requested: xml. Do you need to install a parser library?
2025-09-20 12:57:58,779 - ERROR - Web search failure (google_news): Couldn't find a tree builder with the features you requested: xml. Do you need to install a parser library?
2025-09-20 12:57:58,780 - ERROR - Web search failure (google_news): Couldn't find a tree builder with the features you requested: xml. Do you need to install a parser library?
2025-09-20 12:57:58,780 - ERROR - Web search failure (google_news): Couldn't find a tree builder with the features you requested: xml. Do you need to install a parser library?
2025-09-20 12:57:58,780 - ERROR - Web search failure (google_news): Couldn't find a tree builder with the features you requested: xml. Do you need to install a parser library?
2025-09-20 12:57:58,782 - ERROR - Web search failure (google_news): Couldn't find a tree builder with the features you requested: xml. Do you need to install a parser library?
2025-09-20 12:57:58,796 - ERROR - Web search failure (google_news): Couldn't find a tree builder with the features you requested: xml. Do you need to install a parser library?
2025-09-20 12:57:58,847 - ERROR - Web search failure (google_news): Couldn't find a tree builder with the features you requested: xml. Do you need to install a parser library?
2025-09-20 12:57:58,847 - ERROR - Web search failure (google_news): Couldn't find a tree builder with the features you requested: xml. Do you need to install a parser library?
2025-09-20 12:57:58,854 - ERROR - Web search failure (google_news): Couldn't find a tree builder with the features you requested: xml. Do you need to install a parser library?
2025-09-20 12:57:59,103 - ERROR - Web search failure (google_news): Couldn't find a tree builder with the features you requested: xml. Do you need to install a parser library?
2025-09-20 12:57:59,106 - ERROR - Web search failure (google_news): Couldn't find a tree builder with the features you requested: xml. Do you need to install a parser library?
2025-09-20 12:57:59,374 - ERROR - Web search failure (google_news): Couldn't find a tree builder with the features you requested: xml. Do you need to install a parser library?
2025-09-20 12:57:59,468 - ERROR - Web search failure (google_news): Couldn't find a tree builder with the features you requested: xml. Do you need to install a parser library?
2025-09-20 12:58:24,919 - ERROR - Image discovery error for twitter: 'DiscoveryWatcher' object has no attribute '_scrape_twitter_images'
2025-09-20 12:58:24,919 - ERROR - Image discovery error for twitter: 'DiscoveryWatcher' object has no attribute '_scrape_twitter_images'
2025-09-20 12:58:24,921 - ERROR - Image discovery error for twitter: 'DiscoveryWatcher' object has no attribute '_scrape_twitter_images'
2025-09-20 12:58:24,921 - ERROR - Image discovery error for twitter: 'DiscoveryWatcher' object has no attribute '_scrape_twitter_images'
2025-09-20 12:58:24,922 - ERROR - Image discovery error for twitter: 'DiscoveryWatcher' object has no attribute '_scrape_twitter_images'
2025-09-20 12:58:24,922 - ERROR - Image discovery error for twitter: 'DiscoveryWatcher' object has no attribute '_scrape_twitter_images'
2025-09-20 12:58:24,923 - ERROR - Image discovery error for twitter: 'DiscoveryWatcher' object has no attribute '_scrape_twitter_images'
2025-09-20 12:58:24,924 - ERROR - Image discovery error for twitter: 'DiscoveryWatcher' object has no attribute '_scrape_twitter_images'
2025-09-20 12:58:24,924 - ERROR - Image discovery error for twitter: 'DiscoveryWatcher' object has no attribute '_scrape_twitter_images'
2025-09-20 12:58:24,925 - ERROR - Image discovery error for twitter: 'DiscoveryWatcher' object has no attribute '_scrape_twitter_images'
2025-09-20 12:58:24,925 - ERROR - Image discovery error for twitter: 'DiscoveryWatcher' object has no attribute '_scrape_twitter_images'
2025-09-20 12:58:24,928 - ERROR - Image discovery error for twitter: 'DiscoveryWatcher' object has no attribute '_scrape_twitter_images'
2025-09-20 12:58:24,928 - ERROR - Image discovery error for twitter: 'DiscoveryWatcher' object has no attribute '_scrape_twitter_images'
2025-09-20 12:58:24,929 - ERROR - Image discovery error for twitter: 'DiscoveryWatcher' object has no attribute '_scrape_twitter_images'
2025-09-20 12:58:24,930 - ERROR - Image discovery error for twitter: 'DiscoveryWatcher' object has no attribute '_scrape_twitter_images'
2025-09-20 12:58:24,931 - ERROR - Image discovery error for twitter: 'DiscoveryWatcher' object has no attribute '_scrape_twitter_images'
2025-09-20 12:58:24,931 - ERROR - Image discovery error for twitter: 'DiscoveryWatcher' object has no attribute '_scrape_twitter_images'
2025-09-20 12:58:24,932 - ERROR - Image discovery error for twitter: 'DiscoveryWatcher' object has no attribute '_scrape_twitter_images'
2025-09-20 12:58:24,933 - ERROR - Image discovery error for twitter: 'DiscoveryWatcher' object has no attribute '_scrape_twitter_images'
2025-09-20 12:58:24,934 - ERROR - Image discovery error for twitter: 'DiscoveryWatcher' object has no attribute '_scrape_twitter_images'
2025-09-20 12:58:24,934 - ERROR - Image discovery error for twitter: 'DiscoveryWatcher' object has no attribute '_scrape_twitter_images'
2025-09-20 12:58:24,935 - ERROR - Image discovery error for twitter: 'DiscoveryWatcher' object has no attribute '_scrape_twitter_images'
2025-09-20 12:58:24,936 - ERROR - Image discovery error for twitter: 'DiscoveryWatcher' object has no attribute '_scrape_twitter_images'
2025-09-20 12:58:24,937 - ERROR - Image discovery error for twitter: 'DiscoveryWatcher' object has no attribute '_scrape_twitter_images'
2025-09-20 12:58:24,937 - ERROR - Image discovery error for twitter: 'DiscoveryWatcher' object has no attribute '_scrape_twitter_images'
2025-09-20 12:58:24,938 - ERROR - Image discovery error for twitter: 'DiscoveryWatcher' object has no attribute '_scrape_twitter_images'
2025-09-20 12:58:24,939 - ERROR - Image discovery error for twitter: 'DiscoveryWatcher' object has no attribute '_scrape_twitter_images'
2025-09-20 12:58:24,939 - ERROR - Image discovery error for twitter: 'DiscoveryWatcher' object has no attribute '_scrape_twitter_images'
2025-09-20 12:58:24,940 - ERROR - Image discovery error for instagram: 'DiscoveryWatcher' object has no attribute '_scrape_instagram_images'
2025-09-20 12:58:24,941 - ERROR - Image discovery error for instagram: 'DiscoveryWatcher' object has no attribute '_scrape_instagram_images'
2025-09-20 12:58:24,941 - ERROR - Image discovery error for instagram: 'DiscoveryWatcher' object has no attribute '_scrape_instagram_images'
2025-09-20 12:58:24,942 - ERROR - Image discovery error for instagram: 'DiscoveryWatcher' object has no attribute '_scrape_instagram_images'
2025-09-20 12:58:24,943 - ERROR - Image discovery error for instagram: 'DiscoveryWatcher' object has no attribute '_scrape_instagram_images'
2025-09-20 12:58:24,943 - ERROR - Image discovery error for instagram: 'DiscoveryWatcher' object has no attribute '_scrape_instagram_images'
2025-09-20 12:58:24,944 - ERROR - Image discovery error for instagram: 'DiscoveryWatcher' object has no attribute '_scrape_instagram_images'
2025-09-20 12:58:24,945 - ERROR - Image discovery error for instagram: 'DiscoveryWatcher' object has no attribute '_scrape_instagram_images'
2025-09-20 12:58:24,945 - ERROR - Image discovery error for instagram: 'DiscoveryWatcher' object has no attribute '_scrape_instagram_images'
2025-09-20 12:58:24,946 - ERROR - Image discovery error for instagram: 'DiscoveryWatcher' object has no attribute '_scrape_instagram_images'
2025-09-20 12:58:24,947 - ERROR - Image discovery error for instagram: 'DiscoveryWatcher' object has no attribute '_scrape_instagram_images'
2025-09-20 12:58:24,947 - ERROR - Image discovery error for instagram: 'DiscoveryWatcher' object has no attribute '_scrape_instagram_images'
2025-09-20 12:58:24,948 - ERROR - Image discovery error for instagram: 'DiscoveryWatcher' object has no attribute '_scrape_instagram_images'
2025-09-20 12:58:24,948 - ERROR - Image discovery error for instagram: 'DiscoveryWatcher' object has no attribute '_scrape_instagram_images'
2025-09-20 12:58:24,949 - ERROR - Image discovery error for instagram: 'DiscoveryWatcher' object has no attribute '_scrape_instagram_images'
2025-09-20 12:58:24,950 - ERROR - Image discovery error for instagram: 'DiscoveryWatcher' object has no attribute '_scrape_instagram_images'
2025-09-20 12:58:24,950 - ERROR - Image discovery error for instagram: 'DiscoveryWatcher' object has no attribute '_scrape_instagram_images'
2025-09-20 12:58:24,951 - ERROR - Image discovery error for instagram: 'DiscoveryWatcher' object has no attribute '_scrape_instagram_images'
2025-09-20 12:58:24,952 - ERROR - Image discovery error for instagram: 'DiscoveryWatcher' object has no attribute '_scrape_instagram_images'
2025-09-20 12:58:24,953 - ERROR - Image discovery error for instagram: 'DiscoveryWatcher' object has no attribute '_scrape_instagram_images'
2025-09-20 12:58:24,953 - ERROR - Image discovery error for instagram: 'DiscoveryWatcher' object has no attribute '_scrape_instagram_images'
2025-09-20 12:58:24,954 - ERROR - Image discovery error for instagram: 'DiscoveryWatcher' object has no attribute '_scrape_instagram_images'
2025-09-20 12:58:24,955 - ERROR - Image discovery error for instagram: 'DiscoveryWatcher' object has no attribute '_scrape_instagram_images'
2025-09-20 12:58:24,956 - ERROR - Image discovery error for instagram: 'DiscoveryWatcher' object has no attribute '_scrape_instagram_images'
2025-09-20 12:58:24,957 - ERROR - Image discovery error for instagram: 'DiscoveryWatcher' object has no attribute '_scrape_instagram_images'
2025-09-20 12:58:24,957 - ERROR - Image discovery error for instagram: 'DiscoveryWatcher' object has no attribute '_scrape_instagram_images'
2025-09-20 12:58:24,957 - ERROR - Image discovery error for instagram: 'DiscoveryWatcher' object has no attribute '_scrape_instagram_images'
2025-09-20 12:58:24,959 - ERROR - Image discovery error for instagram: 'DiscoveryWatcher' object has no attribute '_scrape_instagram_images'
2025-09-20 13:06:35,912 - ERROR - Error monitoring twitter: 'DiscoveryWatcher' object has no attribute '_get_social_search_url'
2025-09-20 13:06:35,913 - ERROR - Error monitoring facebook: 'DiscoveryWatcher' object has no attribute '_get_social_search_url'
2025-09-20 13:06:35,914 - ERROR - Error monitoring instagram: 'DiscoveryWatcher' object has no attribute '_get_social_search_url'
2025-09-20 13:06:35,915 - ERROR - Error monitoring linkedin: 'DiscoveryWatcher' object has no attribute '_get_social_search_url'
2025-09-20 13:06:38,175 - ERROR - Web search failure (google_news): Couldn't find a tree builder with the features you requested: xml. Do you need to install a parser library?
2025-09-20 13:06:38,268 - ERROR - Web search failure (google_news): Couldn't find a tree builder with the features you requested: xml. Do you need to install a parser library?
2025-09-20 13:06:38,268 - ERROR - Web search failure (google_news): Couldn't find a tree builder with the features you requested: xml. Do you need to install a parser library?
2025-09-20 13:06:38,268 - ERROR - Web search failure (google_news): Couldn't find a tree builder with the features you requested: xml. Do you need to install a parser library?
2025-09-20 13:06:38,354 - ERROR - Web search failure (google_news): Couldn't find a tree builder with the features you requested: xml. Do you need to install a parser library?
2025-09-20 13:06:38,354 - ERROR - Web search failure (google_news): Couldn't find a tree builder with the features you requested: xml. Do you need to install a parser library?
2025-09-20 13:06:38,354 - ERROR - Web search failure (google_news): Couldn't find a tree builder with the features you requested: xml. Do you need to install a parser library?
2025-09-20 13:06:38,354 - ERROR - Web search failure (google_news): Couldn't find a tree builder with the features you requested: xml. Do you need to install a parser library?
2025-09-20 13:06:38,354 - ERROR - Web search failure (google_news): Couldn't find a tree builder with the features you requested: xml. Do you need to install a parser library?
2025-09-20 13:06:38,354 - ERROR - Web search failure (google_news): Couldn't find a tree builder with the features you requested: xml. Do you need to install a parser library?
2025-09-20 13:06:38,369 - ERROR - Web search failure (google_news): Couldn't find a tree builder with the features you requested: xml. Do you need to install a parser library?
2025-09-20 13:06:38,434 - ERROR - Web search failure (google_news): Couldn't find a tree builder with the features you requested: xml. Do you need to install a parser library?
2025-09-20 13:06:38,434 - ERROR - Web search failure (google_news): Couldn't find a tree builder with the features you requested: xml. Do you need to install a parser library?
2025-09-20 13:06:38,522 - ERROR - Web search failure (google_news): Couldn't find a tree builder with the features you requested: xml. Do you need to install a parser library?
2025-09-20 13:06:38,529 - ERROR - Web search failure (google_news): Couldn't find a tree builder with the features you requested: xml. Do you need to install a parser library?
2025-09-20 13:06:38,538 - ERROR - Web search failure (google_news): Couldn't find a tree builder with the features you requested: xml. Do you need to install a parser library?
2025-09-20 13:06:38,540 - ERROR - Web search failure (google_news): Couldn't find a tree builder with the features you requested: xml. Do you need to install a parser library?
2025-09-20 13:06:38,540 - ERROR - Web search failure (google_news): Couldn't find a tree builder with the features you requested: xml. Do you need to install a parser library?
2025-09-20 13:06:38,540 - ERROR - Web search failure (google_news): Couldn't find a tree builder with the features you requested: xml. Do you need to install a parser library?
2025-09-20 13:06:38,700 - ERROR - Web search failure (google_news): Couldn't find a tree builder with the features you requested: xml. Do you need to install a parser library?
2025-09-20 13:06:38,801 - ERROR - Web search failure (google_news): Couldn't find a tree builder with the features you requested: xml. Do you need to install a parser library?
2025-09-20 13:06:38,802 - ERROR - Web search failure (google_news): Couldn't find a tree builder with the features you requested: xml. Do you need to install a parser library?
2025-09-20 13:06:38,802 - ERROR - Web search failure (google_news): Couldn't find a tree builder with the features you requested: xml. Do you need to install a parser library?
2025-09-20 13:06:39,028 - ERROR - Web search failure (google_news): Couldn't find a tree builder with the features you requested: xml. Do you need to install a parser library?
2025-09-20 13:07:02,006 - ERROR - Image discovery error for twitter: 'DiscoveryWatcher' object has no attribute '_scrape_twitter_images'
2025-09-20 13:07:02,007 - ERROR - Image discovery error for twitter: 'DiscoveryWatcher' object has no attribute '_scrape_twitter_images'
2025-09-20 13:07:02,008 - ERROR - Image discovery error for twitter: 'DiscoveryWatcher' object has no attribute '_scrape_twitter_images'
2025-09-20 13:07:02,008 - ERROR - Image discovery error for twitter: 'DiscoveryWatcher' object has no attribute '_scrape_twitter_images'
2025-09-20 13:07:02,008 - ERROR - Image discovery error for twitter: 'DiscoveryWatcher' object has no attribute '_scrape_twitter_images'
2025-09-20 13:07:02,009 - ERROR - Image discovery error for twitter: 'DiscoveryWatcher' object has no attribute '_scrape_twitter_images'
2025-09-20 13:07:02,010 - ERROR - Image discovery error for twitter: 'DiscoveryWatcher' object has no attribute '_scrape_twitter_images'
2025-09-20 13:07:02,011 - ERROR - Image discovery error for twitter: 'DiscoveryWatcher' object has no attribute '_scrape_twitter_images'
2025-09-20 13:07:02,011 - ERROR - Image discovery error for twitter: 'DiscoveryWatcher' object has no attribute '_scrape_twitter_images'
2025-09-20 13:07:02,012 - ERROR - Image discovery error for twitter: 'DiscoveryWatcher' object has no attribute '_scrape_twitter_images'
2025-09-20 13:07:02,013 - ERROR - Image discovery error for twitter: 'DiscoveryWatcher' object has no attribute '_scrape_twitter_images'
2025-09-20 13:07:02,013 - ERROR - Image discovery error for twitter: 'DiscoveryWatcher' object has no attribute '_scrape_twitter_images'
2025-09-20 13:07:02,014 - ERROR - Image discovery error for twitter: 'DiscoveryWatcher' object has no attribute '_scrape_twitter_images'
2025-09-20 13:07:02,015 - ERROR - Image discovery error for twitter: 'DiscoveryWatcher' object has no attribute '_scrape_twitter_images'
2025-09-20 13:07:02,015 - ERROR - Image discovery error for twitter: 'DiscoveryWatcher' object has no attribute '_scrape_twitter_images'
2025-09-20 13:07:02,016 - ERROR - Image discovery error for twitter: 'DiscoveryWatcher' object has no attribute '_scrape_twitter_images'
2025-09-20 13:07:02,016 - ERROR - Image discovery error for twitter: 'DiscoveryWatcher' object has no attribute '_scrape_twitter_images'
2025-09-20 13:07:02,017 - ERROR - Image discovery error for twitter: 'DiscoveryWatcher' object has no attribute '_scrape_twitter_images'
2025-09-20 13:07:02,018 - ERROR - Image discovery error for twitter: 'DiscoveryWatcher' object has no attribute '_scrape_twitter_images'
2025-09-20 13:07:02,018 - ERROR - Image discovery error for twitter: 'DiscoveryWatcher' object has no attribute '_scrape_twitter_images'
2025-09-20 13:07:02,019 - ERROR - Image discovery error for twitter: 'DiscoveryWatcher' object has no attribute '_scrape_twitter_images'
2025-09-20 13:07:02,019 - ERROR - Image discovery error for twitter: 'DiscoveryWatcher' object has no attribute '_scrape_twitter_images'
2025-09-20 13:07:02,020 - ERROR - Image discovery error for twitter: 'DiscoveryWatcher' object has no attribute '_scrape_twitter_images'
2025-09-20 13:07:02,021 - ERROR - Image discovery error for twitter: 'DiscoveryWatcher' object has no attribute '_scrape_twitter_images'
2025-09-20 13:07:02,021 - ERROR - Image discovery error for twitter: 'DiscoveryWatcher' object has no attribute '_scrape_twitter_images'
2025-09-20 13:07:02,022 - ERROR - Image discovery error for twitter: 'DiscoveryWatcher' object has no attribute '_scrape_twitter_images'
2025-09-20 13:07:02,022 - ERROR - Image discovery error for twitter: 'DiscoveryWatcher' object has no attribute '_scrape_twitter_images'
2025-09-20 13:07:02,023 - ERROR - Image discovery error for twitter: 'DiscoveryWatcher' object has no attribute '_scrape_twitter_images'
2025-09-20 13:07:02,024 - ERROR - Image discovery error for instagram: 'DiscoveryWatcher' object has no attribute '_scrape_instagram_images'
2025-09-20 13:07:02,024 - ERROR - Image discovery error for instagram: 'DiscoveryWatcher' object has no attribute '_scrape_instagram_images'
2025-09-20 13:07:02,025 - ERROR - Image discovery error for instagram: 'DiscoveryWatcher' object has no attribute '_scrape_instagram_images'
2025-09-20 13:07:02,026 - ERROR - Image discovery error for instagram: 'DiscoveryWatcher' object has no attribute '_scrape_instagram_images'
2025-09-20 13:07:02,026 - ERROR - Image discovery error for instagram: 'DiscoveryWatcher' object has no attribute '_scrape_instagram_images'
2025-09-20 13:07:02,027 - ERROR - Image discovery error for instagram: 'DiscoveryWatcher' object has no attribute '_scrape_instagram_images'
2025-09-20 13:07:02,027 - ERROR - Image discovery error for instagram: 'DiscoveryWatcher' object has no attribute '_scrape_instagram_images'
2025-09-20 13:07:02,028 - ERROR - Image discovery error for instagram: 'DiscoveryWatcher' object has no attribute '_scrape_instagram_images'
2025-09-20 13:07:02,028 - ERROR - Image discovery error for instagram: 'DiscoveryWatcher' object has no attribute '_scrape_instagram_images'
2025-09-20 13:07:02,029 - ERROR - Image discovery error for instagram: 'DiscoveryWatcher' object has no attribute '_scrape_instagram_images'
2025-09-20 13:07:02,030 - ERROR - Image discovery error for instagram: 'DiscoveryWatcher' object has no attribute '_scrape_instagram_images'
2025-09-20 13:07:02,030 - ERROR - Image discovery error for instagram: 'DiscoveryWatcher' object has no attribute '_scrape_instagram_images'
2025-09-20 13:07:02,031 - ERROR - Image discovery error for instagram: 'DiscoveryWatcher' object has no attribute '_scrape_instagram_images'
2025-09-20 13:07:02,032 - ERROR - Image discovery error for instagram: 'DiscoveryWatcher' object has no attribute '_scrape_instagram_images'
2025-09-20 13:07:02,034 - ERROR - Image discovery error for instagram: 'DiscoveryWatcher' object has no attribute '_scrape_instagram_images'
2025-09-20 13:07:02,035 - ERROR - Image discovery error for instagram: 'DiscoveryWatcher' object has no attribute '_scrape_instagram_images'
2025-09-20 13:07:02,035 - ERROR - Image discovery error for instagram: 'DiscoveryWatcher' object has no attribute '_scrape_instagram_images'
2025-09-20 13:07:02,036 - ERROR - Image discovery error for instagram: 'DiscoveryWatcher' object has no attribute '_scrape_instagram_images'
2025-09-20 13:07:02,036 - ERROR - Image discovery error for instagram: 'DiscoveryWatcher' object has no attribute '_scrape_instagram_images'
2025-09-20 13:07:02,037 - ERROR - Image discovery error for instagram: 'DiscoveryWatcher' object has no attribute '_scrape_instagram_images'
2025-09-20 13:07:02,038 - ERROR - Image discovery error for instagram: 'DiscoveryWatcher' object has no attribute '_scrape_instagram_images'
2025-09-20 13:07:02,038 - ERROR - Image discovery error for instagram: 'DiscoveryWatcher' object has no attribute '_scrape_instagram_images'
2025-09-20 13:07:02,039 - ERROR - Image discovery error for instagram: 'DiscoveryWatcher' object has no attribute '_scrape_instagram_images'
2025-09-20 13:07:02,040 - ERROR - Image discovery error for instagram: 'DiscoveryWatcher' object has no attribute '_scrape_instagram_images'
2025-09-20 13:07:02,040 - ERROR - Image discovery error for instagram: 'DiscoveryWatcher' object has no attribute '_scrape_instagram_images'
2025-09-20 13:07:02,041 - ERROR - Image discovery error for instagram: 'DiscoveryWatcher' object has no attribute '_scrape_instagram_images'
2025-09-20 13:07:02,042 - ERROR - Image discovery error for instagram: 'DiscoveryWatcher' object has no attribute '_scrape_instagram_images'
2025-09-20 13:07:02,042 - ERROR - Image discovery error for instagram: 'DiscoveryWatcher' object has no attribute '_scrape_instagram_images'
2025-09-20 20:26:04,399 - ERROR - Web search failure (google_news): Couldn't find a tree builder with the features you requested: xml. Do you need to install a parser library?
2025-09-20 20:26:04,506 - ERROR - Web search failure (google_news): Couldn't find a tree builder with the features you requested: xml. Do you need to install a parser library?
2025-09-20 20:26:04,792 - ERROR - Web search failure (google_news): Couldn't find a tree builder with the features you requested: xml. Do you need to install a parser library?
2025-09-20 20:26:04,798 - ERROR - Web search failure (google_news): Couldn't find a tree builder with the features you requested: xml. Do you need to install a parser library?
2025-09-20 20:26:04,818 - ERROR - Web search failure (google_news): Couldn't find a tree builder with the features you requested: xml. Do you need to install a parser library?
2025-09-20 20:26:04,838 - ERROR - Web search failure (google_news): Couldn't find a tree builder with the features you requested: xml. Do you need to install a parser library?
2025-09-20 20:26:04,851 - ERROR - Web search failure (google_news): Couldn't find a tree builder with the features you requested: xml. Do you need to install a parser library?
2025-09-20 20:26:04,867 - ERROR - Web search failure (google_news): Couldn't find a tree builder with the features you requested: xml. Do you need to install a parser library?
2025-09-20 20:26:04,868 - ERROR - Web search failure (google_news): Couldn't find a tree builder with the features you requested: xml. Do you need to install a parser library?
2025-09-20 20:26:04,931 - ERROR - Web search failure (google_news): Couldn't find a tree builder with the features you requested: xml. Do you need to install a parser library?
2025-09-20 20:26:04,931 - ERROR - Web search failure (google_news): Couldn't find a tree builder with the features you requested: xml. Do you need to install a parser library?
2025-09-20 20:26:04,975 - ERROR - Web search failure (google_news): Couldn't find a tree builder with the features you requested: xml. Do you need to install a parser library?
2025-09-20 20:26:04,975 - ERROR - Web search failure (google_news): Couldn't find a tree builder with the features you requested: xml. Do you need to install a parser library?
2025-09-20 20:26:05,006 - ERROR - Web search failure (google_news): Couldn't find a tree builder with the features you requested: xml. Do you need to install a parser library?
2025-09-20 20:26:05,031 - ERROR - Web search failure (google_news): Couldn't find a tree builder with the features you requested: xml. Do you need to install a parser library?
2025-09-20 20:26:05,037 - ERROR - Web search failure (google_news): Couldn't find a tree builder with the features you requested: xml. Do you need to install a parser library?
2025-09-20 20:26:05,061 - ERROR - Web search failure (google_news): Couldn't find a tree builder with the features you requested: xml. Do you need to install a parser library?
2025-09-20 20:26:05,074 - ERROR - Web search failure (google_news): Couldn't find a tree builder with the features you requested: xml. Do you need to install a parser library?
2025-09-20 20:26:05,103 - ERROR - Web search failure (google_news): Couldn't find a tree builder with the features you requested: xml. Do you need to install a parser library?
2025-09-20 20:26:05,151 - ERROR - Web search failure (google_news): Couldn't find a tree builder with the features you requested: xml. Do you need to install a parser library?
2025-09-20 20:26:05,167 - ERROR - Web search failure (google_news): Couldn't find a tree builder with the features you requested: xml. Do you need to install a parser library?
2025-09-20 20:26:05,191 - ERROR - Web search failure (google_news): Couldn't find a tree builder with the features you requested: xml. Do you need to install a parser library?
2025-09-20 20:26:05,504 - ERROR - Web search failure (google_news): Couldn't find a tree builder with the features you requested: xml. Do you need to install a parser library?
2025-09-20 20:26:07,401 - ERROR - Web search failure (google_news): Couldn't find a tree builder with the features you requested: xml. Do you need to install a parser library?
2025-09-20 20:26:09,953 - ERROR - Error monitoring twitter: 'DiscoveryWatcher' object has no attribute '_get_social_search_url'
2025-09-20 20:26:09,954 - ERROR - Error monitoring facebook: 'DiscoveryWatcher' object has no attribute '_get_social_search_url'
2025-09-20 20:26:09,955 - ERROR - Error monitoring instagram: 'DiscoveryWatcher' object has no attribute '_get_social_search_url'
2025-09-20 20:26:09,955 - ERROR - Error monitoring linkedin: 'DiscoveryWatcher' object has no attribute '_get_social_search_url'
2025-09-20 20:26:31,049 - ERROR - Image discovery error for twitter: 'DiscoveryWatcher' object has no attribute '_scrape_twitter_images'
2025-09-20 20:26:31,050 - ERROR - Image discovery error for twitter: 'DiscoveryWatcher' object has no attribute '_scrape_twitter_images'
2025-09-20 20:26:31,050 - ERROR - Image discovery error for twitter: 'DiscoveryWatcher' object has no attribute '_scrape_twitter_images'
2025-09-20 20:26:31,051 - ERROR - Image discovery error for twitter: 'DiscoveryWatcher' object has no attribute '_scrape_twitter_images'
2025-09-20 20:26:31,052 - ERROR - Image discovery error for twitter: 'DiscoveryWatcher' object has no attribute '_scrape_twitter_images'
2025-09-20 20:26:31,052 - ERROR - Image discovery error for twitter: 'DiscoveryWatcher' object has no attribute '_scrape_twitter_images'
2025-09-20 20:26:31,053 - ERROR - Image discovery error for twitter: 'DiscoveryWatcher' object has no attribute '_scrape_twitter_images'
2025-09-20 20:26:31,053 - ERROR - Image discovery error for twitter: 'DiscoveryWatcher' object has no attribute '_scrape_twitter_images'
2025-09-20 20:26:31,054 - ERROR - Image discovery error for twitter: 'DiscoveryWatcher' object has no attribute '_scrape_twitter_images'
2025-09-20 20:26:31,055 - ERROR - Image discovery error for twitter: 'DiscoveryWatcher' object has no attribute '_scrape_twitter_images'
2025-09-20 20:26:31,056 - ERROR - Image discovery error for twitter: 'DiscoveryWatcher' object has no attribute '_scrape_twitter_images'
2025-09-20 20:26:31,057 - ERROR - Image discovery error for twitter: 'DiscoveryWatcher' object has no attribute '_scrape_twitter_images'
2025-09-20 20:26:31,057 - ERROR - Image discovery error for twitter: 'DiscoveryWatcher' object has no attribute '_scrape_twitter_images'
2025-09-20 20:26:31,058 - ERROR - Image discovery error for twitter: 'DiscoveryWatcher' object has no attribute '_scrape_twitter_images'
2025-09-20 20:26:31,058 - ERROR - Image discovery error for twitter: 'DiscoveryWatcher' object has no attribute '_scrape_twitter_images'
2025-09-20 20:26:31,059 - ERROR - Image discovery error for twitter: 'DiscoveryWatcher' object has no attribute '_scrape_twitter_images'
2025-09-20 20:26:31,060 - ERROR - Image discovery error for twitter: 'DiscoveryWatcher' object has no attribute '_scrape_twitter_images'
2025-09-20 20:26:31,060 - ERROR - Image discovery error for twitter: 'DiscoveryWatcher' object has no attribute '_scrape_twitter_images'
2025-09-20 20:26:31,061 - ERROR - Image discovery error for twitter: 'DiscoveryWatcher' object has no attribute '_scrape_twitter_images'
2025-09-20 20:26:31,063 - ERROR - Image discovery error for twitter: 'DiscoveryWatcher' object has no attribute '_scrape_twitter_images'
2025-09-20 20:26:31,064 - ERROR - Image discovery error for twitter: 'DiscoveryWatcher' object has no attribute '_scrape_twitter_images'
2025-09-20 20:26:31,064 - ERROR - Image discovery error for twitter: 'DiscoveryWatcher' object has no attribute '_scrape_twitter_images'
2025-09-20 20:26:31,065 - ERROR - Image discovery error for twitter: 'DiscoveryWatcher' object has no attribute '_scrape_twitter_images'
2025-09-20 20:26:31,066 - ERROR - Image discovery error for twitter: 'DiscoveryWatcher' object has no attribute '_scrape_twitter_images'
2025-09-20 20:26:31,067 - ERROR - Image discovery error for twitter: 'DiscoveryWatcher' object has no attribute '_scrape_twitter_images'
2025-09-20 20:26:31,068 - ERROR - Image discovery error for twitter: 'DiscoveryWatcher' object has no attribute '_scrape_twitter_images'
2025-09-20 20:26:31,068 - ERROR - Image discovery error for twitter: 'DiscoveryWatcher' object has no attribute '_scrape_twitter_images'
2025-09-20 20:26:31,069 - ERROR - Image discovery error for twitter: 'DiscoveryWatcher' object has no attribute '_scrape_twitter_images'
2025-09-20 20:26:31,070 - ERROR - Image discovery error for instagram: 'DiscoveryWatcher' object has no attribute '_scrape_instagram_images'
2025-09-20 20:26:31,070 - ERROR - Image discovery error for instagram: 'DiscoveryWatcher' object has no attribute '_scrape_instagram_images'
2025-09-20 20:26:31,071 - ERROR - Image discovery error for instagram: 'DiscoveryWatcher' object has no attribute '_scrape_instagram_images'
2025-09-20 20:26:31,072 - ERROR - Image discovery error for instagram: 'DiscoveryWatcher' object has no attribute '_scrape_instagram_images'
2025-09-20 20:26:31,072 - ERROR - Image discovery error for instagram: 'DiscoveryWatcher' object has no attribute '_scrape_instagram_images'
2025-09-20 20:26:31,073 - ERROR - Image discovery error for instagram: 'DiscoveryWatcher' object has no attribute '_scrape_instagram_images'
2025-09-20 20:26:31,074 - ERROR - Image discovery error for instagram: 'DiscoveryWatcher' object has no attribute '_scrape_instagram_images'
2025-09-20 20:26:31,075 - ERROR - Image discovery error for instagram: 'DiscoveryWatcher' object has no attribute '_scrape_instagram_images'
2025-09-20 20:26:31,075 - ERROR - Image discovery error for instagram: 'DiscoveryWatcher' object has no attribute '_scrape_instagram_images'
2025-09-20 20:26:31,076 - ERROR - Image discovery error for instagram: 'DiscoveryWatcher' object has no attribute '_scrape_instagram_images'
2025-09-20 20:26:31,077 - ERROR - Image discovery error for instagram: 'DiscoveryWatcher' object has no attribute '_scrape_instagram_images'
2025-09-20 20:26:31,078 - ERROR - Image discovery error for instagram: 'DiscoveryWatcher' object has no attribute '_scrape_instagram_images'
2025-09-20 20:26:31,078 - ERROR - Image discovery error for instagram: 'DiscoveryWatcher' object has no attribute '_scrape_instagram_images'
2025-09-20 20:26:31,079 - ERROR - Image discovery error for instagram: 'DiscoveryWatcher' object has no attribute '_scrape_instagram_images'
2025-09-20 20:26:31,080 - ERROR - Image discovery error for instagram: 'DiscoveryWatcher' object has no attribute '_scrape_instagram_images'
2025-09-20 20:26:31,081 - ERROR - Image discovery error for instagram: 'DiscoveryWatcher' object has no attribute '_scrape_instagram_images'
2025-09-20 20:26:31,081 - ERROR - Image discovery error for instagram: 'DiscoveryWatcher' object has no attribute '_scrape_instagram_images'
2025-09-20 20:26:31,082 - ERROR - Image discovery error for instagram: 'DiscoveryWatcher' object has no attribute '_scrape_instagram_images'
2025-09-20 20:26:31,083 - ERROR - Image discovery error for instagram: 'DiscoveryWatcher' object has no attribute '_scrape_instagram_images'
2025-09-20 20:26:31,083 - ERROR - Image discovery error for instagram: 'DiscoveryWatcher' object has no attribute '_scrape_instagram_images'
2025-09-20 20:26:31,084 - ERROR - Image discovery error for instagram: 'DiscoveryWatcher' object has no attribute '_scrape_instagram_images'
2025-09-20 20:26:31,085 - ERROR - Image discovery error for instagram: 'DiscoveryWatcher' object has no attribute '_scrape_instagram_images'
2025-09-20 20:26:31,085 - ERROR - Image discovery error for instagram: 'DiscoveryWatcher' object has no attribute '_scrape_instagram_images'
2025-09-20 20:26:31,086 - ERROR - Image discovery error for instagram: 'DiscoveryWatcher' object has no attribute '_scrape_instagram_images'
2025-09-20 20:26:31,087 - ERROR - Image discovery error for instagram: 'DiscoveryWatcher' object has no attribute '_scrape_instagram_images'
2025-09-20 20:26:31,087 - ERROR - Image discovery error for instagram: 'DiscoveryWatcher' object has no attribute '_scrape_instagram_images'
2025-09-20 20:26:31,088 - ERROR - Image discovery error for instagram: 'DiscoveryWatcher' object has no attribute '_scrape_instagram_images'
2025-09-20 20:26:31,089 - ERROR - Image discovery error for instagram: 'DiscoveryWatcher' object has no attribute '_scrape_instagram_images'
2025-09-21 13:07:02,690 - ERROR - Error monitoring twitter: 'DiscoveryWatcher' object has no attribute '_get_social_search_url'
2025-09-21 13:07:02,691 - ERROR - Error monitoring facebook: 'DiscoveryWatcher' object has no attribute '_get_social_search_url'
2025-09-21 13:07:02,692 - ERROR - Error monitoring instagram: 'DiscoveryWatcher' object has no attribute '_get_social_search_url'
2025-09-21 13:07:02,693 - ERROR - Error monitoring linkedin: 'DiscoveryWatcher' object has no attribute '_get_social_search_url'
2025-09-21 13:07:04,056 - ERROR - Web search failure (google_news): Couldn't find a tree builder with the features you requested: xml. Do you need to install a parser library?
2025-09-21 13:07:04,102 - ERROR - Web search failure (google_news): Couldn't find a tree builder with the features you requested: xml. Do you need to install a parser library?
2025-09-21 13:07:04,366 - ERROR - Web search failure (google_news): Couldn't find a tree builder with the features you requested: xml. Do you need to install a parser library?
2025-09-21 13:07:04,399 - ERROR - Web search failure (google_news): Couldn't find a tree builder with the features you requested: xml. Do you need to install a parser library?
2025-09-21 13:07:04,405 - ERROR - Web search failure (google_news): Couldn't find a tree builder with the features you requested: xml. Do you need to install a parser library?
2025-09-21 13:07:04,437 - ERROR - Web search failure (google_news): Couldn't find a tree builder with the features you requested: xml. Do you need to install a parser library?
2025-09-21 13:07:04,459 - ERROR - Web search failure (google_news): Couldn't find a tree builder with the features you requested: xml. Do you need to install a parser library?
2025-09-21 13:07:04,492 - ERROR - Web search failure (google_news): Couldn't find a tree builder with the features you requested: xml. Do you need to install a parser library?
2025-09-21 13:07:04,492 - ERROR - Web search failure (google_news): Couldn't find a tree builder with the features you requested: xml. Do you need to install a parser library?
2025-09-21 13:07:04,497 - ERROR - Web search failure (google_news): Couldn't find a tree builder with the features you requested: xml. Do you need to install a parser library?
2025-09-21 13:07:04,507 - ERROR - Web search failure (google_news): Couldn't find a tree builder with the features you requested: xml. Do you need to install a parser library?
2025-09-21 13:07:04,508 - ERROR - Web search failure (google_news): Couldn't find a tree builder with the features you requested: xml. Do you need to install a parser library?
2025-09-21 13:07:04,515 - ERROR - Web search failure (google_news): Couldn't find a tree builder with the features you requested: xml. Do you need to install a parser library?
2025-09-21 13:07:04,523 - ERROR - Web search failure (google_news): Couldn't find a tree builder with the features you requested: xml. Do you need to install a parser library?
2025-09-21 13:07:04,524 - ERROR - Web search failure (google_news): Couldn't find a tree builder with the features you requested: xml. Do you need to install a parser library?
2025-09-21 13:07:04,524 - ERROR - Web search failure (google_news): Couldn't find a tree builder with the features you requested: xml. Do you need to install a parser library?
2025-09-21 13:07:04,542 - ERROR - Web search failure (google_news): Couldn't find a tree builder with the features you requested: xml. Do you need to install a parser library?
2025-09-21 13:07:04,548 - ERROR - Web search failure (google_news): Couldn't find a tree builder with the features you requested: xml. Do you need to install a parser library?
2025-09-21 13:07:04,553 - ERROR - Web search failure (google_news): Couldn't find a tree builder with the features you requested: xml. Do you need to install a parser library?
2025-09-21 13:07:04,699 - ERROR - Web search failure (google_news): Couldn't find a tree builder with the features you requested: xml. Do you need to install a parser library?
2025-09-21 13:07:04,715 - ERROR - Web search failure (google_news): Couldn't find a tree builder with the features you requested: xml. Do you need to install a parser library?
2025-09-21 13:07:04,747 - ERROR - Web search failure (google_news): Couldn't find a tree builder with the features you requested: xml. Do you need to install a parser library?
2025-09-21 13:07:04,901 - ERROR - Web search failure (google_news): Couldn't find a tree builder with the features you requested: xml. Do you need to install a parser library?
2025-09-21 13:07:05,176 - ERROR - Web search failure (google_news): Couldn't find a tree builder with the features you requested: xml. Do you need to install a parser library?
2025-09-21 13:07:30,954 - ERROR - Image discovery error for twitter: 'DiscoveryWatcher' object has no attribute '_scrape_twitter_images'
2025-09-21 13:07:30,955 - ERROR - Image discovery error for twitter: 'DiscoveryWatcher' object has no attribute '_scrape_twitter_images'
2025-09-21 13:07:30,956 - ERROR - Image discovery error for twitter: 'DiscoveryWatcher' object has no attribute '_scrape_twitter_images'
2025-09-21 13:07:30,956 - ERROR - Image discovery error for twitter: 'DiscoveryWatcher' object has no attribute '_scrape_twitter_images'
2025-09-21 13:07:30,957 - ERROR - Image discovery error for twitter: 'DiscoveryWatcher' object has no attribute '_scrape_twitter_images'
2025-09-21 13:07:30,957 - ERROR - Image discovery error for twitter: 'DiscoveryWatcher' object has no attribute '_scrape_twitter_images'
2025-09-21 13:07:30,958 - ERROR - Image discovery error for twitter: 'DiscoveryWatcher' object has no attribute '_scrape_twitter_images'
2025-09-21 13:07:30,959 - ERROR - Image discovery error for twitter: 'DiscoveryWatcher' object has no attribute '_scrape_twitter_images'
2025-09-21 13:07:30,959 - ERROR - Image discovery error for twitter: 'DiscoveryWatcher' object has no attribute '_scrape_twitter_images'
2025-09-21 13:07:30,960 - ERROR - Image discovery error for twitter: 'DiscoveryWatcher' object has no attribute '_scrape_twitter_images'
2025-09-21 13:07:30,961 - ERROR - Image discovery error for twitter: 'DiscoveryWatcher' object has no attribute '_scrape_twitter_images'
2025-09-21 13:07:30,962 - ERROR - Image discovery error for twitter: 'DiscoveryWatcher' object has no attribute '_scrape_twitter_images'
2025-09-21 13:07:30,963 - ERROR - Image discovery error for twitter: 'DiscoveryWatcher' object has no attribute '_scrape_twitter_images'
2025-09-21 13:07:30,964 - ERROR - Image discovery error for twitter: 'DiscoveryWatcher' object has no attribute '_scrape_twitter_images'
2025-09-21 13:07:30,964 - ERROR - Image discovery error for twitter: 'DiscoveryWatcher' object has no attribute '_scrape_twitter_images'
2025-09-21 13:07:30,965 - ERROR - Image discovery error for twitter: 'DiscoveryWatcher' object has no attribute '_scrape_twitter_images'
2025-09-21 13:07:30,966 - ERROR - Image discovery error for twitter: 'DiscoveryWatcher' object has no attribute '_scrape_twitter_images'
2025-09-21 13:07:30,966 - ERROR - Image discovery error for twitter: 'DiscoveryWatcher' object has no attribute '_scrape_twitter_images'
2025-09-21 13:07:30,967 - ERROR - Image discovery error for twitter: 'DiscoveryWatcher' object has no attribute '_scrape_twitter_images'
2025-09-21 13:07:30,968 - ERROR - Image discovery error for twitter: 'DiscoveryWatcher' object has no attribute '_scrape_twitter_images'
2025-09-21 13:07:30,970 - ERROR - Image discovery error for twitter: 'DiscoveryWatcher' object has no attribute '_scrape_twitter_images'
2025-09-21 13:07:30,970 - ERROR - Image discovery error for twitter: 'DiscoveryWatcher' object has no attribute '_scrape_twitter_images'
2025-09-21 13:07:30,971 - ERROR - Image discovery error for twitter: 'DiscoveryWatcher' object has no attribute '_scrape_twitter_images'
2025-09-21 13:07:30,971 - ERROR - Image discovery error for twitter: 'DiscoveryWatcher' object has no attribute '_scrape_twitter_images'
2025-09-21 13:07:30,972 - ERROR - Image discovery error for twitter: 'DiscoveryWatcher' object has no attribute '_scrape_twitter_images'
2025-09-21 13:07:30,973 - ERROR - Image discovery error for twitter: 'DiscoveryWatcher' object has no attribute '_scrape_twitter_images'
2025-09-21 13:07:30,974 - ERROR - Image discovery error for twitter: 'DiscoveryWatcher' object has no attribute '_scrape_twitter_images'
2025-09-21 13:07:30,975 - ERROR - Image discovery error for twitter: 'DiscoveryWatcher' object has no attribute '_scrape_twitter_images'
2025-09-21 13:07:30,976 - ERROR - Image discovery error for instagram: 'DiscoveryWatcher' object has no attribute '_scrape_instagram_images'
2025-09-21 13:07:30,976 - ERROR - Image discovery error for instagram: 'DiscoveryWatcher' object has no attribute '_scrape_instagram_images'
2025-09-21 13:07:30,977 - ERROR - Image discovery error for instagram: 'DiscoveryWatcher' object has no attribute '_scrape_instagram_images'
2025-09-21 13:07:30,978 - ERROR - Image discovery error for instagram: 'DiscoveryWatcher' object has no attribute '_scrape_instagram_images'
2025-09-21 13:07:30,980 - ERROR - Image discovery error for instagram: 'DiscoveryWatcher' object has no attribute '_scrape_instagram_images'
2025-09-21 13:07:30,981 - ERROR - Image discovery error for instagram: 'DiscoveryWatcher' object has no attribute '_scrape_instagram_images'
2025-09-21 13:07:30,982 - ERROR - Image discovery error for instagram: 'DiscoveryWatcher' object has no attribute '_scrape_instagram_images'
2025-09-21 13:07:30,982 - ERROR - Image discovery error for instagram: 'DiscoveryWatcher' object has no attribute '_scrape_instagram_images'
2025-09-21 13:07:30,983 - ERROR - Image discovery error for instagram: 'DiscoveryWatcher' object has no attribute '_scrape_instagram_images'
2025-09-21 13:07:30,984 - ERROR - Image discovery error for instagram: 'DiscoveryWatcher' object has no attribute '_scrape_instagram_images'
2025-09-21 13:07:30,984 - ERROR - Image discovery error for instagram: 'DiscoveryWatcher' object has no attribute '_scrape_instagram_images'
2025-09-21 13:07:30,985 - ERROR - Image discovery error for instagram: 'DiscoveryWatcher' object has no attribute '_scrape_instagram_images'
2025-09-21 13:07:30,986 - ERROR - Image discovery error for instagram: 'DiscoveryWatcher' object has no attribute '_scrape_instagram_images'
2025-09-21 13:07:30,986 - ERROR - Image discovery error for instagram: 'DiscoveryWatcher' object has no attribute '_scrape_instagram_images'
2025-09-21 13:07:30,987 - ERROR - Image discovery error for instagram: 'DiscoveryWatcher' object has no attribute '_scrape_instagram_images'
2025-09-21 13:07:30,987 - ERROR - Image discovery error for instagram: 'DiscoveryWatcher' object has no attribute '_scrape_instagram_images'
2025-09-21 13:07:30,988 - ERROR - Image discovery error for instagram: 'DiscoveryWatcher' object has no attribute '_scrape_instagram_images'
2025-09-21 13:07:30,989 - ERROR - Image discovery error for instagram: 'DiscoveryWatcher' object has no attribute '_scrape_instagram_images'
2025-09-21 13:07:30,989 - ERROR - Image discovery error for instagram: 'DiscoveryWatcher' object has no attribute '_scrape_instagram_images'
2025-09-21 13:07:30,990 - ERROR - Image discovery error for instagram: 'DiscoveryWatcher' object has no attribute '_scrape_instagram_images'
2025-09-21 13:07:30,991 - ERROR - Image discovery error for instagram: 'DiscoveryWatcher' object has no attribute '_scrape_instagram_images'
2025-09-21 13:07:30,992 - ERROR - Image discovery error for instagram: 'DiscoveryWatcher' object has no attribute '_scrape_instagram_images'
2025-09-21 13:07:30,993 - ERROR - Image discovery error for instagram: 'DiscoveryWatcher' object has no attribute '_scrape_instagram_images'
2025-09-21 13:07:30,994 - ERROR - Image discovery error for instagram: 'DiscoveryWatcher' object has no attribute '_scrape_instagram_images'
2025-09-21 13:07:30,995 - ERROR - Image discovery error for instagram: 'DiscoveryWatcher' object has no attribute '_scrape_instagram_images'
2025-09-21 13:07:30,995 - ERROR - Image discovery error for instagram: 'DiscoveryWatcher' object has no attribute '_scrape_instagram_images'
2025-09-21 13:07:30,996 - ERROR - Image discovery error for instagram: 'DiscoveryWatcher' object has no attribute '_scrape_instagram_images'
2025-09-21 13:07:30,997 - ERROR - Image discovery error for instagram: 'DiscoveryWatcher' object has no attribute '_scrape_instagram_images'
2025-09-21 13:23:57,582 - ERROR - Error monitoring twitter: 'DiscoveryWatcher' object has no attribute '_get_social_search_url'
2025-09-21 13:23:57,583 - ERROR - Error monitoring facebook: 'DiscoveryWatcher' object has no attribute '_get_social_search_url'
2025-09-21 13:23:57,586 - ERROR - Error monitoring instagram: 'DiscoveryWatcher' object has no attribute '_get_social_search_url'
2025-09-21 13:23:57,587 - ERROR - Error monitoring linkedin: 'DiscoveryWatcher' object has no attribute '_get_social_search_url'
2025-09-21 13:23:59,152 - ERROR - Web search failure (google_news): Couldn't find a tree builder with the features you requested: xml. Do you need to install a parser library?
2025-09-21 13:23:59,214 - ERROR - Web search failure (google_news): Couldn't find a tree builder with the features you requested: xml. Do you need to install a parser library?
2025-09-21 13:23:59,388 - ERROR - Web search failure (google_news): Couldn't find a tree builder with the features you requested: xml. Do you need to install a parser library?
2025-09-21 13:23:59,449 - ERROR - Web search failure (google_news): Couldn't find a tree builder with the features you requested: xml. Do you need to install a parser library?
2025-09-21 13:23:59,471 - ERROR - Web search failure (google_news): Couldn't find a tree builder with the features you requested: xml. Do you need to install a parser library?
2025-09-21 13:23:59,512 - ERROR - Web search failure (google_news): Couldn't find a tree builder with the features you requested: xml. Do you need to install a parser library?
2025-09-21 13:23:59,522 - ERROR - Web search failure (google_news): Couldn't find a tree builder with the features you requested: xml. Do you need to install a parser library?
2025-09-21 13:23:59,536 - ERROR - Web search failure (google_news): Couldn't find a tree builder with the features you requested: xml. Do you need to install a parser library?
2025-09-21 13:23:59,561 - ERROR - Web search failure (google_news): Couldn't find a tree builder with the features you requested: xml. Do you need to install a parser library?
2025-09-21 13:23:59,561 - ERROR - Web search failure (google_news): Couldn't find a tree builder with the features you requested: xml. Do you need to install a parser library?
2025-09-21 13:23:59,568 - ERROR - Web search failure (google_news): Couldn't find a tree builder with the features you requested: xml. Do you need to install a parser library?
2025-09-21 13:23:59,573 - ERROR - Web search failure (google_news): Couldn't find a tree builder with the features you requested: xml. Do you need to install a parser library?
2025-09-21 13:23:59,582 - ERROR - Web search failure (google_news): Couldn't find a tree builder with the features you requested: xml. Do you need to install a parser library?
2025-09-21 13:23:59,623 - ERROR - Web search failure (google_news): Couldn't find a tree builder with the features you requested: xml. Do you need to install a parser library?
2025-09-21 13:23:59,633 - ERROR - Web search failure (google_news): Couldn't find a tree builder with the features you requested: xml. Do you need to install a parser library?
2025-09-21 13:23:59,641 - ERROR - Web search failure (google_news): Couldn't find a tree builder with the features you requested: xml. Do you need to install a parser library?
2025-09-21 13:23:59,649 - ERROR - Web search failure (google_news): Couldn't find a tree builder with the features you requested: xml. Do you need to install a parser library?
2025-09-21 13:23:59,685 - ERROR - Web search failure (google_news): Couldn't find a tree builder with the features you requested: xml. Do you need to install a parser library?
2025-09-21 13:23:59,692 - ERROR - Web search failure (google_news): Couldn't find a tree builder with the features you requested: xml. Do you need to install a parser library?
2025-09-21 13:23:59,714 - ERROR - Web search failure (google_news): Couldn't find a tree builder with the features you requested: xml. Do you need to install a parser library?
2025-09-21 13:23:59,762 - ERROR - Web search failure (google_news): Couldn't find a tree builder with the features you requested: xml. Do you need to install a parser library?
2025-09-21 13:23:59,804 - ERROR - Web search failure (google_news): Couldn't find a tree builder with the features you requested: xml. Do you need to install a parser library?
2025-09-21 13:23:59,976 - ERROR - Web search failure (google_news): Couldn't find a tree builder with the features you requested: xml. Do you need to install a parser library?
2025-09-21 13:24:00,162 - ERROR - Web search failure (google_news): Couldn't find a tree builder with the features you requested: xml. Do you need to install a parser library?
2025-09-21 13:24:27,182 - ERROR - Image discovery error for twitter: 'DiscoveryWatcher' object has no attribute '_scrape_twitter_images'
2025-09-21 13:24:27,183 - ERROR - Image discovery error for twitter: 'DiscoveryWatcher' object has no attribute '_scrape_twitter_images'
2025-09-21 13:24:27,184 - ERROR - Image discovery error for twitter: 'DiscoveryWatcher' object has no attribute '_scrape_twitter_images'
2025-09-21 13:24:27,185 - ERROR - Image discovery error for twitter: 'DiscoveryWatcher' object has no attribute '_scrape_twitter_images'
2025-09-21 13:24:27,185 - ERROR - Image discovery error for twitter: 'DiscoveryWatcher' object has no attribute '_scrape_twitter_images'
2025-09-21 13:24:27,186 - ERROR - Image discovery error for twitter: 'DiscoveryWatcher' object has no attribute '_scrape_twitter_images'
2025-09-21 13:24:27,187 - ERROR - Image discovery error for twitter: 'DiscoveryWatcher' object has no attribute '_scrape_twitter_images'
2025-09-21 13:24:27,188 - ERROR - Image discovery error for twitter: 'DiscoveryWatcher' object has no attribute '_scrape_twitter_images'
2025-09-21 13:24:27,189 - ERROR - Image discovery error for twitter: 'DiscoveryWatcher' object has no attribute '_scrape_twitter_images'
2025-09-21 13:24:27,189 - ERROR - Image discovery error for twitter: 'DiscoveryWatcher' object has no attribute '_scrape_twitter_images'
2025-09-21 13:24:27,191 - ERROR - Image discovery error for twitter: 'DiscoveryWatcher' object has no attribute '_scrape_twitter_images'
2025-09-21 13:24:27,192 - ERROR - Image discovery error for twitter: 'DiscoveryWatcher' object has no attribute '_scrape_twitter_images'
2025-09-21 13:24:27,192 - ERROR - Image discovery error for twitter: 'DiscoveryWatcher' object has no attribute '_scrape_twitter_images'
2025-09-21 13:24:27,193 - ERROR - Image discovery error for twitter: 'DiscoveryWatcher' object has no attribute '_scrape_twitter_images'
2025-09-21 13:24:27,194 - ERROR - Image discovery error for twitter: 'DiscoveryWatcher' object has no attribute '_scrape_twitter_images'
2025-09-21 13:24:27,194 - ERROR - Image discovery error for twitter: 'DiscoveryWatcher' object has no attribute '_scrape_twitter_images'
2025-09-21 13:24:27,195 - ERROR - Image discovery error for twitter: 'DiscoveryWatcher' object has no attribute '_scrape_twitter_images'
2025-09-21 13:24:27,196 - ERROR - Image discovery error for twitter: 'DiscoveryWatcher' object has no attribute '_scrape_twitter_images'
2025-09-21 13:24:27,197 - ERROR - Image discovery error for twitter: 'DiscoveryWatcher' object has no attribute '_scrape_twitter_images'
2025-09-21 13:24:27,197 - ERROR - Image discovery error for twitter: 'DiscoveryWatcher' object has no attribute '_scrape_twitter_images'
2025-09-21 13:24:27,198 - ERROR - Image discovery error for twitter: 'DiscoveryWatcher' object has no attribute '_scrape_twitter_images'
2025-09-21 13:24:27,199 - ERROR - Image discovery error for twitter: 'DiscoveryWatcher' object has no attribute '_scrape_twitter_images'
2025-09-21 13:24:27,199 - ERROR - Image discovery error for twitter: 'DiscoveryWatcher' object has no attribute '_scrape_twitter_images'
2025-09-21 13:24:27,200 - ERROR - Image discovery error for twitter: 'DiscoveryWatcher' object has no attribute '_scrape_twitter_images'
2025-09-21 13:24:27,201 - ERROR - Image discovery error for twitter: 'DiscoveryWatcher' object has no attribute '_scrape_twitter_images'
2025-09-21 13:24:27,201 - ERROR - Image discovery error for twitter: 'DiscoveryWatcher' object has no attribute '_scrape_twitter_images'
2025-09-21 13:24:27,202 - ERROR - Image discovery error for twitter: 'DiscoveryWatcher' object has no attribute '_scrape_twitter_images'
2025-09-21 13:24:27,203 - ERROR - Image discovery error for twitter: 'DiscoveryWatcher' object has no attribute '_scrape_twitter_images'
2025-09-21 13:24:27,203 - ERROR - Image discovery error for instagram: 'DiscoveryWatcher' object has no attribute '_scrape_instagram_images'
2025-09-21 13:24:27,204 - ERROR - Image discovery error for instagram: 'DiscoveryWatcher' object has no attribute '_scrape_instagram_images'
2025-09-21 13:24:27,205 - ERROR - Image discovery error for instagram: 'DiscoveryWatcher' object has no attribute '_scrape_instagram_images'
2025-09-21 13:24:27,206 - ERROR - Image discovery error for instagram: 'DiscoveryWatcher' object has no attribute '_scrape_instagram_images'
2025-09-21 13:24:27,206 - ERROR - Image discovery error for instagram: 'DiscoveryWatcher' object has no attribute '_scrape_instagram_images'
2025-09-21 13:24:27,207 - ERROR - Image discovery error for instagram: 'DiscoveryWatcher' object has no attribute '_scrape_instagram_images'
2025-09-21 13:24:27,208 - ERROR - Image discovery error for instagram: 'DiscoveryWatcher' object has no attribute '_scrape_instagram_images'
2025-09-21 13:24:27,208 - ERROR - Image discovery error for instagram: 'DiscoveryWatcher' object has no attribute '_scrape_instagram_images'
2025-09-21 13:24:27,209 - ERROR - Image discovery error for instagram: 'DiscoveryWatcher' object has no attribute '_scrape_instagram_images'
2025-09-21 13:24:27,210 - ERROR - Image discovery error for instagram: 'DiscoveryWatcher' object has no attribute '_scrape_instagram_images'
2025-09-21 13:24:27,210 - ERROR - Image discovery error for instagram: 'DiscoveryWatcher' object has no attribute '_scrape_instagram_images'
2025-09-21 13:24:27,211 - ERROR - Image discovery error for instagram: 'DiscoveryWatcher' object has no attribute '_scrape_instagram_images'
2025-09-21 13:24:27,212 - ERROR - Image discovery error for instagram: 'DiscoveryWatcher' object has no attribute '_scrape_instagram_images'
2025-09-21 13:24:27,212 - ERROR - Image discovery error for instagram: 'DiscoveryWatcher' object has no attribute '_scrape_instagram_images'
2025-09-21 13:24:27,213 - ERROR - Image discovery error for instagram: 'DiscoveryWatcher' object has no attribute '_scrape_instagram_images'
2025-09-21 13:24:27,214 - ERROR - Image discovery error for instagram: 'DiscoveryWatcher' object has no attribute '_scrape_instagram_images'
2025-09-21 13:24:27,214 - ERROR - Image discovery error for instagram: 'DiscoveryWatcher' object has no attribute '_scrape_instagram_images'
2025-09-21 13:24:27,215 - ERROR - Image discovery error for instagram: 'DiscoveryWatcher' object has no attribute '_scrape_instagram_images'
2025-09-21 13:24:27,215 - ERROR - Image discovery error for instagram: 'DiscoveryWatcher' object has no attribute '_scrape_instagram_images'
2025-09-21 13:24:27,216 - ERROR - Image discovery error for instagram: 'DiscoveryWatcher' object has no attribute '_scrape_instagram_images'
2025-09-21 13:24:27,217 - ERROR - Image discovery error for instagram: 'DiscoveryWatcher' object has no attribute '_scrape_instagram_images'
2025-09-21 13:24:27,218 - ERROR - Image discovery error for instagram: 'DiscoveryWatcher' object has no attribute '_scrape_instagram_images'
2025-09-21 13:24:27,218 - ERROR - Image discovery error for instagram: 'DiscoveryWatcher' object has no attribute '_scrape_instagram_images'
2025-09-21 13:24:27,219 - ERROR - Image discovery error for instagram: 'DiscoveryWatcher' object has no attribute '_scrape_instagram_images'
2025-09-21 13:24:27,219 - ERROR - Image discovery error for instagram: 'DiscoveryWatcher' object has no attribute '_scrape_instagram_images'
2025-09-21 13:24:27,220 - ERROR - Image discovery error for instagram: 'DiscoveryWatcher' object has no attribute '_scrape_instagram_images'
2025-09-21 13:24:27,222 - ERROR - Image discovery error for instagram: 'DiscoveryWatcher' object has no attribute '_scrape_instagram_images'
2025-09-21 13:24:27,222 - ERROR - Image discovery error for instagram: 'DiscoveryWatcher' object has no attribute '_scrape_instagram_images'
2025-09-21 14:11:20,793 - ERROR - Error monitoring twitter: 'DiscoveryWatcher' object has no attribute '_get_social_search_url'
2025-09-21 14:11:20,797 - ERROR - Error monitoring facebook: 'DiscoveryWatcher' object has no attribute '_get_social_search_url'
2025-09-21 14:11:20,797 - ERROR - Error monitoring instagram: 'DiscoveryWatcher' object has no attribute '_get_social_search_url'
2025-09-21 14:11:20,798 - ERROR - Error monitoring linkedin: 'DiscoveryWatcher' object has no attribute '_get_social_search_url'
2025-09-21 14:11:22,568 - ERROR - Web search failure (google_news): Couldn't find a tree builder with the features you requested: xml. Do you need to install a parser library?
2025-09-21 14:11:22,619 - ERROR - Web search failure (google_news): Couldn't find a tree builder with the features you requested: xml. Do you need to install a parser library?
2025-09-21 14:11:22,862 - ERROR - Web search failure (google_news): Couldn't find a tree builder with the features you requested: xml. Do you need to install a parser library?
2025-09-21 14:11:22,902 - ERROR - Web search failure (google_news): Couldn't find a tree builder with the features you requested: xml. Do you need to install a parser library?
2025-09-21 14:11:22,945 - ERROR - Web search failure (google_news): Couldn't find a tree builder with the features you requested: xml. Do you need to install a parser library?
2025-09-21 14:11:22,959 - ERROR - Web search failure (google_news): Couldn't find a tree builder with the features you requested: xml. Do you need to install a parser library?
2025-09-21 14:11:22,959 - ERROR - Web search failure (google_news): Couldn't find a tree builder with the features you requested: xml. Do you need to install a parser library?
2025-09-21 14:11:22,959 - ERROR - Web search failure (google_news): Couldn't find a tree builder with the features you requested: xml. Do you need to install a parser library?
2025-09-21 14:11:22,977 - ERROR - Web search failure (google_news): Couldn't find a tree builder with the features you requested: xml. Do you need to install a parser library?
2025-09-21 14:11:22,997 - ERROR - Web search failure (google_news): Couldn't find a tree builder with the features you requested: xml. Do you need to install a parser library?
2025-09-21 14:11:22,999 - ERROR - Web search failure (google_news): Couldn't find a tree builder with the features you requested: xml. Do you need to install a parser library?
2025-09-21 14:11:23,031 - ERROR - Web search failure (google_news): Couldn't find a tree builder with the features you requested: xml. Do you need to install a parser library?
2025-09-21 14:11:23,031 - ERROR - Web search failure (google_news): Couldn't find a tree builder with the features you requested: xml. Do you need to install a parser library?
2025-09-21 14:11:23,032 - ERROR - Web search failure (google_news): Couldn't find a tree builder with the features you requested: xml. Do you need to install a parser library?
2025-09-21 14:11:23,040 - ERROR - Web search failure (google_news): Couldn't find a tree builder with the features you requested: xml. Do you need to install a parser library?
2025-09-21 14:11:23,041 - ERROR - Web search failure (google_news): Couldn't find a tree builder with the features you requested: xml. Do you need to install a parser library?
2025-09-21 14:11:23,050 - ERROR - Web search failure (google_news): Couldn't find a tree builder with the features you requested: xml. Do you need to install a parser library?
2025-09-21 14:11:23,053 - ERROR - Web search failure (google_news): Couldn't find a tree builder with the features you requested: xml. Do you need to install a parser library?
2025-09-21 14:11:23,080 - ERROR - Web search failure (google_news): Couldn't find a tree builder with the features you requested: xml. Do you need to install a parser library?
2025-09-21 14:11:23,123 - ERROR - Web search failure (google_news): Couldn't find a tree builder with the features you requested: xml. Do you need to install a parser library?
2025-09-21 14:11:23,140 - ERROR - Web search failure (google_news): Couldn't find a tree builder with the features you requested: xml. Do you need to install a parser library?
2025-09-21 14:11:23,183 - ERROR - Web search failure (google_news): Couldn't find a tree builder with the features you requested: xml. Do you need to install a parser library?
2025-09-21 14:11:23,449 - ERROR - Web search failure (google_news): Couldn't find a tree builder with the features you requested: xml. Do you need to install a parser library?
2025-09-21 14:11:23,561 - ERROR - Web search failure (google_news): Couldn't find a tree builder with the features you requested: xml. Do you need to install a parser library?
2025-09-21 14:11:55,294 - ERROR - Image discovery error for twitter: 'DiscoveryWatcher' object has no attribute '_scrape_twitter_images'
2025-09-21 14:11:55,294 - ERROR - Image discovery error for twitter: 'DiscoveryWatcher' object has no attribute '_scrape_twitter_images'
2025-09-21 14:11:55,296 - ERROR - Image discovery error for twitter: 'DiscoveryWatcher' object has no attribute '_scrape_twitter_images'
2025-09-21 14:11:55,296 - ERROR - Image discovery error for twitter: 'DiscoveryWatcher' object has no attribute '_scrape_twitter_images'
2025-09-21 14:11:55,297 - ERROR - Image discovery error for twitter: 'DiscoveryWatcher' object has no attribute '_scrape_twitter_images'
2025-09-21 14:11:55,298 - ERROR - Image discovery error for twitter: 'DiscoveryWatcher' object has no attribute '_scrape_twitter_images'
2025-09-21 14:11:55,298 - ERROR - Image discovery error for twitter: 'DiscoveryWatcher' object has no attribute '_scrape_twitter_images'
2025-09-21 14:11:55,299 - ERROR - Image discovery error for twitter: 'DiscoveryWatcher' object has no attribute '_scrape_twitter_images'
2025-09-21 14:11:55,299 - ERROR - Image discovery error for twitter: 'DiscoveryWatcher' object has no attribute '_scrape_twitter_images'
2025-09-21 14:11:55,300 - ERROR - Image discovery error for twitter: 'DiscoveryWatcher' object has no attribute '_scrape_twitter_images'
2025-09-21 14:11:55,301 - ERROR - Image discovery error for twitter: 'DiscoveryWatcher' object has no attribute '_scrape_twitter_images'
2025-09-21 14:11:55,302 - ERROR - Image discovery error for twitter: 'DiscoveryWatcher' object has no attribute '_scrape_twitter_images'
2025-09-21 14:11:55,303 - ERROR - Image discovery error for twitter: 'DiscoveryWatcher' object has no attribute '_scrape_twitter_images'
2025-09-21 14:11:55,303 - ERROR - Image discovery error for twitter: 'DiscoveryWatcher' object has no attribute '_scrape_twitter_images'
2025-09-21 14:11:55,304 - ERROR - Image discovery error for twitter: 'DiscoveryWatcher' object has no attribute '_scrape_twitter_images'
2025-09-21 14:11:55,305 - ERROR - Image discovery error for twitter: 'DiscoveryWatcher' object has no attribute '_scrape_twitter_images'
2025-09-21 14:11:55,306 - ERROR - Image discovery error for twitter: 'DiscoveryWatcher' object has no attribute '_scrape_twitter_images'
2025-09-21 14:11:55,309 - ERROR - Image discovery error for twitter: 'DiscoveryWatcher' object has no attribute '_scrape_twitter_images'
2025-09-21 14:11:55,309 - ERROR - Image discovery error for twitter: 'DiscoveryWatcher' object has no attribute '_scrape_twitter_images'
2025-09-21 14:11:55,311 - ERROR - Image discovery error for twitter: 'DiscoveryWatcher' object has no attribute '_scrape_twitter_images'
2025-09-21 14:11:55,312 - ERROR - Image discovery error for twitter: 'DiscoveryWatcher' object has no attribute '_scrape_twitter_images'
2025-09-21 14:11:55,313 - ERROR - Image discovery error for twitter: 'DiscoveryWatcher' object has no attribute '_scrape_twitter_images'
2025-09-21 14:11:55,314 - ERROR - Image discovery error for twitter: 'DiscoveryWatcher' object has no attribute '_scrape_twitter_images'
2025-09-21 14:11:55,314 - ERROR - Image discovery error for twitter: 'DiscoveryWatcher' object has no attribute '_scrape_twitter_images'
2025-09-21 14:11:55,316 - ERROR - Image discovery error for twitter: 'DiscoveryWatcher' object has no attribute '_scrape_twitter_images'
2025-09-21 14:11:55,318 - ERROR - Image discovery error for twitter: 'DiscoveryWatcher' object has no attribute '_scrape_twitter_images'
2025-09-21 14:11:55,319 - ERROR - Image discovery error for twitter: 'DiscoveryWatcher' object has no attribute '_scrape_twitter_images'
2025-09-21 14:11:55,320 - ERROR - Image discovery error for twitter: 'DiscoveryWatcher' object has no attribute '_scrape_twitter_images'
2025-09-21 14:11:55,321 - ERROR - Image discovery error for instagram: 'DiscoveryWatcher' object has no attribute '_scrape_instagram_images'
2025-09-21 14:11:55,321 - ERROR - Image discovery error for instagram: 'DiscoveryWatcher' object has no attribute '_scrape_instagram_images'
2025-09-21 14:11:55,322 - ERROR - Image discovery error for instagram: 'DiscoveryWatcher' object has no attribute '_scrape_instagram_images'
2025-09-21 14:11:55,323 - ERROR - Image discovery error for instagram: 'DiscoveryWatcher' object has no attribute '_scrape_instagram_images'
2025-09-21 14:11:55,323 - ERROR - Image discovery error for instagram: 'DiscoveryWatcher' object has no attribute '_scrape_instagram_images'
2025-09-21 14:11:55,324 - ERROR - Image discovery error for instagram: 'DiscoveryWatcher' object has no attribute '_scrape_instagram_images'
2025-09-21 14:11:55,325 - ERROR - Image discovery error for instagram: 'DiscoveryWatcher' object has no attribute '_scrape_instagram_images'
2025-09-21 14:11:55,326 - ERROR - Image discovery error for instagram: 'DiscoveryWatcher' object has no attribute '_scrape_instagram_images'
2025-09-21 14:11:55,327 - ERROR - Image discovery error for instagram: 'DiscoveryWatcher' object has no attribute '_scrape_instagram_images'
2025-09-21 14:11:55,328 - ERROR - Image discovery error for instagram: 'DiscoveryWatcher' object has no attribute '_scrape_instagram_images'
2025-09-21 14:11:55,329 - ERROR - Image discovery error for instagram: 'DiscoveryWatcher' object has no attribute '_scrape_instagram_images'
2025-09-21 14:11:55,330 - ERROR - Image discovery error for instagram: 'DiscoveryWatcher' object has no attribute '_scrape_instagram_images'
2025-09-21 14:11:55,335 - ERROR - Image discovery error for instagram: 'DiscoveryWatcher' object has no attribute '_scrape_instagram_images'
2025-09-21 14:11:55,336 - ERROR - Image discovery error for instagram: 'DiscoveryWatcher' object has no attribute '_scrape_instagram_images'
2025-09-21 14:11:55,336 - ERROR - Image discovery error for instagram: 'DiscoveryWatcher' object has no attribute '_scrape_instagram_images'
2025-09-21 14:11:55,337 - ERROR - Image discovery error for instagram: 'DiscoveryWatcher' object has no attribute '_scrape_instagram_images'
2025-09-21 14:11:55,338 - ERROR - Image discovery error for instagram: 'DiscoveryWatcher' object has no attribute '_scrape_instagram_images'
2025-09-21 14:11:55,339 - ERROR - Image discovery error for instagram: 'DiscoveryWatcher' object has no attribute '_scrape_instagram_images'
2025-09-21 14:11:55,339 - ERROR - Image discovery error for instagram: 'DiscoveryWatcher' object has no attribute '_scrape_instagram_images'
2025-09-21 14:11:55,340 - ERROR - Image discovery error for instagram: 'DiscoveryWatcher' object has no attribute '_scrape_instagram_images'
2025-09-21 14:11:55,341 - ERROR - Image discovery error for instagram: 'DiscoveryWatcher' object has no attribute '_scrape_instagram_images'
2025-09-21 14:11:55,341 - ERROR - Image discovery error for instagram: 'DiscoveryWatcher' object has no attribute '_scrape_instagram_images'
2025-09-21 14:11:55,342 - ERROR - Image discovery error for instagram: 'DiscoveryWatcher' object has no attribute '_scrape_instagram_images'
2025-09-21 14:11:55,343 - ERROR - Image discovery error for instagram: 'DiscoveryWatcher' object has no attribute '_scrape_instagram_images'
2025-09-21 14:11:55,343 - ERROR - Image discovery error for instagram: 'DiscoveryWatcher' object has no attribute '_scrape_instagram_images'
2025-09-21 14:11:55,344 - ERROR - Image discovery error for instagram: 'DiscoveryWatcher' object has no attribute '_scrape_instagram_images'
2025-09-21 14:11:55,345 - ERROR - Image discovery error for instagram: 'DiscoveryWatcher' object has no attribute '_scrape_instagram_images'
2025-09-21 14:11:55,347 - ERROR - Image discovery error for instagram: 'DiscoveryWatcher' object has no attribute '_scrape_instagram_images'
2025-09-21 16:07:29,821 - ERROR - Web search failure (google_news): Couldn't find a tree builder with the features you requested: xml. Do you need to install a parser library?
2025-09-21 16:07:29,849 - ERROR - Web search failure (google_news): Couldn't find a tree builder with the features you requested: xml. Do you need to install a parser library?
2025-09-21 16:07:29,868 - ERROR - Web search failure (google_news): Couldn't find a tree builder with the features you requested: xml. Do you need to install a parser library?
2025-09-21 16:07:29,912 - ERROR - Web search failure (google_news): Couldn't find a tree builder with the features you requested: xml. Do you need to install a parser library?
2025-09-21 16:07:29,951 - ERROR - Web search failure (google_news): Couldn't find a tree builder with the features you requested: xml. Do you need to install a parser library?
2025-09-21 16:07:29,981 - ERROR - Web search failure (google_news): Couldn't find a tree builder with the features you requested: xml. Do you need to install a parser library?
2025-09-21 16:07:29,988 - ERROR - Web search failure (google_news): Couldn't find a tree builder with the features you requested: xml. Do you need to install a parser library?
2025-09-21 16:07:30,023 - ERROR - Web search failure (google_news): Couldn't find a tree builder with the features you requested: xml. Do you need to install a parser library?
2025-09-21 16:07:30,037 - ERROR - Web search failure (google_news): Couldn't find a tree builder with the features you requested: xml. Do you need to install a parser library?
2025-09-21 16:07:30,045 - ERROR - Web search failure (google_news): Couldn't find a tree builder with the features you requested: xml. Do you need to install a parser library?
2025-09-21 16:07:30,067 - ERROR - Web search failure (google_news): Couldn't find a tree builder with the features you requested: xml. Do you need to install a parser library?
2025-09-21 16:07:30,080 - ERROR - Web search failure (google_news): Couldn't find a tree builder with the features you requested: xml. Do you need to install a parser library?
2025-09-21 16:07:30,080 - ERROR - Web search failure (google_news): Couldn't find a tree builder with the features you requested: xml. Do you need to install a parser library?
2025-09-21 16:07:30,084 - ERROR - Web search failure (google_news): Couldn't find a tree builder with the features you requested: xml. Do you need to install a parser library?
2025-09-21 16:07:30,099 - ERROR - Web search failure (google_news): Couldn't find a tree builder with the features you requested: xml. Do you need to install a parser library?
2025-09-21 16:07:30,144 - ERROR - Web search failure (google_news): Couldn't find a tree builder with the features you requested: xml. Do you need to install a parser library?
2025-09-21 16:07:30,172 - ERROR - Web search failure (google_news): Couldn't find a tree builder with the features you requested: xml. Do you need to install a parser library?
2025-09-21 16:07:30,183 - ERROR - Web search failure (google_news): Couldn't find a tree builder with the features you requested: xml. Do you need to install a parser library?
2025-09-21 16:07:30,283 - ERROR - Web search failure (google_news): Couldn't find a tree builder with the features you requested: xml. Do you need to install a parser library?
2025-09-21 16:07:30,480 - ERROR - Web search failure (google_news): Couldn't find a tree builder with the features you requested: xml. Do you need to install a parser library?
2025-09-21 16:07:30,480 - ERROR - Web search failure (google_news): Couldn't find a tree builder with the features you requested: xml. Do you need to install a parser library?
2025-09-21 16:07:30,892 - ERROR - Web search failure (google_news): Couldn't find a tree builder with the features you requested: xml. Do you need to install a parser library?
2025-09-21 16:07:30,894 - ERROR - Web search failure (google_news): Couldn't find a tree builder with the features you requested: xml. Do you need to install a parser library?
2025-09-21 16:07:30,911 - ERROR - Web search failure (google_news): Couldn't find a tree builder with the features you requested: xml. Do you need to install a parser library?
2025-09-21 16:07:36,278 - ERROR - Error monitoring twitter: 'DiscoveryWatcher' object has no attribute '_get_social_search_url'
2025-09-21 16:07:36,280 - ERROR - Error monitoring facebook: 'DiscoveryWatcher' object has no attribute '_get_social_search_url'
2025-09-21 16:07:36,283 - ERROR - Error monitoring instagram: 'DiscoveryWatcher' object has no attribute '_get_social_search_url'
2025-09-21 16:07:36,284 - ERROR - Error monitoring linkedin: 'DiscoveryWatcher' object has no attribute '_get_social_search_url'
2025-09-21 16:07:51,030 - ERROR - Image discovery error for twitter: 'DiscoveryWatcher' object has no attribute '_scrape_twitter_images'
2025-09-21 16:07:51,031 - ERROR - Image discovery error for twitter: 'DiscoveryWatcher' object has no attribute '_scrape_twitter_images'
2025-09-21 16:07:51,032 - ERROR - Image discovery error for twitter: 'DiscoveryWatcher' object has no attribute '_scrape_twitter_images'
2025-09-21 16:07:51,033 - ERROR - Image discovery error for twitter: 'DiscoveryWatcher' object has no attribute '_scrape_twitter_images'
2025-09-21 16:07:51,033 - ERROR - Image discovery error for twitter: 'DiscoveryWatcher' object has no attribute '_scrape_twitter_images'
2025-09-21 16:07:51,034 - ERROR - Image discovery error for twitter: 'DiscoveryWatcher' object has no attribute '_scrape_twitter_images'
2025-09-21 16:07:51,035 - ERROR - Image discovery error for twitter: 'DiscoveryWatcher' object has no attribute '_scrape_twitter_images'
2025-09-21 16:07:51,035 - ERROR - Image discovery error for twitter: 'DiscoveryWatcher' object has no attribute '_scrape_twitter_images'
2025-09-21 16:07:51,036 - ERROR - Image discovery error for twitter: 'DiscoveryWatcher' object has no attribute '_scrape_twitter_images'
2025-09-21 16:07:51,037 - ERROR - Image discovery error for twitter: 'DiscoveryWatcher' object has no attribute '_scrape_twitter_images'
2025-09-21 16:07:51,038 - ERROR - Image discovery error for twitter: 'DiscoveryWatcher' object has no attribute '_scrape_twitter_images'
2025-09-21 16:07:51,039 - ERROR - Image discovery error for twitter: 'DiscoveryWatcher' object has no attribute '_scrape_twitter_images'
2025-09-21 16:07:51,039 - ERROR - Image discovery error for twitter: 'DiscoveryWatcher' object has no attribute '_scrape_twitter_images'
2025-09-21 16:07:51,040 - ERROR - Image discovery error for twitter: 'DiscoveryWatcher' object has no attribute '_scrape_twitter_images'
2025-09-21 16:07:51,042 - ERROR - Image discovery error for twitter: 'DiscoveryWatcher' object has no attribute '_scrape_twitter_images'
2025-09-21 16:07:51,042 - ERROR - Image discovery error for twitter: 'DiscoveryWatcher' object has no attribute '_scrape_twitter_images'
2025-09-21 16:07:51,043 - ERROR - Image discovery error for twitter: 'DiscoveryWatcher' object has no attribute '_scrape_twitter_images'
2025-09-21 16:07:51,045 - ERROR - Image discovery error for twitter: 'DiscoveryWatcher' object has no attribute '_scrape_twitter_images'
2025-09-21 16:07:51,046 - ERROR - Image discovery error for twitter: 'DiscoveryWatcher' object has no attribute '_scrape_twitter_images'
2025-09-21 16:07:51,047 - ERROR - Image discovery error for twitter: 'DiscoveryWatcher' object has no attribute '_scrape_twitter_images'
2025-09-21 16:07:51,047 - ERROR - Image discovery error for twitter: 'DiscoveryWatcher' object has no attribute '_scrape_twitter_images'
2025-09-21 16:07:51,048 - ERROR - Image discovery error for twitter: 'DiscoveryWatcher' object has no attribute '_scrape_twitter_images'
2025-09-21 16:07:51,049 - ERROR - Image discovery error for twitter: 'DiscoveryWatcher' object has no attribute '_scrape_twitter_images'
2025-09-21 16:07:51,050 - ERROR - Image discovery error for twitter: 'DiscoveryWatcher' object has no attribute '_scrape_twitter_images'
2025-09-21 16:07:51,050 - ERROR - Image discovery error for twitter: 'DiscoveryWatcher' object has no attribute '_scrape_twitter_images'
2025-09-21 16:07:51,051 - ERROR - Image discovery error for twitter: 'DiscoveryWatcher' object has no attribute '_scrape_twitter_images'
2025-09-21 16:07:51,052 - ERROR - Image discovery error for twitter: 'DiscoveryWatcher' object has no attribute '_scrape_twitter_images'
2025-09-21 16:07:51,053 - ERROR - Image discovery error for twitter: 'DiscoveryWatcher' object has no attribute '_scrape_twitter_images'
2025-09-21 16:07:51,053 - ERROR - Image discovery error for instagram: 'DiscoveryWatcher' object has no attribute '_scrape_instagram_images'
2025-09-21 16:07:51,054 - ERROR - Image discovery error for instagram: 'DiscoveryWatcher' object has no attribute '_scrape_instagram_images'
2025-09-21 16:07:51,055 - ERROR - Image discovery error for instagram: 'DiscoveryWatcher' object has no attribute '_scrape_instagram_images'
2025-09-21 16:07:51,056 - ERROR - Image discovery error for instagram: 'DiscoveryWatcher' object has no attribute '_scrape_instagram_images'
2025-09-21 16:07:51,057 - ERROR - Image discovery error for instagram: 'DiscoveryWatcher' object has no attribute '_scrape_instagram_images'
2025-09-21 16:07:51,057 - ERROR - Image discovery error for instagram: 'DiscoveryWatcher' object has no attribute '_scrape_instagram_images'
2025-09-21 16:07:51,058 - ERROR - Image discovery error for instagram: 'DiscoveryWatcher' object has no attribute '_scrape_instagram_images'
2025-09-21 16:07:51,059 - ERROR - Image discovery error for instagram: 'DiscoveryWatcher' object has no attribute '_scrape_instagram_images'
2025-09-21 16:07:51,059 - ERROR - Image discovery error for instagram: 'DiscoveryWatcher' object has no attribute '_scrape_instagram_images'
2025-09-21 16:07:51,060 - ERROR - Image discovery error for instagram: 'DiscoveryWatcher' object has no attribute '_scrape_instagram_images'
2025-09-21 16:07:51,061 - ERROR - Image discovery error for instagram: 'DiscoveryWatcher' object has no attribute '_scrape_instagram_images'
2025-09-21 16:07:51,062 - ERROR - Image discovery error for instagram: 'DiscoveryWatcher' object has no attribute '_scrape_instagram_images'
2025-09-21 16:07:51,062 - ERROR - Image discovery error for instagram: 'DiscoveryWatcher' object has no attribute '_scrape_instagram_images'
2025-09-21 16:07:51,063 - ERROR - Image discovery error for instagram: 'DiscoveryWatcher' object has no attribute '_scrape_instagram_images'
2025-09-21 16:07:51,064 - ERROR - Image discovery error for instagram: 'DiscoveryWatcher' object has no attribute '_scrape_instagram_images'
2025-09-21 16:07:51,064 - ERROR - Image discovery error for instagram: 'DiscoveryWatcher' object has no attribute '_scrape_instagram_images'
2025-09-21 16:07:51,065 - ERROR - Image discovery error for instagram: 'DiscoveryWatcher' object has no attribute '_scrape_instagram_images'
2025-09-21 16:07:51,066 - ERROR - Image discovery error for instagram: 'DiscoveryWatcher' object has no attribute '_scrape_instagram_images'
2025-09-21 16:07:51,067 - ERROR - Image discovery error for instagram: 'DiscoveryWatcher' object has no attribute '_scrape_instagram_images'
2025-09-21 16:07:51,067 - ERROR - Image discovery error for instagram: 'DiscoveryWatcher' object has no attribute '_scrape_instagram_images'
2025-09-21 16:07:51,068 - ERROR - Image discovery error for instagram: 'DiscoveryWatcher' object has no attribute '_scrape_instagram_images'
2025-09-21 16:07:51,069 - ERROR - Image discovery error for instagram: 'DiscoveryWatcher' object has no attribute '_scrape_instagram_images'
2025-09-21 16:07:51,069 - ERROR - Image discovery error for instagram: 'DiscoveryWatcher' object has no attribute '_scrape_instagram_images'
2025-09-21 16:07:51,070 - ERROR - Image discovery error for instagram: 'DiscoveryWatcher' object has no attribute '_scrape_instagram_images'
2025-09-21 16:07:51,071 - ERROR - Image discovery error for instagram: 'DiscoveryWatcher' object has no attribute '_scrape_instagram_images'
2025-09-21 16:07:51,071 - ERROR - Image discovery error for instagram: 'DiscoveryWatcher' object has no attribute '_scrape_instagram_images'
2025-09-21 16:07:51,072 - ERROR - Image discovery error for instagram: 'DiscoveryWatcher' object has no attribute '_scrape_instagram_images'
2025-09-21 16:07:51,073 - ERROR - Image discovery error for instagram: 'DiscoveryWatcher' object has no attribute '_scrape_instagram_images'
2025-09-21 16:24:46,061 - ERROR - Error monitoring twitter: 'DiscoveryWatcher' object has no attribute '_get_social_search_url'
2025-09-21 16:24:46,077 - ERROR - Error monitoring facebook: 'DiscoveryWatcher' object has no attribute '_get_social_search_url'
2025-09-21 16:24:46,078 - ERROR - Error monitoring instagram: 'DiscoveryWatcher' object has no attribute '_get_social_search_url'
2025-09-21 16:24:46,078 - ERROR - Error monitoring linkedin: 'DiscoveryWatcher' object has no attribute '_get_social_search_url'
2025-09-21 16:24:47,646 - ERROR - Web search failure (google_news): Couldn't find a tree builder with the features you requested: xml. Do you need to install a parser library?
2025-09-21 16:24:47,673 - ERROR - Web search failure (google_news): Couldn't find a tree builder with the features you requested: xml. Do you need to install a parser library?
2025-09-21 16:24:47,674 - ERROR - Web search failure (google_news): Couldn't find a tree builder with the features you requested: xml. Do you need to install a parser library?
2025-09-21 16:24:47,680 - ERROR - Web search failure (google_news): Couldn't find a tree builder with the features you requested: xml. Do you need to install a parser library?
2025-09-21 16:24:47,685 - ERROR - Web search failure (google_news): Couldn't find a tree builder with the features you requested: xml. Do you need to install a parser library?
2025-09-21 16:24:47,737 - ERROR - Web search failure (google_news): Couldn't find a tree builder with the features you requested: xml. Do you need to install a parser library?
2025-09-21 16:24:47,740 - ERROR - Web search failure (google_news): Couldn't find a tree builder with the features you requested: xml. Do you need to install a parser library?
2025-09-21 16:24:47,751 - ERROR - Web search failure (google_news): Couldn't find a tree builder with the features you requested: xml. Do you need to install a parser library?
2025-09-21 16:24:47,767 - ERROR - Web search failure (google_news): Couldn't find a tree builder with the features you requested: xml. Do you need to install a parser library?
2025-09-21 16:24:47,777 - ERROR - Web search failure (google_news): Couldn't find a tree builder with the features you requested: xml. Do you need to install a parser library?
2025-09-21 16:24:47,785 - ERROR - Web search failure (google_news): Couldn't find a tree builder with the features you requested: xml. Do you need to install a parser library?
2025-09-21 16:24:47,786 - ERROR - Web search failure (google_news): Couldn't find a tree builder with the features you requested: xml. Do you need to install a parser library?
2025-09-21 16:24:47,786 - ERROR - Web search failure (google_news): Couldn't find a tree builder with the features you requested: xml. Do you need to install a parser library?
2025-09-21 16:24:47,794 - ERROR - Web search failure (google_news): Couldn't find a tree builder with the features you requested: xml. Do you need to install a parser library?
2025-09-21 16:24:47,815 - ERROR - Web search failure (google_news): Couldn't find a tree builder with the features you requested: xml. Do you need to install a parser library?
2025-09-21 16:24:47,822 - ERROR - Web search failure (google_news): Couldn't find a tree builder with the features you requested: xml. Do you need to install a parser library?
2025-09-21 16:24:47,851 - ERROR - Web search failure (google_news): Couldn't find a tree builder with the features you requested: xml. Do you need to install a parser library?
2025-09-21 16:24:47,918 - ERROR - Web search failure (google_news): Couldn't find a tree builder with the features you requested: xml. Do you need to install a parser library?
2025-09-21 16:24:47,923 - ERROR - Web search failure (google_news): Couldn't find a tree builder with the features you requested: xml. Do you need to install a parser library?
2025-09-21 16:24:47,956 - ERROR - Web search failure (google_news): Couldn't find a tree builder with the features you requested: xml. Do you need to install a parser library?
2025-09-21 16:24:48,168 - ERROR - Web search failure (google_news): Couldn't find a tree builder with the features you requested: xml. Do you need to install a parser library?
2025-09-21 16:24:48,175 - ERROR - Web search failure (google_news): Couldn't find a tree builder with the features you requested: xml. Do you need to install a parser library?
2025-09-21 16:24:48,629 - ERROR - Web search failure (google_news): Couldn't find a tree builder with the features you requested: xml. Do you need to install a parser library?
2025-09-21 16:24:48,664 - ERROR - Web search failure (google_news): Couldn't find a tree builder with the features you requested: xml. Do you need to install a parser library?
2025-09-21 16:25:10,035 - ERROR - Image discovery error for twitter: 'DiscoveryWatcher' object has no attribute '_scrape_twitter_images'
2025-09-21 16:25:10,037 - ERROR - Image discovery error for twitter: 'DiscoveryWatcher' object has no attribute '_scrape_twitter_images'
2025-09-21 16:25:10,037 - ERROR - Image discovery error for twitter: 'DiscoveryWatcher' object has no attribute '_scrape_twitter_images'
2025-09-21 16:25:10,038 - ERROR - Image discovery error for twitter: 'DiscoveryWatcher' object has no attribute '_scrape_twitter_images'
2025-09-21 16:25:10,039 - ERROR - Image discovery error for twitter: 'DiscoveryWatcher' object has no attribute '_scrape_twitter_images'
2025-09-21 16:25:10,040 - ERROR - Image discovery error for twitter: 'DiscoveryWatcher' object has no attribute '_scrape_twitter_images'
2025-09-21 16:25:10,041 - ERROR - Image discovery error for twitter: 'DiscoveryWatcher' object has no attribute '_scrape_twitter_images'
2025-09-21 16:25:10,041 - ERROR - Image discovery error for twitter: 'DiscoveryWatcher' object has no attribute '_scrape_twitter_images'
2025-09-21 16:25:10,042 - ERROR - Image discovery error for twitter: 'DiscoveryWatcher' object has no attribute '_scrape_twitter_images'
2025-09-21 16:25:10,044 - ERROR - Image discovery error for twitter: 'DiscoveryWatcher' object has no attribute '_scrape_twitter_images'
2025-09-21 16:25:10,045 - ERROR - Image discovery error for twitter: 'DiscoveryWatcher' object has no attribute '_scrape_twitter_images'
2025-09-21 16:25:10,045 - ERROR - Image discovery error for twitter: 'DiscoveryWatcher' object has no attribute '_scrape_twitter_images'
2025-09-21 16:25:10,046 - ERROR - Image discovery error for twitter: 'DiscoveryWatcher' object has no attribute '_scrape_twitter_images'
2025-09-21 16:25:10,047 - ERROR - Image discovery error for twitter: 'DiscoveryWatcher' object has no attribute '_scrape_twitter_images'
2025-09-21 16:25:10,047 - ERROR - Image discovery error for twitter: 'DiscoveryWatcher' object has no attribute '_scrape_twitter_images'
2025-09-21 16:25:10,048 - ERROR - Image discovery error for twitter: 'DiscoveryWatcher' object has no attribute '_scrape_twitter_images'
2025-09-21 16:25:10,049 - ERROR - Image discovery error for twitter: 'DiscoveryWatcher' object has no attribute '_scrape_twitter_images'
2025-09-21 16:25:10,050 - ERROR - Image discovery error for twitter: 'DiscoveryWatcher' object has no attribute '_scrape_twitter_images'
2025-09-21 16:25:10,051 - ERROR - Image discovery error for twitter: 'DiscoveryWatcher' object has no attribute '_scrape_twitter_images'
2025-09-21 16:25:10,051 - ERROR - Image discovery error for twitter: 'DiscoveryWatcher' object has no attribute '_scrape_twitter_images'
2025-09-21 16:25:10,052 - ERROR - Image discovery error for twitter: 'DiscoveryWatcher' object has no attribute '_scrape_twitter_images'
2025-09-21 16:25:10,053 - ERROR - Image discovery error for twitter: 'DiscoveryWatcher' object has no attribute '_scrape_twitter_images'
2025-09-21 16:25:10,054 - ERROR - Image discovery error for twitter: 'DiscoveryWatcher' object has no attribute '_scrape_twitter_images'
2025-09-21 16:25:10,055 - ERROR - Image discovery error for twitter: 'DiscoveryWatcher' object has no attribute '_scrape_twitter_images'
2025-09-21 16:25:10,055 - ERROR - Image discovery error for twitter: 'DiscoveryWatcher' object has no attribute '_scrape_twitter_images'
2025-09-21 16:25:10,056 - ERROR - Image discovery error for twitter: 'DiscoveryWatcher' object has no attribute '_scrape_twitter_images'
2025-09-21 16:25:10,057 - ERROR - Image discovery error for twitter: 'DiscoveryWatcher' object has no attribute '_scrape_twitter_images'
2025-09-21 16:25:10,058 - ERROR - Image discovery error for twitter: 'DiscoveryWatcher' object has no attribute '_scrape_twitter_images'
2025-09-21 16:25:10,058 - ERROR - Image discovery error for instagram: 'DiscoveryWatcher' object has no attribute '_scrape_instagram_images'
2025-09-21 16:25:10,059 - ERROR - Image discovery error for instagram: 'DiscoveryWatcher' object has no attribute '_scrape_instagram_images'
2025-09-21 16:25:10,060 - ERROR - Image discovery error for instagram: 'DiscoveryWatcher' object has no attribute '_scrape_instagram_images'
2025-09-21 16:25:10,061 - ERROR - Image discovery error for instagram: 'DiscoveryWatcher' object has no attribute '_scrape_instagram_images'
2025-09-21 16:25:10,061 - ERROR - Image discovery error for instagram: 'DiscoveryWatcher' object has no attribute '_scrape_instagram_images'
2025-09-21 16:25:10,062 - ERROR - Image discovery error for instagram: 'DiscoveryWatcher' object has no attribute '_scrape_instagram_images'
2025-09-21 16:25:10,063 - ERROR - Image discovery error for instagram: 'DiscoveryWatcher' object has no attribute '_scrape_instagram_images'
2025-09-21 16:25:10,063 - ERROR - Image discovery error for instagram: 'DiscoveryWatcher' object has no attribute '_scrape_instagram_images'
2025-09-21 16:25:10,064 - ERROR - Image discovery error for instagram: 'DiscoveryWatcher' object has no attribute '_scrape_instagram_images'
2025-09-21 16:25:10,065 - ERROR - Image discovery error for instagram: 'DiscoveryWatcher' object has no attribute '_scrape_instagram_images'
2025-09-21 16:25:10,065 - ERROR - Image discovery error for instagram: 'DiscoveryWatcher' object has no attribute '_scrape_instagram_images'
2025-09-21 16:25:10,066 - ERROR - Image discovery error for instagram: 'DiscoveryWatcher' object has no attribute '_scrape_instagram_images'
2025-09-21 16:25:10,067 - ERROR - Image discovery error for instagram: 'DiscoveryWatcher' object has no attribute '_scrape_instagram_images'
2025-09-21 16:25:10,068 - ERROR - Image discovery error for instagram: 'DiscoveryWatcher' object has no attribute '_scrape_instagram_images'
2025-09-21 16:25:10,069 - ERROR - Image discovery error for instagram: 'DiscoveryWatcher' object has no attribute '_scrape_instagram_images'
2025-09-21 16:25:10,070 - ERROR - Image discovery error for instagram: 'DiscoveryWatcher' object has no attribute '_scrape_instagram_images'
2025-09-21 16:25:10,071 - ERROR - Image discovery error for instagram: 'DiscoveryWatcher' object has no attribute '_scrape_instagram_images'
2025-09-21 16:25:10,072 - ERROR - Image discovery error for instagram: 'DiscoveryWatcher' object has no attribute '_scrape_instagram_images'
2025-09-21 16:25:10,073 - ERROR - Image discovery error for instagram: 'DiscoveryWatcher' object has no attribute '_scrape_instagram_images'
2025-09-21 16:25:10,075 - ERROR - Image discovery error for instagram: 'DiscoveryWatcher' object has no attribute '_scrape_instagram_images'
2025-09-21 16:25:10,076 - ERROR - Image discovery error for instagram: 'DiscoveryWatcher' object has no attribute '_scrape_instagram_images'
2025-09-21 16:25:10,076 - ERROR - Image discovery error for instagram: 'DiscoveryWatcher' object has no attribute '_scrape_instagram_images'
2025-09-21 16:25:10,077 - ERROR - Image discovery error for instagram: 'DiscoveryWatcher' object has no attribute '_scrape_instagram_images'
2025-09-21 16:25:10,078 - ERROR - Image discovery error for instagram: 'DiscoveryWatcher' object has no attribute '_scrape_instagram_images'
2025-09-21 16:25:10,079 - ERROR - Image discovery error for instagram: 'DiscoveryWatcher' object has no attribute '_scrape_instagram_images'
2025-09-21 16:25:10,079 - ERROR - Image discovery error for instagram: 'DiscoveryWatcher' object has no attribute '_scrape_instagram_images'
2025-09-21 16:25:10,080 - ERROR - Image discovery error for instagram: 'DiscoveryWatcher' object has no attribute '_scrape_instagram_images'
2025-09-21 16:25:10,081 - ERROR - Image discovery error for instagram: 'DiscoveryWatcher' object has no attribute '_scrape_instagram_images'
2025-09-21 16:32:50,093 - ERROR - Error monitoring twitter: 'DiscoveryWatcher' object has no attribute '_get_social_search_url'
2025-09-21 16:32:50,109 - ERROR - Error monitoring facebook: 'DiscoveryWatcher' object has no attribute '_get_social_search_url'
2025-09-21 16:32:50,134 - ERROR - Error monitoring instagram: 'DiscoveryWatcher' object has no attribute '_get_social_search_url'
2025-09-21 16:32:50,136 - ERROR - Error monitoring linkedin: 'DiscoveryWatcher' object has no attribute '_get_social_search_url'
2025-09-21 16:32:51,796 - ERROR - Web search failure (google_news): Couldn't find a tree builder with the features you requested: xml. Do you need to install a parser library?
2025-09-21 16:32:51,797 - ERROR - Web search failure (google_news): Couldn't find a tree builder with the features you requested: xml. Do you need to install a parser library?
2025-09-21 16:32:51,916 - ERROR - Web search failure (google_news): Couldn't find a tree builder with the features you requested: xml. Do you need to install a parser library?
2025-09-21 16:32:51,922 - ERROR - Web search failure (google_news): Couldn't find a tree builder with the features you requested: xml. Do you need to install a parser library?
2025-09-21 16:32:51,967 - ERROR - Web search failure (google_news): Couldn't find a tree builder with the features you requested: xml. Do you need to install a parser library?
2025-09-21 16:32:51,998 - ERROR - Web search failure (google_news): Couldn't find a tree builder with the features you requested: xml. Do you need to install a parser library?
2025-09-21 16:32:52,008 - ERROR - Web search failure (google_news): Couldn't find a tree builder with the features you requested: xml. Do you need to install a parser library?
2025-09-21 16:32:52,013 - ERROR - Web search failure (google_news): Couldn't find a tree builder with the features you requested: xml. Do you need to install a parser library?
2025-09-21 16:32:52,035 - ERROR - Web search failure (google_news): Couldn't find a tree builder with the features you requested: xml. Do you need to install a parser library?
2025-09-21 16:32:52,049 - ERROR - Web search failure (google_news): Couldn't find a tree builder with the features you requested: xml. Do you need to install a parser library?
2025-09-21 16:32:52,078 - ERROR - Web search failure (google_news): Couldn't find a tree builder with the features you requested: xml. Do you need to install a parser library?
2025-09-21 16:32:52,093 - ERROR - Web search failure (google_news): Couldn't find a tree builder with the features you requested: xml. Do you need to install a parser library?
2025-09-21 16:32:52,093 - ERROR - Web search failure (google_news): Couldn't find a tree builder with the features you requested: xml. Do you need to install a parser library?
2025-09-21 16:32:52,128 - ERROR - Web search failure (google_news): Couldn't find a tree builder with the features you requested: xml. Do you need to install a parser library?
2025-09-21 16:32:52,143 - ERROR - Web search failure (google_news): Couldn't find a tree builder with the features you requested: xml. Do you need to install a parser library?
2025-09-21 16:32:52,148 - ERROR - Web search failure (google_news): Couldn't find a tree builder with the features you requested: xml. Do you need to install a parser library?
2025-09-21 16:32:52,152 - ERROR - Web search failure (google_news): Couldn't find a tree builder with the features you requested: xml. Do you need to install a parser library?
2025-09-21 16:32:52,172 - ERROR - Web search failure (google_news): Couldn't find a tree builder with the features you requested: xml. Do you need to install a parser library?
2025-09-21 16:32:52,220 - ERROR - Web search failure (google_news): Couldn't find a tree builder with the features you requested: xml. Do you need to install a parser library?
2025-09-21 16:32:52,240 - ERROR - Web search failure (google_news): Couldn't find a tree builder with the features you requested: xml. Do you need to install a parser library?
2025-09-21 16:32:52,276 - ERROR - Web search failure (google_news): Couldn't find a tree builder with the features you requested: xml. Do you need to install a parser library?
2025-09-21 16:32:52,325 - ERROR - Web search failure (google_news): Couldn't find a tree builder with the features you requested: xml. Do you need to install a parser library?
2025-09-21 16:32:52,348 - ERROR - Web search failure (google_news): Couldn't find a tree builder with the features you requested: xml. Do you need to install a parser library?
2025-09-21 16:32:52,647 - ERROR - Web search failure (google_news): Couldn't find a tree builder with the features you requested: xml. Do you need to install a parser library?
2025-09-21 16:33:11,741 - ERROR - Image discovery error for twitter: 'DiscoveryWatcher' object has no attribute '_scrape_twitter_images'
2025-09-21 16:33:11,742 - ERROR - Image discovery error for twitter: 'DiscoveryWatcher' object has no attribute '_scrape_twitter_images'
2025-09-21 16:33:11,743 - ERROR - Image discovery error for twitter: 'DiscoveryWatcher' object has no attribute '_scrape_twitter_images'
2025-09-21 16:33:11,743 - ERROR - Image discovery error for twitter: 'DiscoveryWatcher' object has no attribute '_scrape_twitter_images'
2025-09-21 16:33:11,744 - ERROR - Image discovery error for twitter: 'DiscoveryWatcher' object has no attribute '_scrape_twitter_images'
2025-09-21 16:33:11,745 - ERROR - Image discovery error for twitter: 'DiscoveryWatcher' object has no attribute '_scrape_twitter_images'
2025-09-21 16:33:11,745 - ERROR - Image discovery error for twitter: 'DiscoveryWatcher' object has no attribute '_scrape_twitter_images'
2025-09-21 16:33:11,746 - ERROR - Image discovery error for twitter: 'DiscoveryWatcher' object has no attribute '_scrape_twitter_images'
2025-09-21 16:33:11,746 - ERROR - Image discovery error for twitter: 'DiscoveryWatcher' object has no attribute '_scrape_twitter_images'
2025-09-21 16:33:11,747 - ERROR - Image discovery error for twitter: 'DiscoveryWatcher' object has no attribute '_scrape_twitter_images'
2025-09-21 16:33:11,748 - ERROR - Image discovery error for twitter: 'DiscoveryWatcher' object has no attribute '_scrape_twitter_images'
2025-09-21 16:33:11,749 - ERROR - Image discovery error for twitter: 'DiscoveryWatcher' object has no attribute '_scrape_twitter_images'
2025-09-21 16:33:11,750 - ERROR - Image discovery error for twitter: 'DiscoveryWatcher' object has no attribute '_scrape_twitter_images'
2025-09-21 16:33:11,751 - ERROR - Image discovery error for twitter: 'DiscoveryWatcher' object has no attribute '_scrape_twitter_images'
2025-09-21 16:33:11,751 - ERROR - Image discovery error for twitter: 'DiscoveryWatcher' object has no attribute '_scrape_twitter_images'
2025-09-21 16:33:11,752 - ERROR - Image discovery error for twitter: 'DiscoveryWatcher' object has no attribute '_scrape_twitter_images'
2025-09-21 16:33:11,753 - ERROR - Image discovery error for twitter: 'DiscoveryWatcher' object has no attribute '_scrape_twitter_images'
2025-09-21 16:33:11,753 - ERROR - Image discovery error for twitter: 'DiscoveryWatcher' object has no attribute '_scrape_twitter_images'
2025-09-21 16:33:11,754 - ERROR - Image discovery error for twitter: 'DiscoveryWatcher' object has no attribute '_scrape_twitter_images'
2025-09-21 16:33:11,755 - ERROR - Image discovery error for twitter: 'DiscoveryWatcher' object has no attribute '_scrape_twitter_images'
2025-09-21 16:33:11,756 - ERROR - Image discovery error for twitter: 'DiscoveryWatcher' object has no attribute '_scrape_twitter_images'
2025-09-21 16:33:11,756 - ERROR - Image discovery error for twitter: 'DiscoveryWatcher' object has no attribute '_scrape_twitter_images'
2025-09-21 16:33:11,757 - ERROR - Image discovery error for twitter: 'DiscoveryWatcher' object has no attribute '_scrape_twitter_images'
2025-09-21 16:33:11,758 - ERROR - Image discovery error for twitter: 'DiscoveryWatcher' object has no attribute '_scrape_twitter_images'
2025-09-21 16:33:11,759 - ERROR - Image discovery error for twitter: 'DiscoveryWatcher' object has no attribute '_scrape_twitter_images'
2025-09-21 16:33:11,759 - ERROR - Image discovery error for twitter: 'DiscoveryWatcher' object has no attribute '_scrape_twitter_images'
2025-09-21 16:33:11,760 - ERROR - Image discovery error for twitter: 'DiscoveryWatcher' object has no attribute '_scrape_twitter_images'
2025-09-21 16:33:11,761 - ERROR - Image discovery error for twitter: 'DiscoveryWatcher' object has no attribute '_scrape_twitter_images'
2025-09-21 16:33:11,762 - ERROR - Image discovery error for instagram: 'DiscoveryWatcher' object has no attribute '_scrape_instagram_images'
2025-09-21 16:33:11,763 - ERROR - Image discovery error for instagram: 'DiscoveryWatcher' object has no attribute '_scrape_instagram_images'
2025-09-21 16:33:11,763 - ERROR - Image discovery error for instagram: 'DiscoveryWatcher' object has no attribute '_scrape_instagram_images'
2025-09-21 16:33:11,764 - ERROR - Image discovery error for instagram: 'DiscoveryWatcher' object has no attribute '_scrape_instagram_images'
2025-09-21 16:33:11,765 - ERROR - Image discovery error for instagram: 'DiscoveryWatcher' object has no attribute '_scrape_instagram_images'
2025-09-21 16:33:11,766 - ERROR - Image discovery error for instagram: 'DiscoveryWatcher' object has no attribute '_scrape_instagram_images'
2025-09-21 16:33:11,767 - ERROR - Image discovery error for instagram: 'DiscoveryWatcher' object has no attribute '_scrape_instagram_images'
2025-09-21 16:33:11,767 - ERROR - Image discovery error for instagram: 'DiscoveryWatcher' object has no attribute '_scrape_instagram_images'
2025-09-21 16:33:11,768 - ERROR - Image discovery error for instagram: 'DiscoveryWatcher' object has no attribute '_scrape_instagram_images'
2025-09-21 16:33:11,769 - ERROR - Image discovery error for instagram: 'DiscoveryWatcher' object has no attribute '_scrape_instagram_images'
2025-09-21 16:33:11,769 - ERROR - Image discovery error for instagram: 'DiscoveryWatcher' object has no attribute '_scrape_instagram_images'
2025-09-21 16:33:11,770 - ERROR - Image discovery error for instagram: 'DiscoveryWatcher' object has no attribute '_scrape_instagram_images'
2025-09-21 16:33:11,771 - ERROR - Image discovery error for instagram: 'DiscoveryWatcher' object has no attribute '_scrape_instagram_images'
2025-09-21 16:33:11,772 - ERROR - Image discovery error for instagram: 'DiscoveryWatcher' object has no attribute '_scrape_instagram_images'
2025-09-21 16:33:11,772 - ERROR - Image discovery error for instagram: 'DiscoveryWatcher' object has no attribute '_scrape_instagram_images'
2025-09-21 16:33:11,773 - ERROR - Image discovery error for instagram: 'DiscoveryWatcher' object has no attribute '_scrape_instagram_images'
2025-09-21 16:33:11,774 - ERROR - Image discovery error for instagram: 'DiscoveryWatcher' object has no attribute '_scrape_instagram_images'
2025-09-21 16:33:11,774 - ERROR - Image discovery error for instagram: 'DiscoveryWatcher' object has no attribute '_scrape_instagram_images'
2025-09-21 16:33:11,775 - ERROR - Image discovery error for instagram: 'DiscoveryWatcher' object has no attribute '_scrape_instagram_images'
2025-09-21 16:33:11,775 - ERROR - Image discovery error for instagram: 'DiscoveryWatcher' object has no attribute '_scrape_instagram_images'
2025-09-21 16:33:11,776 - ERROR - Image discovery error for instagram: 'DiscoveryWatcher' object has no attribute '_scrape_instagram_images'
2025-09-21 16:33:11,777 - ERROR - Image discovery error for instagram: 'DiscoveryWatcher' object has no attribute '_scrape_instagram_images'
2025-09-21 16:33:11,778 - ERROR - Image discovery error for instagram: 'DiscoveryWatcher' object has no attribute '_scrape_instagram_images'
2025-09-21 16:33:11,779 - ERROR - Image discovery error for instagram: 'DiscoveryWatcher' object has no attribute '_scrape_instagram_images'
2025-09-21 16:33:11,780 - ERROR - Image discovery error for instagram: 'DiscoveryWatcher' object has no attribute '_scrape_instagram_images'
2025-09-21 16:33:11,780 - ERROR - Image discovery error for instagram: 'DiscoveryWatcher' object has no attribute '_scrape_instagram_images'
2025-09-21 16:33:11,781 - ERROR - Image discovery error for instagram: 'DiscoveryWatcher' object has no attribute '_scrape_instagram_images'
2025-09-21 16:33:11,782 - ERROR - Image discovery error for instagram: 'DiscoveryWatcher' object has no attribute '_scrape_instagram_images'
2025-09-21 17:00:28,020 - ERROR - Error monitoring twitter: 'DiscoveryWatcher' object has no attribute '_get_social_search_url'
2025-09-21 17:00:28,021 - ERROR - Error monitoring facebook: 'DiscoveryWatcher' object has no attribute '_get_social_search_url'
2025-09-21 17:00:28,022 - ERROR - Error monitoring instagram: 'DiscoveryWatcher' object has no attribute '_get_social_search_url'
2025-09-21 17:00:28,023 - ERROR - Error monitoring linkedin: 'DiscoveryWatcher' object has no attribute '_get_social_search_url'
2025-09-21 17:00:29,452 - ERROR - Web search failure (google_news): Couldn't find a tree builder with the features you requested: xml. Do you need to install a parser library?
2025-09-21 17:00:29,556 - ERROR - Web search failure (google_news): Couldn't find a tree builder with the features you requested: xml. Do you need to install a parser library?
2025-09-21 17:00:29,582 - ERROR - Web search failure (google_news): Couldn't find a tree builder with the features you requested: xml. Do you need to install a parser library?
2025-09-21 17:00:29,624 - ERROR - Web search failure (google_news): Couldn't find a tree builder with the features you requested: xml. Do you need to install a parser library?
2025-09-21 17:00:29,685 - ERROR - Web search failure (google_news): Couldn't find a tree builder with the features you requested: xml. Do you need to install a parser library?
2025-09-21 17:00:29,734 - ERROR - Web search failure (google_news): Couldn't find a tree builder with the features you requested: xml. Do you need to install a parser library?
2025-09-21 17:00:29,823 - ERROR - Web search failure (google_news): Couldn't find a tree builder with the features you requested: xml. Do you need to install a parser library?
2025-09-21 17:00:29,849 - ERROR - Web search failure (google_news): Couldn't find a tree builder with the features you requested: xml. Do you need to install a parser library?
2025-09-21 17:00:29,856 - ERROR - Web search failure (google_news): Couldn't find a tree builder with the features you requested: xml. Do you need to install a parser library?
2025-09-21 17:00:29,861 - ERROR - Web search failure (google_news): Couldn't find a tree builder with the features you requested: xml. Do you need to install a parser library?
2025-09-21 17:00:29,872 - ERROR - Web search failure (google_news): Couldn't find a tree builder with the features you requested: xml. Do you need to install a parser library?
2025-09-21 17:00:29,901 - ERROR - Web search failure (google_news): Couldn't find a tree builder with the features you requested: xml. Do you need to install a parser library?
2025-09-21 17:00:29,902 - ERROR - Web search failure (google_news): Couldn't find a tree builder with the features you requested: xml. Do you need to install a parser library?
2025-09-21 17:00:29,915 - ERROR - Web search failure (google_news): Couldn't find a tree builder with the features you requested: xml. Do you need to install a parser library?
2025-09-21 17:00:29,916 - ERROR - Web search failure (google_news): Couldn't find a tree builder with the features you requested: xml. Do you need to install a parser library?
2025-09-21 17:00:29,944 - ERROR - Web search failure (google_news): Couldn't find a tree builder with the features you requested: xml. Do you need to install a parser library?
2025-09-21 17:00:29,944 - ERROR - Web search failure (google_news): Couldn't find a tree builder with the features you requested: xml. Do you need to install a parser library?
2025-09-21 17:00:29,945 - ERROR - Web search failure (google_news): Couldn't find a tree builder with the features you requested: xml. Do you need to install a parser library?
2025-09-21 17:00:29,974 - ERROR - Web search failure (google_news): Couldn't find a tree builder with the features you requested: xml. Do you need to install a parser library?
2025-09-21 17:00:29,995 - ERROR - Web search failure (google_news): Couldn't find a tree builder with the features you requested: xml. Do you need to install a parser library?
2025-09-21 17:00:30,032 - ERROR - Web search failure (google_news): Couldn't find a tree builder with the features you requested: xml. Do you need to install a parser library?
2025-09-21 17:00:30,116 - ERROR - Web search failure (google_news): Couldn't find a tree builder with the features you requested: xml. Do you need to install a parser library?
2025-09-21 17:00:30,134 - ERROR - Web search failure (google_news): Couldn't find a tree builder with the features you requested: xml. Do you need to install a parser library?
2025-09-21 17:00:30,426 - ERROR - Web search failure (google_news): Couldn't find a tree builder with the features you requested: xml. Do you need to install a parser library?
2025-09-21 17:00:50,754 - ERROR - Image discovery error for twitter: 'DiscoveryWatcher' object has no attribute '_scrape_twitter_images'
2025-09-21 17:00:50,755 - ERROR - Image discovery error for twitter: 'DiscoveryWatcher' object has no attribute '_scrape_twitter_images'
2025-09-21 17:00:50,755 - ERROR - Image discovery error for twitter: 'DiscoveryWatcher' object has no attribute '_scrape_twitter_images'
2025-09-21 17:00:50,756 - ERROR - Image discovery error for twitter: 'DiscoveryWatcher' object has no attribute '_scrape_twitter_images'
2025-09-21 17:00:50,757 - ERROR - Image discovery error for twitter: 'DiscoveryWatcher' object has no attribute '_scrape_twitter_images'
2025-09-21 17:00:50,758 - ERROR - Image discovery error for twitter: 'DiscoveryWatcher' object has no attribute '_scrape_twitter_images'
2025-09-21 17:00:50,758 - ERROR - Image discovery error for twitter: 'DiscoveryWatcher' object has no attribute '_scrape_twitter_images'
2025-09-21 17:00:50,759 - ERROR - Image discovery error for twitter: 'DiscoveryWatcher' object has no attribute '_scrape_twitter_images'
2025-09-21 17:00:50,760 - ERROR - Image discovery error for twitter: 'DiscoveryWatcher' object has no attribute '_scrape_twitter_images'
2025-09-21 17:00:50,761 - ERROR - Image discovery error for twitter: 'DiscoveryWatcher' object has no attribute '_scrape_twitter_images'
2025-09-21 17:00:50,761 - ERROR - Image discovery error for twitter: 'DiscoveryWatcher' object has no attribute '_scrape_twitter_images'
2025-09-21 17:00:50,762 - ERROR - Image discovery error for twitter: 'DiscoveryWatcher' object has no attribute '_scrape_twitter_images'
2025-09-21 17:00:50,763 - ERROR - Image discovery error for twitter: 'DiscoveryWatcher' object has no attribute '_scrape_twitter_images'
2025-09-21 17:00:50,763 - ERROR - Image discovery error for twitter: 'DiscoveryWatcher' object has no attribute '_scrape_twitter_images'
2025-09-21 17:00:50,765 - ERROR - Image discovery error for twitter: 'DiscoveryWatcher' object has no attribute '_scrape_twitter_images'
2025-09-21 17:00:50,767 - ERROR - Image discovery error for twitter: 'DiscoveryWatcher' object has no attribute '_scrape_twitter_images'
2025-09-21 17:00:50,768 - ERROR - Image discovery error for twitter: 'DiscoveryWatcher' object has no attribute '_scrape_twitter_images'
2025-09-21 17:00:50,769 - ERROR - Image discovery error for twitter: 'DiscoveryWatcher' object has no attribute '_scrape_twitter_images'
2025-09-21 17:00:50,770 - ERROR - Image discovery error for twitter: 'DiscoveryWatcher' object has no attribute '_scrape_twitter_images'
2025-09-21 17:00:50,770 - ERROR - Image discovery error for twitter: 'DiscoveryWatcher' object has no attribute '_scrape_twitter_images'
2025-09-21 17:00:50,771 - ERROR - Image discovery error for twitter: 'DiscoveryWatcher' object has no attribute '_scrape_twitter_images'
2025-09-21 17:00:50,772 - ERROR - Image discovery error for twitter: 'DiscoveryWatcher' object has no attribute '_scrape_twitter_images'
2025-09-21 17:00:50,772 - ERROR - Image discovery error for twitter: 'DiscoveryWatcher' object has no attribute '_scrape_twitter_images'
2025-09-21 17:00:50,773 - ERROR - Image discovery error for twitter: 'DiscoveryWatcher' object has no attribute '_scrape_twitter_images'
2025-09-21 17:00:50,774 - ERROR - Image discovery error for twitter: 'DiscoveryWatcher' object has no attribute '_scrape_twitter_images'
2025-09-21 17:00:50,774 - ERROR - Image discovery error for twitter: 'DiscoveryWatcher' object has no attribute '_scrape_twitter_images'
2025-09-21 17:00:50,775 - ERROR - Image discovery error for twitter: 'DiscoveryWatcher' object has no attribute '_scrape_twitter_images'
2025-09-21 17:00:50,776 - ERROR - Image discovery error for twitter: 'DiscoveryWatcher' object has no attribute '_scrape_twitter_images'
2025-09-21 17:00:50,776 - ERROR - Image discovery error for instagram: 'DiscoveryWatcher' object has no attribute '_scrape_instagram_images'
2025-09-21 17:00:50,777 - ERROR - Image discovery error for instagram: 'DiscoveryWatcher' object has no attribute '_scrape_instagram_images'
2025-09-21 17:00:50,778 - ERROR - Image discovery error for instagram: 'DiscoveryWatcher' object has no attribute '_scrape_instagram_images'
2025-09-21 17:00:50,779 - ERROR - Image discovery error for instagram: 'DiscoveryWatcher' object has no attribute '_scrape_instagram_images'
2025-09-21 17:00:50,779 - ERROR - Image discovery error for instagram: 'DiscoveryWatcher' object has no attribute '_scrape_instagram_images'
2025-09-21 17:00:50,780 - ERROR - Image discovery error for instagram: 'DiscoveryWatcher' object has no attribute '_scrape_instagram_images'
2025-09-21 17:00:50,781 - ERROR - Image discovery error for instagram: 'DiscoveryWatcher' object has no attribute '_scrape_instagram_images'
2025-09-21 17:00:50,783 - ERROR - Image discovery error for instagram: 'DiscoveryWatcher' object has no attribute '_scrape_instagram_images'
2025-09-21 17:00:50,783 - ERROR - Image discovery error for instagram: 'DiscoveryWatcher' object has no attribute '_scrape_instagram_images'
2025-09-21 17:00:50,784 - ERROR - Image discovery error for instagram: 'DiscoveryWatcher' object has no attribute '_scrape_instagram_images'
2025-09-21 17:00:50,785 - ERROR - Image discovery error for instagram: 'DiscoveryWatcher' object has no attribute '_scrape_instagram_images'
2025-09-21 17:00:50,786 - ERROR - Image discovery error for instagram: 'DiscoveryWatcher' object has no attribute '_scrape_instagram_images'
2025-09-21 17:00:50,786 - ERROR - Image discovery error for instagram: 'DiscoveryWatcher' object has no attribute '_scrape_instagram_images'
2025-09-21 17:00:50,787 - ERROR - Image discovery error for instagram: 'DiscoveryWatcher' object has no attribute '_scrape_instagram_images'
2025-09-21 17:00:50,788 - ERROR - Image discovery error for instagram: 'DiscoveryWatcher' object has no attribute '_scrape_instagram_images'
2025-09-21 17:00:50,788 - ERROR - Image discovery error for instagram: 'DiscoveryWatcher' object has no attribute '_scrape_instagram_images'
2025-09-21 17:00:50,789 - ERROR - Image discovery error for instagram: 'DiscoveryWatcher' object has no attribute '_scrape_instagram_images'
2025-09-21 17:00:50,790 - ERROR - Image discovery error for instagram: 'DiscoveryWatcher' object has no attribute '_scrape_instagram_images'
2025-09-21 17:00:50,791 - ERROR - Image discovery error for instagram: 'DiscoveryWatcher' object has no attribute '_scrape_instagram_images'
2025-09-21 17:00:50,791 - ERROR - Image discovery error for instagram: 'DiscoveryWatcher' object has no attribute '_scrape_instagram_images'
2025-09-21 17:00:50,792 - ERROR - Image discovery error for instagram: 'DiscoveryWatcher' object has no attribute '_scrape_instagram_images'
2025-09-21 17:00:50,793 - ERROR - Image discovery error for instagram: 'DiscoveryWatcher' object has no attribute '_scrape_instagram_images'
2025-09-21 17:00:50,793 - ERROR - Image discovery error for instagram: 'DiscoveryWatcher' object has no attribute '_scrape_instagram_images'
2025-09-21 17:00:50,794 - ERROR - Image discovery error for instagram: 'DiscoveryWatcher' object has no attribute '_scrape_instagram_images'
2025-09-21 17:00:50,795 - ERROR - Image discovery error for instagram: 'DiscoveryWatcher' object has no attribute '_scrape_instagram_images'
2025-09-21 17:00:50,796 - ERROR - Image discovery error for instagram: 'DiscoveryWatcher' object has no attribute '_scrape_instagram_images'
2025-09-21 17:00:50,796 - ERROR - Image discovery error for instagram: 'DiscoveryWatcher' object has no attribute '_scrape_instagram_images'
2025-09-21 17:00:50,797 - ERROR - Image discovery error for instagram: 'DiscoveryWatcher' object has no attribute '_scrape_instagram_images'
2025-09-21 20:03:50,905 - ERROR - Web search failure (google_news): Couldn't find a tree builder with the features you requested: xml. Do you need to install a parser library?
2025-09-21 20:03:50,932 - ERROR - Web search failure (google_news): Couldn't find a tree builder with the features you requested: xml. Do you need to install a parser library?
2025-09-21 20:03:51,051 - ERROR - Web search failure (google_news): Couldn't find a tree builder with the features you requested: xml. Do you need to install a parser library?
2025-09-21 20:03:51,074 - ERROR - Web search failure (google_news): Couldn't find a tree builder with the features you requested: xml. Do you need to install a parser library?
2025-09-21 20:03:51,095 - ERROR - Web search failure (google_news): Couldn't find a tree builder with the features you requested: xml. Do you need to install a parser library?
2025-09-21 20:03:51,152 - ERROR - Web search failure (google_news): Couldn't find a tree builder with the features you requested: xml. Do you need to install a parser library?
2025-09-21 20:03:51,169 - ERROR - Web search failure (google_news): Couldn't find a tree builder with the features you requested: xml. Do you need to install a parser library?
2025-09-21 20:03:51,198 - ERROR - Web search failure (google_news): Couldn't find a tree builder with the features you requested: xml. Do you need to install a parser library?
2025-09-21 20:03:51,233 - ERROR - Web search failure (google_news): Couldn't find a tree builder with the features you requested: xml. Do you need to install a parser library?
2025-09-21 20:03:51,249 - ERROR - Web search failure (google_news): Couldn't find a tree builder with the features you requested: xml. Do you need to install a parser library?
2025-09-21 20:03:51,253 - ERROR - Web search failure (google_news): Couldn't find a tree builder with the features you requested: xml. Do you need to install a parser library?
2025-09-21 20:03:51,282 - ERROR - Web search failure (google_news): Couldn't find a tree builder with the features you requested: xml. Do you need to install a parser library?
2025-09-21 20:03:51,295 - ERROR - Web search failure (google_news): Couldn't find a tree builder with the features you requested: xml. Do you need to install a parser library?
2025-09-21 20:03:51,335 - ERROR - Web search failure (google_news): Couldn't find a tree builder with the features you requested: xml. Do you need to install a parser library?
2025-09-21 20:03:51,357 - ERROR - Web search failure (google_news): Couldn't find a tree builder with the features you requested: xml. Do you need to install a parser library?
2025-09-21 20:03:51,385 - ERROR - Web search failure (google_news): Couldn't find a tree builder with the features you requested: xml. Do you need to install a parser library?
2025-09-21 20:03:51,428 - ERROR - Web search failure (google_news): Couldn't find a tree builder with the features you requested: xml. Do you need to install a parser library?
2025-09-21 20:03:51,438 - ERROR - Web search failure (google_news): Couldn't find a tree builder with the features you requested: xml. Do you need to install a parser library?
2025-09-21 20:03:51,495 - ERROR - Web search failure (google_news): Couldn't find a tree builder with the features you requested: xml. Do you need to install a parser library?
2025-09-21 20:03:51,577 - ERROR - Web search failure (google_news): Couldn't find a tree builder with the features you requested: xml. Do you need to install a parser library?
2025-09-21 20:03:51,637 - ERROR - Web search failure (google_news): Couldn't find a tree builder with the features you requested: xml. Do you need to install a parser library?
2025-09-21 20:03:51,854 - ERROR - Web search failure (google_news): Couldn't find a tree builder with the features you requested: xml. Do you need to install a parser library?
2025-09-21 20:03:52,371 - ERROR - Web search failure (google_news): Couldn't find a tree builder with the features you requested: xml. Do you need to install a parser library?
2025-09-21 20:03:52,545 - ERROR - Web search failure (google_news): Couldn't find a tree builder with the features you requested: xml. Do you need to install a parser library?
2025-09-21 20:03:56,610 - ERROR - Error monitoring twitter: 'DiscoveryWatcher' object has no attribute '_get_social_search_url'
2025-09-21 20:03:56,612 - ERROR - Error monitoring facebook: 'DiscoveryWatcher' object has no attribute '_get_social_search_url'
2025-09-21 20:03:56,613 - ERROR - Error monitoring instagram: 'DiscoveryWatcher' object has no attribute '_get_social_search_url'
2025-09-21 20:03:56,615 - ERROR - Error monitoring linkedin: 'DiscoveryWatcher' object has no attribute '_get_social_search_url'
2025-09-21 20:04:16,482 - ERROR - Image discovery error for twitter: 'DiscoveryWatcher' object has no attribute '_scrape_twitter_images'
2025-09-21 20:04:16,483 - ERROR - Image discovery error for twitter: 'DiscoveryWatcher' object has no attribute '_scrape_twitter_images'
2025-09-21 20:04:16,484 - ERROR - Image discovery error for twitter: 'DiscoveryWatcher' object has no attribute '_scrape_twitter_images'
2025-09-21 20:04:16,485 - ERROR - Image discovery error for twitter: 'DiscoveryWatcher' object has no attribute '_scrape_twitter_images'
2025-09-21 20:04:16,485 - ERROR - Image discovery error for twitter: 'DiscoveryWatcher' object has no attribute '_scrape_twitter_images'
2025-09-21 20:04:16,488 - ERROR - Image discovery error for twitter: 'DiscoveryWatcher' object has no attribute '_scrape_twitter_images'
2025-09-21 20:04:16,489 - ERROR - Image discovery error for twitter: 'DiscoveryWatcher' object has no attribute '_scrape_twitter_images'
2025-09-21 20:04:16,489 - ERROR - Image discovery error for twitter: 'DiscoveryWatcher' object has no attribute '_scrape_twitter_images'
2025-09-21 20:04:16,491 - ERROR - Image discovery error for twitter: 'DiscoveryWatcher' object has no attribute '_scrape_twitter_images'
2025-09-21 20:04:16,491 - ERROR - Image discovery error for twitter: 'DiscoveryWatcher' object has no attribute '_scrape_twitter_images'
2025-09-21 20:04:16,492 - ERROR - Image discovery error for twitter: 'DiscoveryWatcher' object has no attribute '_scrape_twitter_images'
2025-09-21 20:04:16,493 - ERROR - Image discovery error for twitter: 'DiscoveryWatcher' object has no attribute '_scrape_twitter_images'
2025-09-21 20:04:16,493 - ERROR - Image discovery error for twitter: 'DiscoveryWatcher' object has no attribute '_scrape_twitter_images'
2025-09-21 20:04:16,494 - ERROR - Image discovery error for twitter: 'DiscoveryWatcher' object has no attribute '_scrape_twitter_images'
2025-09-21 20:04:16,495 - ERROR - Image discovery error for twitter: 'DiscoveryWatcher' object has no attribute '_scrape_twitter_images'
2025-09-21 20:04:16,496 - ERROR - Image discovery error for twitter: 'DiscoveryWatcher' object has no attribute '_scrape_twitter_images'
2025-09-21 20:04:16,497 - ERROR - Image discovery error for twitter: 'DiscoveryWatcher' object has no attribute '_scrape_twitter_images'
2025-09-21 20:04:16,498 - ERROR - Image discovery error for twitter: 'DiscoveryWatcher' object has no attribute '_scrape_twitter_images'
2025-09-21 20:04:16,498 - ERROR - Image discovery error for twitter: 'DiscoveryWatcher' object has no attribute '_scrape_twitter_images'
2025-09-21 20:04:16,500 - ERROR - Image discovery error for twitter: 'DiscoveryWatcher' object has no attribute '_scrape_twitter_images'
2025-09-21 20:04:16,501 - ERROR - Image discovery error for twitter: 'DiscoveryWatcher' object has no attribute '_scrape_twitter_images'
2025-09-21 20:04:16,502 - ERROR - Image discovery error for twitter: 'DiscoveryWatcher' object has no attribute '_scrape_twitter_images'
2025-09-21 20:04:16,502 - ERROR - Image discovery error for twitter: 'DiscoveryWatcher' object has no attribute '_scrape_twitter_images'
2025-09-21 20:04:16,503 - ERROR - Image discovery error for twitter: 'DiscoveryWatcher' object has no attribute '_scrape_twitter_images'
2025-09-21 20:04:16,503 - ERROR - Image discovery error for twitter: 'DiscoveryWatcher' object has no attribute '_scrape_twitter_images'
2025-09-21 20:04:16,504 - ERROR - Image discovery error for twitter: 'DiscoveryWatcher' object has no attribute '_scrape_twitter_images'
2025-09-21 20:04:16,505 - ERROR - Image discovery error for twitter: 'DiscoveryWatcher' object has no attribute '_scrape_twitter_images'
2025-09-21 20:04:16,506 - ERROR - Image discovery error for twitter: 'DiscoveryWatcher' object has no attribute '_scrape_twitter_images'
2025-09-21 20:04:16,506 - ERROR - Image discovery error for instagram: 'DiscoveryWatcher' object has no attribute '_scrape_instagram_images'
2025-09-21 20:04:16,507 - ERROR - Image discovery error for instagram: 'DiscoveryWatcher' object has no attribute '_scrape_instagram_images'
2025-09-21 20:04:16,507 - ERROR - Image discovery error for instagram: 'DiscoveryWatcher' object has no attribute '_scrape_instagram_images'
2025-09-21 20:04:16,508 - ERROR - Image discovery error for instagram: 'DiscoveryWatcher' object has no attribute '_scrape_instagram_images'
2025-09-21 20:04:16,509 - ERROR - Image discovery error for instagram: 'DiscoveryWatcher' object has no attribute '_scrape_instagram_images'
2025-09-21 20:04:16,509 - ERROR - Image discovery error for instagram: 'DiscoveryWatcher' object has no attribute '_scrape_instagram_images'
2025-09-21 20:04:16,510 - ERROR - Image discovery error for instagram: 'DiscoveryWatcher' object has no attribute '_scrape_instagram_images'
2025-09-21 20:04:16,510 - ERROR - Image discovery error for instagram: 'DiscoveryWatcher' object has no attribute '_scrape_instagram_images'
2025-09-21 20:04:16,511 - ERROR - Image discovery error for instagram: 'DiscoveryWatcher' object has no attribute '_scrape_instagram_images'
2025-09-21 20:04:16,512 - ERROR - Image discovery error for instagram: 'DiscoveryWatcher' object has no attribute '_scrape_instagram_images'
2025-09-21 20:04:16,512 - ERROR - Image discovery error for instagram: 'DiscoveryWatcher' object has no attribute '_scrape_instagram_images'
2025-09-21 20:04:16,513 - ERROR - Image discovery error for instagram: 'DiscoveryWatcher' object has no attribute '_scrape_instagram_images'
2025-09-21 20:04:16,513 - ERROR - Image discovery error for instagram: 'DiscoveryWatcher' object has no attribute '_scrape_instagram_images'
2025-09-21 20:04:16,514 - ERROR - Image discovery error for instagram: 'DiscoveryWatcher' object has no attribute '_scrape_instagram_images'
2025-09-21 20:04:16,515 - ERROR - Image discovery error for instagram: 'DiscoveryWatcher' object has no attribute '_scrape_instagram_images'
2025-09-21 20:04:16,515 - ERROR - Image discovery error for instagram: 'DiscoveryWatcher' object has no attribute '_scrape_instagram_images'
2025-09-21 20:04:16,516 - ERROR - Image discovery error for instagram: 'DiscoveryWatcher' object has no attribute '_scrape_instagram_images'
2025-09-21 20:04:16,517 - ERROR - Image discovery error for instagram: 'DiscoveryWatcher' object has no attribute '_scrape_instagram_images'
2025-09-21 20:04:16,517 - ERROR - Image discovery error for instagram: 'DiscoveryWatcher' object has no attribute '_scrape_instagram_images'
2025-09-21 20:04:16,518 - ERROR - Image discovery error for instagram: 'DiscoveryWatcher' object has no attribute '_scrape_instagram_images'
2025-09-21 20:04:16,519 - ERROR - Image discovery error for instagram: 'DiscoveryWatcher' object has no attribute '_scrape_instagram_images'
2025-09-21 20:04:16,520 - ERROR - Image discovery error for instagram: 'DiscoveryWatcher' object has no attribute '_scrape_instagram_images'
2025-09-21 20:04:16,520 - ERROR - Image discovery error for instagram: 'DiscoveryWatcher' object has no attribute '_scrape_instagram_images'
2025-09-21 20:04:16,521 - ERROR - Image discovery error for instagram: 'DiscoveryWatcher' object has no attribute '_scrape_instagram_images'
2025-09-21 20:04:16,522 - ERROR - Image discovery error for instagram: 'DiscoveryWatcher' object has no attribute '_scrape_instagram_images'
2025-09-21 20:04:16,522 - ERROR - Image discovery error for instagram: 'DiscoveryWatcher' object has no attribute '_scrape_instagram_images'
2025-09-21 20:04:16,523 - ERROR - Image discovery error for instagram: 'DiscoveryWatcher' object has no attribute '_scrape_instagram_images'
2025-09-21 20:04:16,524 - ERROR - Image discovery error for instagram: 'DiscoveryWatcher' object has no attribute '_scrape_instagram_images'
2025-09-21 20:42:55,922 - ERROR - Web search failure (google_news): Couldn't find a tree builder with the features you requested: xml. Do you need to install a parser library?
2025-09-21 20:42:55,947 - ERROR - Web search failure (google_news): Couldn't find a tree builder with the features you requested: xml. Do you need to install a parser library?
2025-09-21 20:42:56,062 - ERROR - Web search failure (google_news): Couldn't find a tree builder with the features you requested: xml. Do you need to install a parser library?
2025-09-21 20:42:56,174 - ERROR - Web search failure (google_news): Couldn't find a tree builder with the features you requested: xml. Do you need to install a parser library?
2025-09-21 20:42:56,174 - ERROR - Web search failure (google_news): Couldn't find a tree builder with the features you requested: xml. Do you need to install a parser library?
2025-09-21 20:42:56,264 - ERROR - Web search failure (google_news): Couldn't find a tree builder with the features you requested: xml. Do you need to install a parser library?
2025-09-21 20:42:56,271 - ERROR - Web search failure (google_news): Couldn't find a tree builder with the features you requested: xml. Do you need to install a parser library?
2025-09-21 20:42:56,299 - ERROR - Web search failure (google_news): Couldn't find a tree builder with the features you requested: xml. Do you need to install a parser library?
2025-09-21 20:42:56,306 - ERROR - Web search failure (google_news): Couldn't find a tree builder with the features you requested: xml. Do you need to install a parser library?
2025-09-21 20:42:56,316 - ERROR - Web search failure (google_news): Couldn't find a tree builder with the features you requested: xml. Do you need to install a parser library?
2025-09-21 20:42:56,328 - ERROR - Web search failure (google_news): Couldn't find a tree builder with the features you requested: xml. Do you need to install a parser library?
2025-09-21 20:42:56,409 - ERROR - Web search failure (google_news): Couldn't find a tree builder with the features you requested: xml. Do you need to install a parser library?
2025-09-21 20:42:56,409 - ERROR - Web search failure (google_news): Couldn't find a tree builder with the features you requested: xml. Do you need to install a parser library?
2025-09-21 20:42:56,410 - ERROR - Web search failure (google_news): Couldn't find a tree builder with the features you requested: xml. Do you need to install a parser library?
2025-09-21 20:42:56,413 - ERROR - Web search failure (google_news): Couldn't find a tree builder with the features you requested: xml. Do you need to install a parser library?
2025-09-21 20:42:56,421 - ERROR - Web search failure (google_news): Couldn't find a tree builder with the features you requested: xml. Do you need to install a parser library?
2025-09-21 20:42:56,434 - ERROR - Web search failure (google_news): Couldn't find a tree builder with the features you requested: xml. Do you need to install a parser library?
2025-09-21 20:42:56,435 - ERROR - Web search failure (google_news): Couldn't find a tree builder with the features you requested: xml. Do you need to install a parser library?
2025-09-21 20:42:56,436 - ERROR - Web search failure (google_news): Couldn't find a tree builder with the features you requested: xml. Do you need to install a parser library?
2025-09-21 20:42:56,458 - ERROR - Web search failure (google_news): Couldn't find a tree builder with the features you requested: xml. Do you need to install a parser library?
2025-09-21 20:42:56,501 - ERROR - Web search failure (google_news): Couldn't find a tree builder with the features you requested: xml. Do you need to install a parser library?
2025-09-21 20:42:56,555 - ERROR - Web search failure (google_news): Couldn't find a tree builder with the features you requested: xml. Do you need to install a parser library?
2025-09-21 20:42:56,681 - ERROR - Web search failure (google_news): Couldn't find a tree builder with the features you requested: xml. Do you need to install a parser library?
2025-09-21 20:42:56,773 - ERROR - Web search failure (google_news): Couldn't find a tree builder with the features you requested: xml. Do you need to install a parser library?
2025-09-21 20:43:00,191 - ERROR - Error monitoring twitter: 'DiscoveryWatcher' object has no attribute '_get_social_search_url'
2025-09-21 20:43:00,192 - ERROR - Error monitoring facebook: 'DiscoveryWatcher' object has no attribute '_get_social_search_url'
2025-09-21 20:43:00,194 - ERROR - Error monitoring instagram: 'DiscoveryWatcher' object has no attribute '_get_social_search_url'
2025-09-21 20:43:00,196 - ERROR - Error monitoring linkedin: 'DiscoveryWatcher' object has no attribute '_get_social_search_url'
2025-09-21 20:43:22,302 - ERROR - Image discovery error for twitter: 'DiscoveryWatcher' object has no attribute '_scrape_twitter_images'
2025-09-21 20:43:22,303 - ERROR - Image discovery error for twitter: 'DiscoveryWatcher' object has no attribute '_scrape_twitter_images'
2025-09-21 20:43:22,304 - ERROR - Image discovery error for twitter: 'DiscoveryWatcher' object has no attribute '_scrape_twitter_images'
2025-09-21 20:43:22,305 - ERROR - Image discovery error for twitter: 'DiscoveryWatcher' object has no attribute '_scrape_twitter_images'
2025-09-21 20:43:22,307 - ERROR - Image discovery error for twitter: 'DiscoveryWatcher' object has no attribute '_scrape_twitter_images'
2025-09-21 20:43:22,307 - ERROR - Image discovery error for twitter: 'DiscoveryWatcher' object has no attribute '_scrape_twitter_images'
2025-09-21 20:43:22,309 - ERROR - Image discovery error for twitter: 'DiscoveryWatcher' object has no attribute '_scrape_twitter_images'
2025-09-21 20:43:22,310 - ERROR - Image discovery error for twitter: 'DiscoveryWatcher' object has no attribute '_scrape_twitter_images'
2025-09-21 20:43:22,311 - ERROR - Image discovery error for twitter: 'DiscoveryWatcher' object has no attribute '_scrape_twitter_images'
2025-09-21 20:43:22,312 - ERROR - Image discovery error for twitter: 'DiscoveryWatcher' object has no attribute '_scrape_twitter_images'
2025-09-21 20:43:22,313 - ERROR - Image discovery error for twitter: 'DiscoveryWatcher' object has no attribute '_scrape_twitter_images'
2025-09-21 20:43:22,314 - ERROR - Image discovery error for twitter: 'DiscoveryWatcher' object has no attribute '_scrape_twitter_images'
2025-09-21 20:43:22,314 - ERROR - Image discovery error for twitter: 'DiscoveryWatcher' object has no attribute '_scrape_twitter_images'
2025-09-21 20:43:22,315 - ERROR - Image discovery error for twitter: 'DiscoveryWatcher' object has no attribute '_scrape_twitter_images'
2025-09-21 20:43:22,316 - ERROR - Image discovery error for twitter: 'DiscoveryWatcher' object has no attribute '_scrape_twitter_images'
2025-09-21 20:43:22,317 - ERROR - Image discovery error for twitter: 'DiscoveryWatcher' object has no attribute '_scrape_twitter_images'
2025-09-21 20:43:22,318 - ERROR - Image discovery error for twitter: 'DiscoveryWatcher' object has no attribute '_scrape_twitter_images'
2025-09-21 20:43:22,319 - ERROR - Image discovery error for twitter: 'DiscoveryWatcher' object has no attribute '_scrape_twitter_images'
2025-09-21 20:43:22,320 - ERROR - Image discovery error for twitter: 'DiscoveryWatcher' object has no attribute '_scrape_twitter_images'
2025-09-21 20:43:22,321 - ERROR - Image discovery error for twitter: 'DiscoveryWatcher' object has no attribute '_scrape_twitter_images'
2025-09-21 20:43:22,322 - ERROR - Image discovery error for twitter: 'DiscoveryWatcher' object has no attribute '_scrape_twitter_images'
2025-09-21 20:43:22,322 - ERROR - Image discovery error for twitter: 'DiscoveryWatcher' object has no attribute '_scrape_twitter_images'
2025-09-21 20:43:22,323 - ERROR - Image discovery error for twitter: 'DiscoveryWatcher' object has no attribute '_scrape_twitter_images'
2025-09-21 20:43:22,324 - ERROR - Image discovery error for twitter: 'DiscoveryWatcher' object has no attribute '_scrape_twitter_images'
2025-09-21 20:43:22,324 - ERROR - Image discovery error for twitter: 'DiscoveryWatcher' object has no attribute '_scrape_twitter_images'
2025-09-21 20:43:22,325 - ERROR - Image discovery error for twitter: 'DiscoveryWatcher' object has no attribute '_scrape_twitter_images'
2025-09-21 20:43:22,326 - ERROR - Image discovery error for twitter: 'DiscoveryWatcher' object has no attribute '_scrape_twitter_images'
2025-09-21 20:43:22,326 - ERROR - Image discovery error for twitter: 'DiscoveryWatcher' object has no attribute '_scrape_twitter_images'
2025-09-21 20:43:22,327 - ERROR - Image discovery error for instagram: 'DiscoveryWatcher' object has no attribute '_scrape_instagram_images'
2025-09-21 20:43:22,328 - ERROR - Image discovery error for instagram: 'DiscoveryWatcher' object has no attribute '_scrape_instagram_images'
2025-09-21 20:43:22,328 - ERROR - Image discovery error for instagram: 'DiscoveryWatcher' object has no attribute '_scrape_instagram_images'
2025-09-21 20:43:22,329 - ERROR - Image discovery error for instagram: 'DiscoveryWatcher' object has no attribute '_scrape_instagram_images'
2025-09-21 20:43:22,330 - ERROR - Image discovery error for instagram: 'DiscoveryWatcher' object has no attribute '_scrape_instagram_images'
2025-09-21 20:43:22,331 - ERROR - Image discovery error for instagram: 'DiscoveryWatcher' object has no attribute '_scrape_instagram_images'
2025-09-21 20:43:22,331 - ERROR - Image discovery error for instagram: 'DiscoveryWatcher' object has no attribute '_scrape_instagram_images'
2025-09-21 20:43:22,332 - ERROR - Image discovery error for instagram: 'DiscoveryWatcher' object has no attribute '_scrape_instagram_images'
2025-09-21 20:43:22,334 - ERROR - Image discovery error for instagram: 'DiscoveryWatcher' object has no attribute '_scrape_instagram_images'
2025-09-21 20:43:22,336 - ERROR - Image discovery error for instagram: 'DiscoveryWatcher' object has no attribute '_scrape_instagram_images'
2025-09-21 20:43:22,337 - ERROR - Image discovery error for instagram: 'DiscoveryWatcher' object has no attribute '_scrape_instagram_images'
2025-09-21 20:43:22,338 - ERROR - Image discovery error for instagram: 'DiscoveryWatcher' object has no attribute '_scrape_instagram_images'
2025-09-21 20:43:22,339 - ERROR - Image discovery error for instagram: 'DiscoveryWatcher' object has no attribute '_scrape_instagram_images'
2025-09-21 20:43:22,339 - ERROR - Image discovery error for instagram: 'DiscoveryWatcher' object has no attribute '_scrape_instagram_images'
2025-09-21 20:43:22,340 - ERROR - Image discovery error for instagram: 'DiscoveryWatcher' object has no attribute '_scrape_instagram_images'
2025-09-21 20:43:22,341 - ERROR - Image discovery error for instagram: 'DiscoveryWatcher' object has no attribute '_scrape_instagram_images'
2025-09-21 20:43:22,342 - ERROR - Image discovery error for instagram: 'DiscoveryWatcher' object has no attribute '_scrape_instagram_images'
2025-09-21 20:43:22,343 - ERROR - Image discovery error for instagram: 'DiscoveryWatcher' object has no attribute '_scrape_instagram_images'
2025-09-21 20:43:22,344 - ERROR - Image discovery error for instagram: 'DiscoveryWatcher' object has no attribute '_scrape_instagram_images'
2025-09-21 20:43:22,344 - ERROR - Image discovery error for instagram: 'DiscoveryWatcher' object has no attribute '_scrape_instagram_images'
2025-09-21 20:43:22,345 - ERROR - Image discovery error for instagram: 'DiscoveryWatcher' object has no attribute '_scrape_instagram_images'
2025-09-21 20:43:22,346 - ERROR - Image discovery error for instagram: 'DiscoveryWatcher' object has no attribute '_scrape_instagram_images'
2025-09-21 20:43:22,346 - ERROR - Image discovery error for instagram: 'DiscoveryWatcher' object has no attribute '_scrape_instagram_images'
2025-09-21 20:43:22,348 - ERROR - Image discovery error for instagram: 'DiscoveryWatcher' object has no attribute '_scrape_instagram_images'
2025-09-21 20:43:22,349 - ERROR - Image discovery error for instagram: 'DiscoveryWatcher' object has no attribute '_scrape_instagram_images'
2025-09-21 20:43:22,350 - ERROR - Image discovery error for instagram: 'DiscoveryWatcher' object has no attribute '_scrape_instagram_images'
2025-09-21 20:43:22,351 - ERROR - Image discovery error for instagram: 'DiscoveryWatcher' object has no attribute '_scrape_instagram_images'
2025-09-21 20:43:22,353 - ERROR - Image discovery error for instagram: 'DiscoveryWatcher' object has no attribute '_scrape_instagram_images'
2025-09-21 21:17:46,675 - ERROR - Error monitoring twitter: 'DiscoveryWatcher' object has no attribute '_get_social_search_url'
2025-09-21 21:17:46,676 - ERROR - Error monitoring facebook: 'DiscoveryWatcher' object has no attribute '_get_social_search_url'
2025-09-21 21:17:46,677 - ERROR - Error monitoring instagram: 'DiscoveryWatcher' object has no attribute '_get_social_search_url'
2025-09-21 21:17:46,727 - ERROR - Error monitoring linkedin: 'DiscoveryWatcher' object has no attribute '_get_social_search_url'
2025-09-21 21:17:48,544 - ERROR - Web search failure (google_news): Couldn't find a tree builder with the features you requested: xml. Do you need to install a parser library?
2025-09-21 21:17:48,559 - ERROR - Web search failure (google_news): Couldn't find a tree builder with the features you requested: xml. Do you need to install a parser library?
2025-09-21 21:17:48,781 - ERROR - Web search failure (google_news): Couldn't find a tree builder with the features you requested: xml. Do you need to install a parser library?
2025-09-21 21:17:48,781 - ERROR - Web search failure (google_news): Couldn't find a tree builder with the features you requested: xml. Do you need to install a parser library?
2025-09-21 21:17:48,797 - ERROR - Web search failure (google_news): Couldn't find a tree builder with the features you requested: xml. Do you need to install a parser library?
2025-09-21 21:17:48,799 - ERROR - Web search failure (google_news): Couldn't find a tree builder with the features you requested: xml. Do you need to install a parser library?
2025-09-21 21:17:48,878 - ERROR - Web search failure (google_news): Couldn't find a tree builder with the features you requested: xml. Do you need to install a parser library?
2025-09-21 21:17:48,892 - ERROR - Web search failure (google_news): Couldn't find a tree builder with the features you requested: xml. Do you need to install a parser library?
2025-09-21 21:17:48,904 - ERROR - Web search failure (google_news): Couldn't find a tree builder with the features you requested: xml. Do you need to install a parser library?
2025-09-21 21:17:48,910 - ERROR - Web search failure (google_news): Couldn't find a tree builder with the features you requested: xml. Do you need to install a parser library?
2025-09-21 21:17:48,910 - ERROR - Web search failure (google_news): Couldn't find a tree builder with the features you requested: xml. Do you need to install a parser library?
2025-09-21 21:17:48,917 - ERROR - Web search failure (google_news): Couldn't find a tree builder with the features you requested: xml. Do you need to install a parser library?
2025-09-21 21:17:48,917 - ERROR - Web search failure (google_news): Couldn't find a tree builder with the features you requested: xml. Do you need to install a parser library?
2025-09-21 21:17:48,949 - ERROR - Web search failure (google_news): Couldn't find a tree builder with the features you requested: xml. Do you need to install a parser library?
2025-09-21 21:17:48,958 - ERROR - Web search failure (google_news): Couldn't find a tree builder with the features you requested: xml. Do you need to install a parser library?
2025-09-21 21:17:48,971 - ERROR - Web search failure (google_news): Couldn't find a tree builder with the features you requested: xml. Do you need to install a parser library?
2025-09-21 21:17:48,997 - ERROR - Web search failure (google_news): Couldn't find a tree builder with the features you requested: xml. Do you need to install a parser library?
2025-09-21 21:17:49,050 - ERROR - Web search failure (google_news): Couldn't find a tree builder with the features you requested: xml. Do you need to install a parser library?
2025-09-21 21:17:49,080 - ERROR - Web search failure (google_news): Couldn't find a tree builder with the features you requested: xml. Do you need to install a parser library?
2025-09-21 21:17:49,092 - ERROR - Web search failure (google_news): Couldn't find a tree builder with the features you requested: xml. Do you need to install a parser library?
2025-09-21 21:17:49,131 - ERROR - Web search failure (google_news): Couldn't find a tree builder with the features you requested: xml. Do you need to install a parser library?
2025-09-21 21:17:49,131 - ERROR - Web search failure (google_news): Couldn't find a tree builder with the features you requested: xml. Do you need to install a parser library?
2025-09-21 21:17:49,394 - ERROR - Web search failure (google_news): Couldn't find a tree builder with the features you requested: xml. Do you need to install a parser library?
2025-09-21 21:17:49,425 - ERROR - Web search failure (google_news): Couldn't find a tree builder with the features you requested: xml. Do you need to install a parser library?
2025-09-21 21:18:15,924 - ERROR - Image discovery error for twitter: 'DiscoveryWatcher' object has no attribute '_scrape_twitter_images'
2025-09-21 21:18:15,926 - ERROR - Image discovery error for twitter: 'DiscoveryWatcher' object has no attribute '_scrape_twitter_images'
2025-09-21 21:18:15,926 - ERROR - Image discovery error for twitter: 'DiscoveryWatcher' object has no attribute '_scrape_twitter_images'
2025-09-21 21:18:15,927 - ERROR - Image discovery error for twitter: 'DiscoveryWatcher' object has no attribute '_scrape_twitter_images'
2025-09-21 21:18:15,928 - ERROR - Image discovery error for twitter: 'DiscoveryWatcher' object has no attribute '_scrape_twitter_images'
2025-09-21 21:18:15,929 - ERROR - Image discovery error for twitter: 'DiscoveryWatcher' object has no attribute '_scrape_twitter_images'
2025-09-21 21:18:15,929 - ERROR - Image discovery error for twitter: 'DiscoveryWatcher' object has no attribute '_scrape_twitter_images'
2025-09-21 21:18:15,930 - ERROR - Image discovery error for twitter: 'DiscoveryWatcher' object has no attribute '_scrape_twitter_images'
2025-09-21 21:18:15,931 - ERROR - Image discovery error for twitter: 'DiscoveryWatcher' object has no attribute '_scrape_twitter_images'
2025-09-21 21:18:15,931 - ERROR - Image discovery error for twitter: 'DiscoveryWatcher' object has no attribute '_scrape_twitter_images'
2025-09-21 21:18:15,932 - ERROR - Image discovery error for twitter: 'DiscoveryWatcher' object has no attribute '_scrape_twitter_images'
2025-09-21 21:18:15,933 - ERROR - Image discovery error for twitter: 'DiscoveryWatcher' object has no attribute '_scrape_twitter_images'
2025-09-21 21:18:15,934 - ERROR - Image discovery error for twitter: 'DiscoveryWatcher' object has no attribute '_scrape_twitter_images'
2025-09-21 21:18:15,934 - ERROR - Image discovery error for twitter: 'DiscoveryWatcher' object has no attribute '_scrape_twitter_images'
2025-09-21 21:18:15,934 - ERROR - Image discovery error for twitter: 'DiscoveryWatcher' object has no attribute '_scrape_twitter_images'
2025-09-21 21:18:15,936 - ERROR - Image discovery error for twitter: 'DiscoveryWatcher' object has no attribute '_scrape_twitter_images'
2025-09-21 21:18:15,937 - ERROR - Image discovery error for twitter: 'DiscoveryWatcher' object has no attribute '_scrape_twitter_images'
2025-09-21 21:18:15,938 - ERROR - Image discovery error for twitter: 'DiscoveryWatcher' object has no attribute '_scrape_twitter_images'
2025-09-21 21:18:15,939 - ERROR - Image discovery error for twitter: 'DiscoveryWatcher' object has no attribute '_scrape_twitter_images'
2025-09-21 21:18:15,940 - ERROR - Image discovery error for twitter: 'DiscoveryWatcher' object has no attribute '_scrape_twitter_images'
2025-09-21 21:18:15,941 - ERROR - Image discovery error for twitter: 'DiscoveryWatcher' object has no attribute '_scrape_twitter_images'
2025-09-21 21:18:15,941 - ERROR - Image discovery error for twitter: 'DiscoveryWatcher' object has no attribute '_scrape_twitter_images'
2025-09-21 21:18:15,942 - ERROR - Image discovery error for twitter: 'DiscoveryWatcher' object has no attribute '_scrape_twitter_images'
2025-09-21 21:18:15,943 - ERROR - Image discovery error for twitter: 'DiscoveryWatcher' object has no attribute '_scrape_twitter_images'
2025-09-21 21:18:15,944 - ERROR - Image discovery error for twitter: 'DiscoveryWatcher' object has no attribute '_scrape_twitter_images'
2025-09-21 21:18:15,944 - ERROR - Image discovery error for twitter: 'DiscoveryWatcher' object has no attribute '_scrape_twitter_images'
2025-09-21 21:18:15,946 - ERROR - Image discovery error for twitter: 'DiscoveryWatcher' object has no attribute '_scrape_twitter_images'
2025-09-21 21:18:15,946 - ERROR - Image discovery error for twitter: 'DiscoveryWatcher' object has no attribute '_scrape_twitter_images'
2025-09-21 21:18:15,947 - ERROR - Image discovery error for instagram: 'DiscoveryWatcher' object has no attribute '_scrape_instagram_images'
2025-09-21 21:18:15,948 - ERROR - Image discovery error for instagram: 'DiscoveryWatcher' object has no attribute '_scrape_instagram_images'
2025-09-21 21:18:15,948 - ERROR - Image discovery error for instagram: 'DiscoveryWatcher' object has no attribute '_scrape_instagram_images'
2025-09-21 21:18:15,949 - ERROR - Image discovery error for instagram: 'DiscoveryWatcher' object has no attribute '_scrape_instagram_images'
2025-09-21 21:18:15,950 - ERROR - Image discovery error for instagram: 'DiscoveryWatcher' object has no attribute '_scrape_instagram_images'
2025-09-21 21:18:15,951 - ERROR - Image discovery error for instagram: 'DiscoveryWatcher' object has no attribute '_scrape_instagram_images'
2025-09-21 21:18:15,952 - ERROR - Image discovery error for instagram: 'DiscoveryWatcher' object has no attribute '_scrape_instagram_images'
2025-09-21 21:18:15,953 - ERROR - Image discovery error for instagram: 'DiscoveryWatcher' object has no attribute '_scrape_instagram_images'
2025-09-21 21:18:15,954 - ERROR - Image discovery error for instagram: 'DiscoveryWatcher' object has no attribute '_scrape_instagram_images'
2025-09-21 21:18:15,954 - ERROR - Image discovery error for instagram: 'DiscoveryWatcher' object has no attribute '_scrape_instagram_images'
2025-09-21 21:18:15,955 - ERROR - Image discovery error for instagram: 'DiscoveryWatcher' object has no attribute '_scrape_instagram_images'
2025-09-21 21:18:15,955 - ERROR - Image discovery error for instagram: 'DiscoveryWatcher' object has no attribute '_scrape_instagram_images'
2025-09-21 21:18:15,956 - ERROR - Image discovery error for instagram: 'DiscoveryWatcher' object has no attribute '_scrape_instagram_images'
2025-09-21 21:18:15,957 - ERROR - Image discovery error for instagram: 'DiscoveryWatcher' object has no attribute '_scrape_instagram_images'
2025-09-21 21:18:15,958 - ERROR - Image discovery error for instagram: 'DiscoveryWatcher' object has no attribute '_scrape_instagram_images'
2025-09-21 21:18:15,958 - ERROR - Image discovery error for instagram: 'DiscoveryWatcher' object has no attribute '_scrape_instagram_images'
2025-09-21 21:18:15,958 - ERROR - Image discovery error for instagram: 'DiscoveryWatcher' object has no attribute '_scrape_instagram_images'
2025-09-21 21:18:15,959 - ERROR - Image discovery error for instagram: 'DiscoveryWatcher' object has no attribute '_scrape_instagram_images'
2025-09-21 21:18:15,960 - ERROR - Image discovery error for instagram: 'DiscoveryWatcher' object has no attribute '_scrape_instagram_images'
2025-09-21 21:18:15,960 - ERROR - Image discovery error for instagram: 'DiscoveryWatcher' object has no attribute '_scrape_instagram_images'
2025-09-21 21:18:15,961 - ERROR - Image discovery error for instagram: 'DiscoveryWatcher' object has no attribute '_scrape_instagram_images'
2025-09-21 21:18:15,962 - ERROR - Image discovery error for instagram: 'DiscoveryWatcher' object has no attribute '_scrape_instagram_images'
2025-09-21 21:18:15,962 - ERROR - Image discovery error for instagram: 'DiscoveryWatcher' object has no attribute '_scrape_instagram_images'
2025-09-21 21:18:15,963 - ERROR - Image discovery error for instagram: 'DiscoveryWatcher' object has no attribute '_scrape_instagram_images'
2025-09-21 21:18:15,963 - ERROR - Image discovery error for instagram: 'DiscoveryWatcher' object has no attribute '_scrape_instagram_images'
2025-09-21 21:18:15,964 - ERROR - Image discovery error for instagram: 'DiscoveryWatcher' object has no attribute '_scrape_instagram_images'
2025-09-21 21:18:15,965 - ERROR - Image discovery error for instagram: 'DiscoveryWatcher' object has no attribute '_scrape_instagram_images'
2025-09-21 21:18:15,966 - ERROR - Image discovery error for instagram: 'DiscoveryWatcher' object has no attribute '_scrape_instagram_images'
2025-09-21 22:29:05,324 - ERROR - Error monitoring twitter: 'DiscoveryWatcher' object has no attribute '_get_social_search_url'
2025-09-21 22:29:05,325 - ERROR - Error monitoring facebook: 'DiscoveryWatcher' object has no attribute '_get_social_search_url'
2025-09-21 22:29:05,326 - ERROR - Error monitoring instagram: 'DiscoveryWatcher' object has no attribute '_get_social_search_url'
2025-09-21 22:29:05,327 - ERROR - Error monitoring linkedin: 'DiscoveryWatcher' object has no attribute '_get_social_search_url'
2025-09-21 22:29:07,249 - ERROR - Web search failure (google_news): Couldn't find a tree builder with the features you requested: xml. Do you need to install a parser library?
2025-09-21 22:29:07,332 - ERROR - Web search failure (google_news): Couldn't find a tree builder with the features you requested: xml. Do you need to install a parser library?
2025-09-21 22:29:07,377 - ERROR - Web search failure (google_news): Couldn't find a tree builder with the features you requested: xml. Do you need to install a parser library?
2025-09-21 22:29:07,387 - ERROR - Web search failure (google_news): Couldn't find a tree builder with the features you requested: xml. Do you need to install a parser library?
2025-09-21 22:29:07,395 - ERROR - Web search failure (google_news): Couldn't find a tree builder with the features you requested: xml. Do you need to install a parser library?
2025-09-21 22:29:07,399 - ERROR - Web search failure (google_news): Couldn't find a tree builder with the features you requested: xml. Do you need to install a parser library?
2025-09-21 22:29:07,417 - ERROR - Web search failure (google_news): Couldn't find a tree builder with the features you requested: xml. Do you need to install a parser library?
2025-09-21 22:29:07,438 - ERROR - Web search failure (google_news): Couldn't find a tree builder with the features you requested: xml. Do you need to install a parser library?
2025-09-21 22:29:07,520 - ERROR - Web search failure (google_news): Couldn't find a tree builder with the features you requested: xml. Do you need to install a parser library?
2025-09-21 22:29:07,539 - ERROR - Web search failure (google_news): Couldn't find a tree builder with the features you requested: xml. Do you need to install a parser library?
2025-09-21 22:29:07,569 - ERROR - Web search failure (google_news): Couldn't find a tree builder with the features you requested: xml. Do you need to install a parser library?
2025-09-21 22:29:07,591 - ERROR - Web search failure (google_news): Couldn't find a tree builder with the features you requested: xml. Do you need to install a parser library?
2025-09-21 22:29:07,599 - ERROR - Web search failure (google_news): Couldn't find a tree builder with the features you requested: xml. Do you need to install a parser library?
2025-09-21 22:29:07,602 - ERROR - Web search failure (google_news): Couldn't find a tree builder with the features you requested: xml. Do you need to install a parser library?
2025-09-21 22:29:07,612 - ERROR - Web search failure (google_news): Couldn't find a tree builder with the features you requested: xml. Do you need to install a parser library?
2025-09-21 22:29:07,620 - ERROR - Web search failure (google_news): Couldn't find a tree builder with the features you requested: xml. Do you need to install a parser library?
2025-09-21 22:29:07,639 - ERROR - Web search failure (google_news): Couldn't find a tree builder with the features you requested: xml. Do you need to install a parser library?
2025-09-21 22:29:07,697 - ERROR - Web search failure (google_news): Couldn't find a tree builder with the features you requested: xml. Do you need to install a parser library?
2025-09-21 22:29:07,734 - ERROR - Web search failure (google_news): Couldn't find a tree builder with the features you requested: xml. Do you need to install a parser library?
2025-09-21 22:29:07,878 - ERROR - Web search failure (google_news): Couldn't find a tree builder with the features you requested: xml. Do you need to install a parser library?
2025-09-21 22:29:07,973 - ERROR - Web search failure (google_news): Couldn't find a tree builder with the features you requested: xml. Do you need to install a parser library?
2025-09-21 22:29:07,973 - ERROR - Web search failure (google_news): Couldn't find a tree builder with the features you requested: xml. Do you need to install a parser library?
2025-09-21 22:29:08,000 - ERROR - Web search failure (google_news): Couldn't find a tree builder with the features you requested: xml. Do you need to install a parser library?
2025-09-21 22:29:08,014 - ERROR - Web search failure (google_news): Couldn't find a tree builder with the features you requested: xml. Do you need to install a parser library?
2025-09-21 22:29:37,386 - ERROR - Image discovery error for twitter: 'DiscoveryWatcher' object has no attribute '_scrape_twitter_images'
2025-09-21 22:29:37,388 - ERROR - Image discovery error for twitter: 'DiscoveryWatcher' object has no attribute '_scrape_twitter_images'
2025-09-21 22:29:37,388 - ERROR - Image discovery error for twitter: 'DiscoveryWatcher' object has no attribute '_scrape_twitter_images'
2025-09-21 22:29:37,389 - ERROR - Image discovery error for twitter: 'DiscoveryWatcher' object has no attribute '_scrape_twitter_images'
2025-09-21 22:29:37,390 - ERROR - Image discovery error for twitter: 'DiscoveryWatcher' object has no attribute '_scrape_twitter_images'
2025-09-21 22:29:37,391 - ERROR - Image discovery error for twitter: 'DiscoveryWatcher' object has no attribute '_scrape_twitter_images'
2025-09-21 22:29:37,391 - ERROR - Image discovery error for twitter: 'DiscoveryWatcher' object has no attribute '_scrape_twitter_images'
2025-09-21 22:29:37,392 - ERROR - Image discovery error for twitter: 'DiscoveryWatcher' object has no attribute '_scrape_twitter_images'
2025-09-21 22:29:37,394 - ERROR - Image discovery error for twitter: 'DiscoveryWatcher' object has no attribute '_scrape_twitter_images'
2025-09-21 22:29:37,394 - ERROR - Image discovery error for twitter: 'DiscoveryWatcher' object has no attribute '_scrape_twitter_images'
2025-09-21 22:29:37,395 - ERROR - Image discovery error for twitter: 'DiscoveryWatcher' object has no attribute '_scrape_twitter_images'
2025-09-21 22:29:37,395 - ERROR - Image discovery error for twitter: 'DiscoveryWatcher' object has no attribute '_scrape_twitter_images'
2025-09-21 22:29:37,396 - ERROR - Image discovery error for twitter: 'DiscoveryWatcher' object has no attribute '_scrape_twitter_images'
2025-09-21 22:29:37,397 - ERROR - Image discovery error for twitter: 'DiscoveryWatcher' object has no attribute '_scrape_twitter_images'
2025-09-21 22:29:37,397 - ERROR - Image discovery error for twitter: 'DiscoveryWatcher' object has no attribute '_scrape_twitter_images'
2025-09-21 22:29:37,399 - ERROR - Image discovery error for twitter: 'DiscoveryWatcher' object has no attribute '_scrape_twitter_images'
2025-09-21 22:29:37,400 - ERROR - Image discovery error for twitter: 'DiscoveryWatcher' object has no attribute '_scrape_twitter_images'
2025-09-21 22:29:37,402 - ERROR - Image discovery error for twitter: 'DiscoveryWatcher' object has no attribute '_scrape_twitter_images'
2025-09-21 22:29:37,404 - ERROR - Image discovery error for twitter: 'DiscoveryWatcher' object has no attribute '_scrape_twitter_images'
2025-09-21 22:29:37,405 - ERROR - Image discovery error for twitter: 'DiscoveryWatcher' object has no attribute '_scrape_twitter_images'
2025-09-21 22:29:37,405 - ERROR - Image discovery error for twitter: 'DiscoveryWatcher' object has no attribute '_scrape_twitter_images'
2025-09-21 22:29:37,406 - ERROR - Image discovery error for twitter: 'DiscoveryWatcher' object has no attribute '_scrape_twitter_images'
2025-09-21 22:29:37,407 - ERROR - Image discovery error for twitter: 'DiscoveryWatcher' object has no attribute '_scrape_twitter_images'
2025-09-21 22:29:37,407 - ERROR - Image discovery error for twitter: 'DiscoveryWatcher' object has no attribute '_scrape_twitter_images'
2025-09-21 22:29:37,408 - ERROR - Image discovery error for twitter: 'DiscoveryWatcher' object has no attribute '_scrape_twitter_images'
2025-09-21 22:29:37,409 - ERROR - Image discovery error for twitter: 'DiscoveryWatcher' object has no attribute '_scrape_twitter_images'
2025-09-21 22:29:37,411 - ERROR - Image discovery error for twitter: 'DiscoveryWatcher' object has no attribute '_scrape_twitter_images'
2025-09-21 22:29:37,411 - ERROR - Image discovery error for twitter: 'DiscoveryWatcher' object has no attribute '_scrape_twitter_images'
2025-09-21 22:29:37,412 - ERROR - Image discovery error for instagram: 'DiscoveryWatcher' object has no attribute '_scrape_instagram_images'
2025-09-21 22:29:37,413 - ERROR - Image discovery error for instagram: 'DiscoveryWatcher' object has no attribute '_scrape_instagram_images'
2025-09-21 22:29:37,413 - ERROR - Image discovery error for instagram: 'DiscoveryWatcher' object has no attribute '_scrape_instagram_images'
2025-09-21 22:29:37,414 - ERROR - Image discovery error for instagram: 'DiscoveryWatcher' object has no attribute '_scrape_instagram_images'
2025-09-21 22:29:37,415 - ERROR - Image discovery error for instagram: 'DiscoveryWatcher' object has no attribute '_scrape_instagram_images'
2025-09-21 22:29:37,416 - ERROR - Image discovery error for instagram: 'DiscoveryWatcher' object has no attribute '_scrape_instagram_images'
2025-09-21 22:29:37,417 - ERROR - Image discovery error for instagram: 'DiscoveryWatcher' object has no attribute '_scrape_instagram_images'
2025-09-21 22:29:37,418 - ERROR - Image discovery error for instagram: 'DiscoveryWatcher' object has no attribute '_scrape_instagram_images'
2025-09-21 22:29:37,419 - ERROR - Image discovery error for instagram: 'DiscoveryWatcher' object has no attribute '_scrape_instagram_images'
2025-09-21 22:29:37,420 - ERROR - Image discovery error for instagram: 'DiscoveryWatcher' object has no attribute '_scrape_instagram_images'
2025-09-21 22:29:37,420 - ERROR - Image discovery error for instagram: 'DiscoveryWatcher' object has no attribute '_scrape_instagram_images'
2025-09-21 22:29:37,421 - ERROR - Image discovery error for instagram: 'DiscoveryWatcher' object has no attribute '_scrape_instagram_images'
2025-09-21 22:29:37,422 - ERROR - Image discovery error for instagram: 'DiscoveryWatcher' object has no attribute '_scrape_instagram_images'
2025-09-21 22:29:37,422 - ERROR - Image discovery error for instagram: 'DiscoveryWatcher' object has no attribute '_scrape_instagram_images'
2025-09-21 22:29:37,423 - ERROR - Image discovery error for instagram: 'DiscoveryWatcher' object has no attribute '_scrape_instagram_images'
2025-09-21 22:29:37,424 - ERROR - Image discovery error for instagram: 'DiscoveryWatcher' object has no attribute '_scrape_instagram_images'
2025-09-21 22:29:37,424 - ERROR - Image discovery error for instagram: 'DiscoveryWatcher' object has no attribute '_scrape_instagram_images'
2025-09-21 22:29:37,425 - ERROR - Image discovery error for instagram: 'DiscoveryWatcher' object has no attribute '_scrape_instagram_images'
2025-09-21 22:29:37,426 - ERROR - Image discovery error for instagram: 'DiscoveryWatcher' object has no attribute '_scrape_instagram_images'
2025-09-21 22:29:37,427 - ERROR - Image discovery error for instagram: 'DiscoveryWatcher' object has no attribute '_scrape_instagram_images'
2025-09-21 22:29:37,427 - ERROR - Image discovery error for instagram: 'DiscoveryWatcher' object has no attribute '_scrape_instagram_images'
2025-09-21 22:29:37,428 - ERROR - Image discovery error for instagram: 'DiscoveryWatcher' object has no attribute '_scrape_instagram_images'
2025-09-21 22:29:37,429 - ERROR - Image discovery error for instagram: 'DiscoveryWatcher' object has no attribute '_scrape_instagram_images'
2025-09-21 22:29:37,430 - ERROR - Image discovery error for instagram: 'DiscoveryWatcher' object has no attribute '_scrape_instagram_images'
2025-09-21 22:29:37,431 - ERROR - Image discovery error for instagram: 'DiscoveryWatcher' object has no attribute '_scrape_instagram_images'
2025-09-21 22:29:37,432 - ERROR - Image discovery error for instagram: 'DiscoveryWatcher' object has no attribute '_scrape_instagram_images'
2025-09-21 22:29:37,434 - ERROR - Image discovery error for instagram: 'DiscoveryWatcher' object has no attribute '_scrape_instagram_images'
2025-09-21 22:29:37,435 - ERROR - Image discovery error for instagram: 'DiscoveryWatcher' object has no attribute '_scrape_instagram_images'
2025-09-22 10:58:53,992 - ERROR - Error monitoring twitter: 'DiscoveryWatcher' object has no attribute '_get_social_search_url'
2025-09-22 10:58:53,993 - ERROR - Error monitoring facebook: 'DiscoveryWatcher' object has no attribute '_get_social_search_url'
2025-09-22 10:58:53,995 - ERROR - Error monitoring instagram: 'DiscoveryWatcher' object has no attribute '_get_social_search_url'
2025-09-22 10:58:53,996 - ERROR - Error monitoring linkedin: 'DiscoveryWatcher' object has no attribute '_get_social_search_url'
2025-09-22 10:58:55,291 - ERROR - Web search failure (google_news): Couldn't find a tree builder with the features you requested: xml. Do you need to install a parser library?
2025-09-22 10:58:55,315 - ERROR - Web search failure (google_news): Couldn't find a tree builder with the features you requested: xml. Do you need to install a parser library?
2025-09-22 10:58:55,588 - ERROR - Web search failure (google_news): Couldn't find a tree builder with the features you requested: xml. Do you need to install a parser library?
2025-09-22 10:58:55,679 - ERROR - Web search failure (google_news): Couldn't find a tree builder with the features you requested: xml. Do you need to install a parser library?
2025-09-22 10:58:55,695 - ERROR - Web search failure (google_news): Couldn't find a tree builder with the features you requested: xml. Do you need to install a parser library?
2025-09-22 10:58:55,695 - ERROR - Web search failure (google_news): Couldn't find a tree builder with the features you requested: xml. Do you need to install a parser library?
2025-09-22 10:58:55,695 - ERROR - Web search failure (google_news): Couldn't find a tree builder with the features you requested: xml. Do you need to install a parser library?
2025-09-22 10:58:55,742 - ERROR - Web search failure (google_news): Couldn't find a tree builder with the features you requested: xml. Do you need to install a parser library?
2025-09-22 10:58:55,745 - ERROR - Web search failure (google_news): Couldn't find a tree builder with the features you requested: xml. Do you need to install a parser library?
2025-09-22 10:58:55,761 - ERROR - Web search failure (google_news): Couldn't find a tree builder with the features you requested: xml. Do you need to install a parser library?
2025-09-22 10:58:55,765 - ERROR - Web search failure (google_news): Couldn't find a tree builder with the features you requested: xml. Do you need to install a parser library?
2025-09-22 10:58:55,773 - ERROR - Web search failure (google_news): Couldn't find a tree builder with the features you requested: xml. Do you need to install a parser library?
2025-09-22 10:58:55,773 - ERROR - Web search failure (google_news): Couldn't find a tree builder with the features you requested: xml. Do you need to install a parser library?
2025-09-22 10:58:55,774 - ERROR - Web search failure (google_news): Couldn't find a tree builder with the features you requested: xml. Do you need to install a parser library?
2025-09-22 10:58:55,789 - ERROR - Web search failure (google_news): Couldn't find a tree builder with the features you requested: xml. Do you need to install a parser library?
2025-09-22 10:58:55,790 - ERROR - Web search failure (google_news): Couldn't find a tree builder with the features you requested: xml. Do you need to install a parser library?
2025-09-22 10:58:55,804 - ERROR - Web search failure (google_news): Couldn't find a tree builder with the features you requested: xml. Do you need to install a parser library?
2025-09-22 10:58:55,804 - ERROR - Web search failure (google_news): Couldn't find a tree builder with the features you requested: xml. Do you need to install a parser library?
2025-09-22 10:58:55,862 - ERROR - Web search failure (google_news): Couldn't find a tree builder with the features you requested: xml. Do you need to install a parser library?
2025-09-22 10:58:55,951 - ERROR - Web search failure (google_news): Couldn't find a tree builder with the features you requested: xml. Do you need to install a parser library?
2025-09-22 10:58:55,973 - ERROR - Web search failure (google_news): Couldn't find a tree builder with the features you requested: xml. Do you need to install a parser library?
2025-09-22 10:58:56,001 - ERROR - Web search failure (google_news): Couldn't find a tree builder with the features you requested: xml. Do you need to install a parser library?
2025-09-22 10:58:56,147 - ERROR - Web search failure (google_news): Couldn't find a tree builder with the features you requested: xml. Do you need to install a parser library?
2025-09-22 10:58:56,452 - ERROR - Web search failure (google_news): Couldn't find a tree builder with the features you requested: xml. Do you need to install a parser library?
2025-09-22 10:59:21,780 - ERROR - Image discovery error for twitter: 'DiscoveryWatcher' object has no attribute '_scrape_twitter_images'
2025-09-22 10:59:21,782 - ERROR - Image discovery error for twitter: 'DiscoveryWatcher' object has no attribute '_scrape_twitter_images'
2025-09-22 10:59:21,782 - ERROR - Image discovery error for twitter: 'DiscoveryWatcher' object has no attribute '_scrape_twitter_images'
2025-09-22 10:59:21,782 - ERROR - Image discovery error for twitter: 'DiscoveryWatcher' object has no attribute '_scrape_twitter_images'
2025-09-22 10:59:21,783 - ERROR - Image discovery error for twitter: 'DiscoveryWatcher' object has no attribute '_scrape_twitter_images'
2025-09-22 10:59:21,783 - ERROR - Image discovery error for twitter: 'DiscoveryWatcher' object has no attribute '_scrape_twitter_images'
2025-09-22 10:59:21,785 - ERROR - Image discovery error for twitter: 'DiscoveryWatcher' object has no attribute '_scrape_twitter_images'
2025-09-22 10:59:21,785 - ERROR - Image discovery error for twitter: 'DiscoveryWatcher' object has no attribute '_scrape_twitter_images'
2025-09-22 10:59:21,787 - ERROR - Image discovery error for twitter: 'DiscoveryWatcher' object has no attribute '_scrape_twitter_images'
2025-09-22 10:59:21,787 - ERROR - Image discovery error for twitter: 'DiscoveryWatcher' object has no attribute '_scrape_twitter_images'
2025-09-22 10:59:21,787 - ERROR - Image discovery error for twitter: 'DiscoveryWatcher' object has no attribute '_scrape_twitter_images'
2025-09-22 10:59:21,788 - ERROR - Image discovery error for twitter: 'DiscoveryWatcher' object has no attribute '_scrape_twitter_images'
2025-09-22 10:59:21,788 - ERROR - Image discovery error for twitter: 'DiscoveryWatcher' object has no attribute '_scrape_twitter_images'
2025-09-22 10:59:21,790 - ERROR - Image discovery error for twitter: 'DiscoveryWatcher' object has no attribute '_scrape_twitter_images'
2025-09-22 10:59:21,790 - ERROR - Image discovery error for twitter: 'DiscoveryWatcher' object has no attribute '_scrape_twitter_images'
2025-09-22 10:59:21,791 - ERROR - Image discovery error for twitter: 'DiscoveryWatcher' object has no attribute '_scrape_twitter_images'
2025-09-22 10:59:21,791 - ERROR - Image discovery error for twitter: 'DiscoveryWatcher' object has no attribute '_scrape_twitter_images'
2025-09-22 10:59:21,793 - ERROR - Image discovery error for twitter: 'DiscoveryWatcher' object has no attribute '_scrape_twitter_images'
2025-09-22 10:59:21,793 - ERROR - Image discovery error for twitter: 'DiscoveryWatcher' object has no attribute '_scrape_twitter_images'
2025-09-22 10:59:21,794 - ERROR - Image discovery error for twitter: 'DiscoveryWatcher' object has no attribute '_scrape_twitter_images'
2025-09-22 10:59:21,794 - ERROR - Image discovery error for twitter: 'DiscoveryWatcher' object has no attribute '_scrape_twitter_images'
2025-09-22 10:59:21,802 - ERROR - Image discovery error for twitter: 'DiscoveryWatcher' object has no attribute '_scrape_twitter_images'
2025-09-22 10:59:21,804 - ERROR - Image discovery error for twitter: 'DiscoveryWatcher' object has no attribute '_scrape_twitter_images'
2025-09-22 10:59:21,806 - ERROR - Image discovery error for twitter: 'DiscoveryWatcher' object has no attribute '_scrape_twitter_images'
2025-09-22 10:59:21,809 - ERROR - Image discovery error for twitter: 'DiscoveryWatcher' object has no attribute '_scrape_twitter_images'
2025-09-22 10:59:21,811 - ERROR - Image discovery error for twitter: 'DiscoveryWatcher' object has no attribute '_scrape_twitter_images'
2025-09-22 10:59:21,813 - ERROR - Image discovery error for twitter: 'DiscoveryWatcher' object has no attribute '_scrape_twitter_images'
2025-09-22 10:59:21,815 - ERROR - Image discovery error for twitter: 'DiscoveryWatcher' object has no attribute '_scrape_twitter_images'
2025-09-22 10:59:21,817 - ERROR - Image discovery error for instagram: 'DiscoveryWatcher' object has no attribute '_scrape_instagram_images'
2025-09-22 10:59:21,819 - ERROR - Image discovery error for instagram: 'DiscoveryWatcher' object has no attribute '_scrape_instagram_images'
2025-09-22 10:59:21,821 - ERROR - Image discovery error for instagram: 'DiscoveryWatcher' object has no attribute '_scrape_instagram_images'
2025-09-22 10:59:21,823 - ERROR - Image discovery error for instagram: 'DiscoveryWatcher' object has no attribute '_scrape_instagram_images'
2025-09-22 10:59:21,826 - ERROR - Image discovery error for instagram: 'DiscoveryWatcher' object has no attribute '_scrape_instagram_images'
2025-09-22 10:59:21,827 - ERROR - Image discovery error for instagram: 'DiscoveryWatcher' object has no attribute '_scrape_instagram_images'
2025-09-22 10:59:21,829 - ERROR - Image discovery error for instagram: 'DiscoveryWatcher' object has no attribute '_scrape_instagram_images'
2025-09-22 10:59:21,830 - ERROR - Image discovery error for instagram: 'DiscoveryWatcher' object has no attribute '_scrape_instagram_images'
2025-09-22 10:59:21,835 - ERROR - Image discovery error for instagram: 'DiscoveryWatcher' object has no attribute '_scrape_instagram_images'
2025-09-22 10:59:21,836 - ERROR - Image discovery error for instagram: 'DiscoveryWatcher' object has no attribute '_scrape_instagram_images'
2025-09-22 10:59:21,836 - ERROR - Image discovery error for instagram: 'DiscoveryWatcher' object has no attribute '_scrape_instagram_images'
2025-09-22 10:59:21,837 - ERROR - Image discovery error for instagram: 'DiscoveryWatcher' object has no attribute '_scrape_instagram_images'
2025-09-22 10:59:21,838 - ERROR - Image discovery error for instagram: 'DiscoveryWatcher' object has no attribute '_scrape_instagram_images'
2025-09-22 10:59:21,839 - ERROR - Image discovery error for instagram: 'DiscoveryWatcher' object has no attribute '_scrape_instagram_images'
2025-09-22 10:59:21,840 - ERROR - Image discovery error for instagram: 'DiscoveryWatcher' object has no attribute '_scrape_instagram_images'
2025-09-22 10:59:21,841 - ERROR - Image discovery error for instagram: 'DiscoveryWatcher' object has no attribute '_scrape_instagram_images'
2025-09-22 10:59:21,841 - ERROR - Image discovery error for instagram: 'DiscoveryWatcher' object has no attribute '_scrape_instagram_images'
2025-09-22 10:59:21,842 - ERROR - Image discovery error for instagram: 'DiscoveryWatcher' object has no attribute '_scrape_instagram_images'
2025-09-22 10:59:21,842 - ERROR - Image discovery error for instagram: 'DiscoveryWatcher' object has no attribute '_scrape_instagram_images'
2025-09-22 10:59:21,844 - ERROR - Image discovery error for instagram: 'DiscoveryWatcher' object has no attribute '_scrape_instagram_images'
2025-09-22 10:59:21,845 - ERROR - Image discovery error for instagram: 'DiscoveryWatcher' object has no attribute '_scrape_instagram_images'
2025-09-22 10:59:21,847 - ERROR - Image discovery error for instagram: 'DiscoveryWatcher' object has no attribute '_scrape_instagram_images'
2025-09-22 10:59:21,849 - ERROR - Image discovery error for instagram: 'DiscoveryWatcher' object has no attribute '_scrape_instagram_images'
2025-09-22 10:59:21,852 - ERROR - Image discovery error for instagram: 'DiscoveryWatcher' object has no attribute '_scrape_instagram_images'
2025-09-22 10:59:21,853 - ERROR - Image discovery error for instagram: 'DiscoveryWatcher' object has no attribute '_scrape_instagram_images'
2025-09-22 10:59:21,854 - ERROR - Image discovery error for instagram: 'DiscoveryWatcher' object has no attribute '_scrape_instagram_images'
2025-09-22 10:59:21,854 - ERROR - Image discovery error for instagram: 'DiscoveryWatcher' object has no attribute '_scrape_instagram_images'
2025-09-22 10:59:21,855 - ERROR - Image discovery error for instagram: 'DiscoveryWatcher' object has no attribute '_scrape_instagram_images'
2025-09-22 11:16:14,685 - ERROR - Error monitoring twitter: 'DiscoveryWatcher' object has no attribute '_get_social_search_url'
2025-09-22 11:16:14,686 - ERROR - Error monitoring facebook: 'DiscoveryWatcher' object has no attribute '_get_social_search_url'
2025-09-22 11:16:14,687 - ERROR - Error monitoring instagram: 'DiscoveryWatcher' object has no attribute '_get_social_search_url'
2025-09-22 11:16:14,687 - ERROR - Error monitoring linkedin: 'DiscoveryWatcher' object has no attribute '_get_social_search_url'
2025-09-22 11:16:16,096 - ERROR - Web search failure (google_news): Couldn't find a tree builder with the features you requested: xml. Do you need to install a parser library?
2025-09-22 11:16:16,096 - ERROR - Web search failure (google_news): Couldn't find a tree builder with the features you requested: xml. Do you need to install a parser library?
2025-09-22 11:16:16,125 - ERROR - Web search failure (google_news): Couldn't find a tree builder with the features you requested: xml. Do you need to install a parser library?
2025-09-22 11:16:16,296 - ERROR - Web search failure (google_news): Couldn't find a tree builder with the features you requested: xml. Do you need to install a parser library?
2025-09-22 11:16:16,301 - ERROR - Web search failure (google_news): Couldn't find a tree builder with the features you requested: xml. Do you need to install a parser library?
2025-09-22 11:16:16,307 - ERROR - Web search failure (google_news): Couldn't find a tree builder with the features you requested: xml. Do you need to install a parser library?
2025-09-22 11:16:16,346 - ERROR - Web search failure (google_news): Couldn't find a tree builder with the features you requested: xml. Do you need to install a parser library?
2025-09-22 11:16:16,351 - ERROR - Web search failure (google_news): Couldn't find a tree builder with the features you requested: xml. Do you need to install a parser library?
2025-09-22 11:16:16,363 - ERROR - Web search failure (google_news): Couldn't find a tree builder with the features you requested: xml. Do you need to install a parser library?
2025-09-22 11:16:16,375 - ERROR - Web search failure (google_news): Couldn't find a tree builder with the features you requested: xml. Do you need to install a parser library?
2025-09-22 11:16:16,388 - ERROR - Web search failure (google_news): Couldn't find a tree builder with the features you requested: xml. Do you need to install a parser library?
2025-09-22 11:16:16,396 - ERROR - Web search failure (google_news): Couldn't find a tree builder with the features you requested: xml. Do you need to install a parser library?
2025-09-22 11:16:16,404 - ERROR - Web search failure (google_news): Couldn't find a tree builder with the features you requested: xml. Do you need to install a parser library?
2025-09-22 11:16:16,413 - ERROR - Web search failure (google_news): Couldn't find a tree builder with the features you requested: xml. Do you need to install a parser library?
2025-09-22 11:16:16,459 - ERROR - Web search failure (google_news): Couldn't find a tree builder with the features you requested: xml. Do you need to install a parser library?
2025-09-22 11:16:16,473 - ERROR - Web search failure (google_news): Couldn't find a tree builder with the features you requested: xml. Do you need to install a parser library?
2025-09-22 11:16:16,495 - ERROR - Web search failure (google_news): Couldn't find a tree builder with the features you requested: xml. Do you need to install a parser library?
2025-09-22 11:16:16,547 - ERROR - Web search failure (google_news): Couldn't find a tree builder with the features you requested: xml. Do you need to install a parser library?
2025-09-22 11:16:16,576 - ERROR - Web search failure (google_news): Couldn't find a tree builder with the features you requested: xml. Do you need to install a parser library?
2025-09-22 11:16:16,590 - ERROR - Web search failure (google_news): Couldn't find a tree builder with the features you requested: xml. Do you need to install a parser library?
2025-09-22 11:16:16,615 - ERROR - Web search failure (google_news): Couldn't find a tree builder with the features you requested: xml. Do you need to install a parser library?
2025-09-22 11:16:16,615 - ERROR - Web search failure (google_news): Couldn't find a tree builder with the features you requested: xml. Do you need to install a parser library?
2025-09-22 11:16:16,667 - ERROR - Web search failure (google_news): Couldn't find a tree builder with the features you requested: xml. Do you need to install a parser library?
2025-09-22 11:16:16,872 - ERROR - Web search failure (google_news): Couldn't find a tree builder with the features you requested: xml. Do you need to install a parser library?
2025-09-22 11:16:43,021 - ERROR - Image discovery error for twitter: 'DiscoveryWatcher' object has no attribute '_scrape_twitter_images'
2025-09-22 11:16:43,023 - ERROR - Image discovery error for twitter: 'DiscoveryWatcher' object has no attribute '_scrape_twitter_images'
2025-09-22 11:16:43,023 - ERROR - Image discovery error for twitter: 'DiscoveryWatcher' object has no attribute '_scrape_twitter_images'
2025-09-22 11:16:43,024 - ERROR - Image discovery error for twitter: 'DiscoveryWatcher' object has no attribute '_scrape_twitter_images'
2025-09-22 11:16:43,025 - ERROR - Image discovery error for twitter: 'DiscoveryWatcher' object has no attribute '_scrape_twitter_images'
2025-09-22 11:16:43,026 - ERROR - Image discovery error for twitter: 'DiscoveryWatcher' object has no attribute '_scrape_twitter_images'
2025-09-22 11:16:43,026 - ERROR - Image discovery error for twitter: 'DiscoveryWatcher' object has no attribute '_scrape_twitter_images'
2025-09-22 11:16:43,027 - ERROR - Image discovery error for twitter: 'DiscoveryWatcher' object has no attribute '_scrape_twitter_images'
2025-09-22 11:16:43,028 - ERROR - Image discovery error for twitter: 'DiscoveryWatcher' object has no attribute '_scrape_twitter_images'
2025-09-22 11:16:43,031 - ERROR - Image discovery error for twitter: 'DiscoveryWatcher' object has no attribute '_scrape_twitter_images'
2025-09-22 11:16:43,032 - ERROR - Image discovery error for twitter: 'DiscoveryWatcher' object has no attribute '_scrape_twitter_images'
2025-09-22 11:16:43,032 - ERROR - Image discovery error for twitter: 'DiscoveryWatcher' object has no attribute '_scrape_twitter_images'
2025-09-22 11:16:43,033 - ERROR - Image discovery error for twitter: 'DiscoveryWatcher' object has no attribute '_scrape_twitter_images'
2025-09-22 11:16:43,034 - ERROR - Image discovery error for twitter: 'DiscoveryWatcher' object has no attribute '_scrape_twitter_images'
2025-09-22 11:16:43,035 - ERROR - Image discovery error for twitter: 'DiscoveryWatcher' object has no attribute '_scrape_twitter_images'
2025-09-22 11:16:43,036 - ERROR - Image discovery error for twitter: 'DiscoveryWatcher' object has no attribute '_scrape_twitter_images'
2025-09-22 11:16:43,037 - ERROR - Image discovery error for twitter: 'DiscoveryWatcher' object has no attribute '_scrape_twitter_images'
2025-09-22 11:16:43,038 - ERROR - Image discovery error for twitter: 'DiscoveryWatcher' object has no attribute '_scrape_twitter_images'
2025-09-22 11:16:43,039 - ERROR - Image discovery error for twitter: 'DiscoveryWatcher' object has no attribute '_scrape_twitter_images'
2025-09-22 11:16:43,039 - ERROR - Image discovery error for twitter: 'DiscoveryWatcher' object has no attribute '_scrape_twitter_images'
2025-09-22 11:16:43,040 - ERROR - Image discovery error for twitter: 'DiscoveryWatcher' object has no attribute '_scrape_twitter_images'
2025-09-22 11:16:43,041 - ERROR - Image discovery error for twitter: 'DiscoveryWatcher' object has no attribute '_scrape_twitter_images'
2025-09-22 11:16:43,042 - ERROR - Image discovery error for twitter: 'DiscoveryWatcher' object has no attribute '_scrape_twitter_images'
2025-09-22 11:16:43,043 - ERROR - Image discovery error for twitter: 'DiscoveryWatcher' object has no attribute '_scrape_twitter_images'
2025-09-22 11:16:43,043 - ERROR - Image discovery error for twitter: 'DiscoveryWatcher' object has no attribute '_scrape_twitter_images'
2025-09-22 11:16:43,049 - ERROR - Image discovery error for twitter: 'DiscoveryWatcher' object has no attribute '_scrape_twitter_images'
2025-09-22 11:16:43,051 - ERROR - Image discovery error for twitter: 'DiscoveryWatcher' object has no attribute '_scrape_twitter_images'
2025-09-22 11:16:43,052 - ERROR - Image discovery error for twitter: 'DiscoveryWatcher' object has no attribute '_scrape_twitter_images'
2025-09-22 11:16:43,052 - ERROR - Image discovery error for instagram: 'DiscoveryWatcher' object has no attribute '_scrape_instagram_images'
2025-09-22 11:16:43,053 - ERROR - Image discovery error for instagram: 'DiscoveryWatcher' object has no attribute '_scrape_instagram_images'
2025-09-22 11:16:43,054 - ERROR - Image discovery error for instagram: 'DiscoveryWatcher' object has no attribute '_scrape_instagram_images'
2025-09-22 11:16:43,055 - ERROR - Image discovery error for instagram: 'DiscoveryWatcher' object has no attribute '_scrape_instagram_images'
2025-09-22 11:16:43,055 - ERROR - Image discovery error for instagram: 'DiscoveryWatcher' object has no attribute '_scrape_instagram_images'
2025-09-22 11:16:43,056 - ERROR - Image discovery error for instagram: 'DiscoveryWatcher' object has no attribute '_scrape_instagram_images'
2025-09-22 11:16:43,057 - ERROR - Image discovery error for instagram: 'DiscoveryWatcher' object has no attribute '_scrape_instagram_images'
2025-09-22 11:16:43,057 - ERROR - Image discovery error for instagram: 'DiscoveryWatcher' object has no attribute '_scrape_instagram_images'
2025-09-22 11:16:43,058 - ERROR - Image discovery error for instagram: 'DiscoveryWatcher' object has no attribute '_scrape_instagram_images'
2025-09-22 11:16:43,059 - ERROR - Image discovery error for instagram: 'DiscoveryWatcher' object has no attribute '_scrape_instagram_images'
2025-09-22 11:16:43,059 - ERROR - Image discovery error for instagram: 'DiscoveryWatcher' object has no attribute '_scrape_instagram_images'
2025-09-22 11:16:43,060 - ERROR - Image discovery error for instagram: 'DiscoveryWatcher' object has no attribute '_scrape_instagram_images'
2025-09-22 11:16:43,061 - ERROR - Image discovery error for instagram: 'DiscoveryWatcher' object has no attribute '_scrape_instagram_images'
2025-09-22 11:16:43,064 - ERROR - Image discovery error for instagram: 'DiscoveryWatcher' object has no attribute '_scrape_instagram_images'
2025-09-22 11:16:43,066 - ERROR - Image discovery error for instagram: 'DiscoveryWatcher' object has no attribute '_scrape_instagram_images'
2025-09-22 11:16:43,066 - ERROR - Image discovery error for instagram: 'DiscoveryWatcher' object has no attribute '_scrape_instagram_images'
2025-09-22 11:16:43,067 - ERROR - Image discovery error for instagram: 'DiscoveryWatcher' object has no attribute '_scrape_instagram_images'
2025-09-22 11:16:43,068 - ERROR - Image discovery error for instagram: 'DiscoveryWatcher' object has no attribute '_scrape_instagram_images'
2025-09-22 11:16:43,069 - ERROR - Image discovery error for instagram: 'DiscoveryWatcher' object has no attribute '_scrape_instagram_images'
2025-09-22 11:16:43,069 - ERROR - Image discovery error for instagram: 'DiscoveryWatcher' object has no attribute '_scrape_instagram_images'
2025-09-22 11:16:43,070 - ERROR - Image discovery error for instagram: 'DiscoveryWatcher' object has no attribute '_scrape_instagram_images'
2025-09-22 11:16:43,071 - ERROR - Image discovery error for instagram: 'DiscoveryWatcher' object has no attribute '_scrape_instagram_images'
2025-09-22 11:16:43,071 - ERROR - Image discovery error for instagram: 'DiscoveryWatcher' object has no attribute '_scrape_instagram_images'
2025-09-22 11:16:43,072 - ERROR - Image discovery error for instagram: 'DiscoveryWatcher' object has no attribute '_scrape_instagram_images'
2025-09-22 11:16:43,072 - ERROR - Image discovery error for instagram: 'DiscoveryWatcher' object has no attribute '_scrape_instagram_images'
2025-09-22 11:16:43,072 - ERROR - Image discovery error for instagram: 'DiscoveryWatcher' object has no attribute '_scrape_instagram_images'
2025-09-22 11:16:43,074 - ERROR - Image discovery error for instagram: 'DiscoveryWatcher' object has no attribute '_scrape_instagram_images'
2025-09-22 11:16:43,075 - ERROR - Image discovery error for instagram: 'DiscoveryWatcher' object has no attribute '_scrape_instagram_images'
2025-09-22 12:25:09,282 - ERROR - Error monitoring twitter: 'DiscoveryWatcher' object has no attribute '_get_social_search_url'
2025-09-22 12:25:09,284 - ERROR - Error monitoring facebook: 'DiscoveryWatcher' object has no attribute '_get_social_search_url'
2025-09-22 12:25:09,284 - ERROR - Error monitoring instagram: 'DiscoveryWatcher' object has no attribute '_get_social_search_url'
2025-09-22 12:25:09,285 - ERROR - Error monitoring linkedin: 'DiscoveryWatcher' object has no attribute '_get_social_search_url'
2025-09-22 12:25:10,605 - ERROR - Web search failure (google_news): Couldn't find a tree builder with the features you requested: xml. Do you need to install a parser library?
2025-09-22 12:25:10,663 - ERROR - Web search failure (google_news): Couldn't find a tree builder with the features you requested: xml. Do you need to install a parser library?
2025-09-22 12:25:10,708 - ERROR - Web search failure (google_news): Couldn't find a tree builder with the features you requested: xml. Do you need to install a parser library?
2025-09-22 12:25:10,722 - ERROR - Web search failure (google_news): Couldn't find a tree builder with the features you requested: xml. Do you need to install a parser library?
2025-09-22 12:25:10,722 - ERROR - Web search failure (google_news): Couldn't find a tree builder with the features you requested: xml. Do you need to install a parser library?
2025-09-22 12:25:10,743 - ERROR - Web search failure (google_news): Couldn't find a tree builder with the features you requested: xml. Do you need to install a parser library?
2025-09-22 12:25:10,775 - ERROR - Web search failure (google_news): Couldn't find a tree builder with the features you requested: xml. Do you need to install a parser library?
2025-09-22 12:25:10,818 - ERROR - Web search failure (google_news): Couldn't find a tree builder with the features you requested: xml. Do you need to install a parser library?
2025-09-22 12:25:10,824 - ERROR - Web search failure (google_news): Couldn't find a tree builder with the features you requested: xml. Do you need to install a parser library?
2025-09-22 12:25:10,824 - ERROR - Web search failure (google_news): Couldn't find a tree builder with the features you requested: xml. Do you need to install a parser library?
2025-09-22 12:25:10,842 - ERROR - Web search failure (google_news): Couldn't find a tree builder with the features you requested: xml. Do you need to install a parser library?
2025-09-22 12:25:10,855 - ERROR - Web search failure (google_news): Couldn't find a tree builder with the features you requested: xml. Do you need to install a parser library?
2025-09-22 12:25:10,861 - ERROR - Web search failure (google_news): Couldn't find a tree builder with the features you requested: xml. Do you need to install a parser library?
2025-09-22 12:25:10,861 - ERROR - Web search failure (google_news): Couldn't find a tree builder with the features you requested: xml. Do you need to install a parser library?
2025-09-22 12:25:10,902 - ERROR - Web search failure (google_news): Couldn't find a tree builder with the features you requested: xml. Do you need to install a parser library?
2025-09-22 12:25:10,970 - ERROR - Web search failure (google_news): Couldn't find a tree builder with the features you requested: xml. Do you need to install a parser library?
2025-09-22 12:25:10,989 - ERROR - Web search failure (google_news): Couldn't find a tree builder with the features you requested: xml. Do you need to install a parser library?
2025-09-22 12:25:11,011 - ERROR - Web search failure (google_news): Couldn't find a tree builder with the features you requested: xml. Do you need to install a parser library?
2025-09-22 12:25:11,087 - ERROR - Web search failure (google_news): Couldn't find a tree builder with the features you requested: xml. Do you need to install a parser library?
2025-09-22 12:25:11,088 - ERROR - Web search failure (google_news): Couldn't find a tree builder with the features you requested: xml. Do you need to install a parser library?
2025-09-22 12:25:11,219 - ERROR - Web search failure (google_news): Couldn't find a tree builder with the features you requested: xml. Do you need to install a parser library?
2025-09-22 12:25:11,265 - ERROR - Web search failure (google_news): Couldn't find a tree builder with the features you requested: xml. Do you need to install a parser library?
2025-09-22 12:25:11,356 - ERROR - Web search failure (google_news): Couldn't find a tree builder with the features you requested: xml. Do you need to install a parser library?
2025-09-22 12:25:11,887 - ERROR - Web search failure (google_news): Couldn't find a tree builder with the features you requested: xml. Do you need to install a parser library?
2025-09-22 12:25:35,734 - ERROR - Image discovery error for twitter: 'DiscoveryWatcher' object has no attribute '_scrape_twitter_images'
2025-09-22 12:25:35,735 - ERROR - Image discovery error for twitter: 'DiscoveryWatcher' object has no attribute '_scrape_twitter_images'
2025-09-22 12:25:35,736 - ERROR - Image discovery error for twitter: 'DiscoveryWatcher' object has no attribute '_scrape_twitter_images'
2025-09-22 12:25:35,737 - ERROR - Image discovery error for twitter: 'DiscoveryWatcher' object has no attribute '_scrape_twitter_images'
2025-09-22 12:25:35,737 - ERROR - Image discovery error for twitter: 'DiscoveryWatcher' object has no attribute '_scrape_twitter_images'
2025-09-22 12:25:35,738 - ERROR - Image discovery error for twitter: 'DiscoveryWatcher' object has no attribute '_scrape_twitter_images'
2025-09-22 12:25:35,739 - ERROR - Image discovery error for twitter: 'DiscoveryWatcher' object has no attribute '_scrape_twitter_images'
2025-09-22 12:25:35,739 - ERROR - Image discovery error for twitter: 'DiscoveryWatcher' object has no attribute '_scrape_twitter_images'
2025-09-22 12:25:35,740 - ERROR - Image discovery error for twitter: 'DiscoveryWatcher' object has no attribute '_scrape_twitter_images'
2025-09-22 12:25:35,740 - ERROR - Image discovery error for twitter: 'DiscoveryWatcher' object has no attribute '_scrape_twitter_images'
2025-09-22 12:25:35,742 - ERROR - Image discovery error for twitter: 'DiscoveryWatcher' object has no attribute '_scrape_twitter_images'
2025-09-22 12:25:35,743 - ERROR - Image discovery error for twitter: 'DiscoveryWatcher' object has no attribute '_scrape_twitter_images'
2025-09-22 12:25:35,744 - ERROR - Image discovery error for twitter: 'DiscoveryWatcher' object has no attribute '_scrape_twitter_images'
2025-09-22 12:25:35,745 - ERROR - Image discovery error for twitter: 'DiscoveryWatcher' object has no attribute '_scrape_twitter_images'
2025-09-22 12:25:35,745 - ERROR - Image discovery error for twitter: 'DiscoveryWatcher' object has no attribute '_scrape_twitter_images'
2025-09-22 12:25:35,746 - ERROR - Image discovery error for twitter: 'DiscoveryWatcher' object has no attribute '_scrape_twitter_images'
2025-09-22 12:25:35,747 - ERROR - Image discovery error for twitter: 'DiscoveryWatcher' object has no attribute '_scrape_twitter_images'
2025-09-22 12:25:35,747 - ERROR - Image discovery error for twitter: 'DiscoveryWatcher' object has no attribute '_scrape_twitter_images'
2025-09-22 12:25:35,748 - ERROR - Image discovery error for twitter: 'DiscoveryWatcher' object has no attribute '_scrape_twitter_images'
2025-09-22 12:25:35,749 - ERROR - Image discovery error for twitter: 'DiscoveryWatcher' object has no attribute '_scrape_twitter_images'
2025-09-22 12:25:35,749 - ERROR - Image discovery error for twitter: 'DiscoveryWatcher' object has no attribute '_scrape_twitter_images'
2025-09-22 12:25:35,750 - ERROR - Image discovery error for twitter: 'DiscoveryWatcher' object has no attribute '_scrape_twitter_images'
2025-09-22 12:25:35,751 - ERROR - Image discovery error for twitter: 'DiscoveryWatcher' object has no attribute '_scrape_twitter_images'
2025-09-22 12:25:35,751 - ERROR - Image discovery error for twitter: 'DiscoveryWatcher' object has no attribute '_scrape_twitter_images'
2025-09-22 12:25:35,752 - ERROR - Image discovery error for twitter: 'DiscoveryWatcher' object has no attribute '_scrape_twitter_images'
2025-09-22 12:25:35,753 - ERROR - Image discovery error for twitter: 'DiscoveryWatcher' object has no attribute '_scrape_twitter_images'
2025-09-22 12:25:35,753 - ERROR - Image discovery error for twitter: 'DiscoveryWatcher' object has no attribute '_scrape_twitter_images'
2025-09-22 12:25:35,754 - ERROR - Image discovery error for twitter: 'DiscoveryWatcher' object has no attribute '_scrape_twitter_images'
2025-09-22 12:25:35,755 - ERROR - Image discovery error for instagram: 'DiscoveryWatcher' object has no attribute '_scrape_instagram_images'
2025-09-22 12:25:35,755 - ERROR - Image discovery error for instagram: 'DiscoveryWatcher' object has no attribute '_scrape_instagram_images'
2025-09-22 12:25:35,756 - ERROR - Image discovery error for instagram: 'DiscoveryWatcher' object has no attribute '_scrape_instagram_images'
2025-09-22 12:25:35,756 - ERROR - Image discovery error for instagram: 'DiscoveryWatcher' object has no attribute '_scrape_instagram_images'
2025-09-22 12:25:35,757 - ERROR - Image discovery error for instagram: 'DiscoveryWatcher' object has no attribute '_scrape_instagram_images'
2025-09-22 12:25:35,758 - ERROR - Image discovery error for instagram: 'DiscoveryWatcher' object has no attribute '_scrape_instagram_images'
2025-09-22 12:25:35,759 - ERROR - Image discovery error for instagram: 'DiscoveryWatcher' object has no attribute '_scrape_instagram_images'
2025-09-22 12:25:35,760 - ERROR - Image discovery error for instagram: 'DiscoveryWatcher' object has no attribute '_scrape_instagram_images'
2025-09-22 12:25:35,761 - ERROR - Image discovery error for instagram: 'DiscoveryWatcher' object has no attribute '_scrape_instagram_images'
2025-09-22 12:25:35,762 - ERROR - Image discovery error for instagram: 'DiscoveryWatcher' object has no attribute '_scrape_instagram_images'
2025-09-22 12:25:35,762 - ERROR - Image discovery error for instagram: 'DiscoveryWatcher' object has no attribute '_scrape_instagram_images'
2025-09-22 12:25:35,763 - ERROR - Image discovery error for instagram: 'DiscoveryWatcher' object has no attribute '_scrape_instagram_images'
2025-09-22 12:25:35,764 - ERROR - Image discovery error for instagram: 'DiscoveryWatcher' object has no attribute '_scrape_instagram_images'
2025-09-22 12:25:35,764 - ERROR - Image discovery error for instagram: 'DiscoveryWatcher' object has no attribute '_scrape_instagram_images'
2025-09-22 12:25:35,765 - ERROR - Image discovery error for instagram: 'DiscoveryWatcher' object has no attribute '_scrape_instagram_images'
2025-09-22 12:25:35,766 - ERROR - Image discovery error for instagram: 'DiscoveryWatcher' object has no attribute '_scrape_instagram_images'
2025-09-22 12:25:35,766 - ERROR - Image discovery error for instagram: 'DiscoveryWatcher' object has no attribute '_scrape_instagram_images'
2025-09-22 12:25:35,767 - ERROR - Image discovery error for instagram: 'DiscoveryWatcher' object has no attribute '_scrape_instagram_images'
2025-09-22 12:25:35,768 - ERROR - Image discovery error for instagram: 'DiscoveryWatcher' object has no attribute '_scrape_instagram_images'
2025-09-22 12:25:35,768 - ERROR - Image discovery error for instagram: 'DiscoveryWatcher' object has no attribute '_scrape_instagram_images'
2025-09-22 12:25:35,769 - ERROR - Image discovery error for instagram: 'DiscoveryWatcher' object has no attribute '_scrape_instagram_images'
2025-09-22 12:25:35,769 - ERROR - Image discovery error for instagram: 'DiscoveryWatcher' object has no attribute '_scrape_instagram_images'
2025-09-22 12:25:35,770 - ERROR - Image discovery error for instagram: 'DiscoveryWatcher' object has no attribute '_scrape_instagram_images'
2025-09-22 12:25:35,771 - ERROR - Image discovery error for instagram: 'DiscoveryWatcher' object has no attribute '_scrape_instagram_images'
2025-09-22 12:25:35,771 - ERROR - Image discovery error for instagram: 'DiscoveryWatcher' object has no attribute '_scrape_instagram_images'
2025-09-22 12:25:35,772 - ERROR - Image discovery error for instagram: 'DiscoveryWatcher' object has no attribute '_scrape_instagram_images'
2025-09-22 12:25:35,772 - ERROR - Image discovery error for instagram: 'DiscoveryWatcher' object has no attribute '_scrape_instagram_images'
2025-09-22 12:25:35,773 - ERROR - Image discovery error for instagram: 'DiscoveryWatcher' object has no attribute '_scrape_instagram_images'
2025-09-22 12:38:53,780 - ERROR - Error monitoring twitter: 'DiscoveryWatcher' object has no attribute '_get_social_search_url'
2025-09-22 12:38:53,780 - ERROR - Error monitoring facebook: 'DiscoveryWatcher' object has no attribute '_get_social_search_url'
2025-09-22 12:38:53,782 - ERROR - Error monitoring instagram: 'DiscoveryWatcher' object has no attribute '_get_social_search_url'
2025-09-22 12:38:53,782 - ERROR - Error monitoring linkedin: 'DiscoveryWatcher' object has no attribute '_get_social_search_url'
2025-09-22 12:38:55,127 - ERROR - Web search failure (google_news): Couldn't find a tree builder with the features you requested: xml. Do you need to install a parser library?
2025-09-22 12:38:55,162 - ERROR - Web search failure (google_news): Couldn't find a tree builder with the features you requested: xml. Do you need to install a parser library?
2025-09-22 12:38:55,162 - ERROR - Web search failure (google_news): Couldn't find a tree builder with the features you requested: xml. Do you need to install a parser library?
2025-09-22 12:38:55,191 - ERROR - Web search failure (google_news): Couldn't find a tree builder with the features you requested: xml. Do you need to install a parser library?
2025-09-22 12:38:55,198 - ERROR - Web search failure (google_news): Couldn't find a tree builder with the features you requested: xml. Do you need to install a parser library?
2025-09-22 12:38:55,204 - ERROR - Web search failure (google_news): Couldn't find a tree builder with the features you requested: xml. Do you need to install a parser library?
2025-09-22 12:38:55,208 - ERROR - Web search failure (google_news): Couldn't find a tree builder with the features you requested: xml. Do you need to install a parser library?
2025-09-22 12:38:55,211 - ERROR - Web search failure (google_news): Couldn't find a tree builder with the features you requested: xml. Do you need to install a parser library?
2025-09-22 12:38:55,219 - ERROR - Web search failure (google_news): Couldn't find a tree builder with the features you requested: xml. Do you need to install a parser library?
2025-09-22 12:38:55,229 - ERROR - Web search failure (google_news): Couldn't find a tree builder with the features you requested: xml. Do you need to install a parser library?
2025-09-22 12:38:55,240 - ERROR - Web search failure (google_news): Couldn't find a tree builder with the features you requested: xml. Do you need to install a parser library?
2025-09-22 12:38:55,240 - ERROR - Web search failure (google_news): Couldn't find a tree builder with the features you requested: xml. Do you need to install a parser library?
2025-09-22 12:38:55,276 - ERROR - Web search failure (google_news): Couldn't find a tree builder with the features you requested: xml. Do you need to install a parser library?
2025-09-22 12:38:55,281 - ERROR - Web search failure (google_news): Couldn't find a tree builder with the features you requested: xml. Do you need to install a parser library?
2025-09-22 12:38:55,296 - ERROR - Web search failure (google_news): Couldn't find a tree builder with the features you requested: xml. Do you need to install a parser library?
2025-09-22 12:38:55,313 - ERROR - Web search failure (google_news): Couldn't find a tree builder with the features you requested: xml. Do you need to install a parser library?
2025-09-22 12:38:55,318 - ERROR - Web search failure (google_news): Couldn't find a tree builder with the features you requested: xml. Do you need to install a parser library?
2025-09-22 12:38:55,361 - ERROR - Web search failure (google_news): Couldn't find a tree builder with the features you requested: xml. Do you need to install a parser library?
2025-09-22 12:38:55,463 - ERROR - Web search failure (google_news): Couldn't find a tree builder with the features you requested: xml. Do you need to install a parser library?
2025-09-22 12:38:55,491 - ERROR - Web search failure (google_news): Couldn't find a tree builder with the features you requested: xml. Do you need to install a parser library?
2025-09-22 12:38:55,638 - ERROR - Web search failure (google_news): Couldn't find a tree builder with the features you requested: xml. Do you need to install a parser library?
2025-09-22 12:38:55,724 - ERROR - Web search failure (google_news): Couldn't find a tree builder with the features you requested: xml. Do you need to install a parser library?
2025-09-22 12:38:55,724 - ERROR - Web search failure (google_news): Couldn't find a tree builder with the features you requested: xml. Do you need to install a parser library?
2025-09-22 12:38:56,258 - ERROR - Web search failure (google_news): Couldn't find a tree builder with the features you requested: xml. Do you need to install a parser library?
2025-09-22 12:39:20,700 - ERROR - Image discovery error for twitter: 'DiscoveryWatcher' object has no attribute '_scrape_twitter_images'
2025-09-22 12:39:20,704 - ERROR - Image discovery error for twitter: 'DiscoveryWatcher' object has no attribute '_scrape_twitter_images'
2025-09-22 12:39:20,706 - ERROR - Image discovery error for twitter: 'DiscoveryWatcher' object has no attribute '_scrape_twitter_images'
2025-09-22 12:39:20,706 - ERROR - Image discovery error for twitter: 'DiscoveryWatcher' object has no attribute '_scrape_twitter_images'
2025-09-22 12:39:20,710 - ERROR - Image discovery error for twitter: 'DiscoveryWatcher' object has no attribute '_scrape_twitter_images'
2025-09-22 12:39:20,711 - ERROR - Image discovery error for twitter: 'DiscoveryWatcher' object has no attribute '_scrape_twitter_images'
2025-09-22 12:39:20,712 - ERROR - Image discovery error for twitter: 'DiscoveryWatcher' object has no attribute '_scrape_twitter_images'
2025-09-22 12:39:20,713 - ERROR - Image discovery error for twitter: 'DiscoveryWatcher' object has no attribute '_scrape_twitter_images'
2025-09-22 12:39:20,713 - ERROR - Image discovery error for twitter: 'DiscoveryWatcher' object has no attribute '_scrape_twitter_images'
2025-09-22 12:39:20,714 - ERROR - Image discovery error for twitter: 'DiscoveryWatcher' object has no attribute '_scrape_twitter_images'
2025-09-22 12:39:20,715 - ERROR - Image discovery error for twitter: 'DiscoveryWatcher' object has no attribute '_scrape_twitter_images'
2025-09-22 12:39:20,716 - ERROR - Image discovery error for twitter: 'DiscoveryWatcher' object has no attribute '_scrape_twitter_images'
2025-09-22 12:39:20,717 - ERROR - Image discovery error for twitter: 'DiscoveryWatcher' object has no attribute '_scrape_twitter_images'
2025-09-22 12:39:20,717 - ERROR - Image discovery error for twitter: 'DiscoveryWatcher' object has no attribute '_scrape_twitter_images'
2025-09-22 12:39:20,718 - ERROR - Image discovery error for twitter: 'DiscoveryWatcher' object has no attribute '_scrape_twitter_images'
2025-09-22 12:39:20,719 - ERROR - Image discovery error for twitter: 'DiscoveryWatcher' object has no attribute '_scrape_twitter_images'
2025-09-22 12:39:20,719 - ERROR - Image discovery error for twitter: 'DiscoveryWatcher' object has no attribute '_scrape_twitter_images'
2025-09-22 12:39:20,720 - ERROR - Image discovery error for twitter: 'DiscoveryWatcher' object has no attribute '_scrape_twitter_images'
2025-09-22 12:39:20,721 - ERROR - Image discovery error for twitter: 'DiscoveryWatcher' object has no attribute '_scrape_twitter_images'
2025-09-22 12:39:20,721 - ERROR - Image discovery error for twitter: 'DiscoveryWatcher' object has no attribute '_scrape_twitter_images'
2025-09-22 12:39:20,722 - ERROR - Image discovery error for twitter: 'DiscoveryWatcher' object has no attribute '_scrape_twitter_images'
2025-09-22 12:39:20,723 - ERROR - Image discovery error for twitter: 'DiscoveryWatcher' object has no attribute '_scrape_twitter_images'
2025-09-22 12:39:20,723 - ERROR - Image discovery error for twitter: 'DiscoveryWatcher' object has no attribute '_scrape_twitter_images'
2025-09-22 12:39:20,724 - ERROR - Image discovery error for twitter: 'DiscoveryWatcher' object has no attribute '_scrape_twitter_images'
2025-09-22 12:39:20,725 - ERROR - Image discovery error for twitter: 'DiscoveryWatcher' object has no attribute '_scrape_twitter_images'
2025-09-22 12:39:20,726 - ERROR - Image discovery error for twitter: 'DiscoveryWatcher' object has no attribute '_scrape_twitter_images'
2025-09-22 12:39:20,726 - ERROR - Image discovery error for twitter: 'DiscoveryWatcher' object has no attribute '_scrape_twitter_images'
2025-09-22 12:39:20,727 - ERROR - Image discovery error for twitter: 'DiscoveryWatcher' object has no attribute '_scrape_twitter_images'
2025-09-22 12:39:20,730 - ERROR - Image discovery error for instagram: 'DiscoveryWatcher' object has no attribute '_scrape_instagram_images'
2025-09-22 12:39:20,732 - ERROR - Image discovery error for instagram: 'DiscoveryWatcher' object has no attribute '_scrape_instagram_images'
2025-09-22 12:39:20,732 - ERROR - Image discovery error for instagram: 'DiscoveryWatcher' object has no attribute '_scrape_instagram_images'
2025-09-22 12:39:20,733 - ERROR - Image discovery error for instagram: 'DiscoveryWatcher' object has no attribute '_scrape_instagram_images'
2025-09-22 12:39:20,734 - ERROR - Image discovery error for instagram: 'DiscoveryWatcher' object has no attribute '_scrape_instagram_images'
2025-09-22 12:39:20,734 - ERROR - Image discovery error for instagram: 'DiscoveryWatcher' object has no attribute '_scrape_instagram_images'
2025-09-22 12:39:20,736 - ERROR - Image discovery error for instagram: 'DiscoveryWatcher' object has no attribute '_scrape_instagram_images'
2025-09-22 12:39:20,737 - ERROR - Image discovery error for instagram: 'DiscoveryWatcher' object has no attribute '_scrape_instagram_images'
2025-09-22 12:39:20,737 - ERROR - Image discovery error for instagram: 'DiscoveryWatcher' object has no attribute '_scrape_instagram_images'
2025-09-22 12:39:20,738 - ERROR - Image discovery error for instagram: 'DiscoveryWatcher' object has no attribute '_scrape_instagram_images'
2025-09-22 12:39:20,739 - ERROR - Image discovery error for instagram: 'DiscoveryWatcher' object has no attribute '_scrape_instagram_images'
2025-09-22 12:39:20,739 - ERROR - Image discovery error for instagram: 'DiscoveryWatcher' object has no attribute '_scrape_instagram_images'
2025-09-22 12:39:20,740 - ERROR - Image discovery error for instagram: 'DiscoveryWatcher' object has no attribute '_scrape_instagram_images'
2025-09-22 12:39:20,741 - ERROR - Image discovery error for instagram: 'DiscoveryWatcher' object has no attribute '_scrape_instagram_images'
2025-09-22 12:39:20,742 - ERROR - Image discovery error for instagram: 'DiscoveryWatcher' object has no attribute '_scrape_instagram_images'
2025-09-22 12:39:20,743 - ERROR - Image discovery error for instagram: 'DiscoveryWatcher' object has no attribute '_scrape_instagram_images'
2025-09-22 12:39:20,744 - ERROR - Image discovery error for instagram: 'DiscoveryWatcher' object has no attribute '_scrape_instagram_images'
2025-09-22 12:39:20,744 - ERROR - Image discovery error for instagram: 'DiscoveryWatcher' object has no attribute '_scrape_instagram_images'
2025-09-22 12:39:20,746 - ERROR - Image discovery error for instagram: 'DiscoveryWatcher' object has no attribute '_scrape_instagram_images'
2025-09-22 12:39:20,746 - ERROR - Image discovery error for instagram: 'DiscoveryWatcher' object has no attribute '_scrape_instagram_images'
2025-09-22 12:39:20,747 - ERROR - Image discovery error for instagram: 'DiscoveryWatcher' object has no attribute '_scrape_instagram_images'
2025-09-22 12:39:20,747 - ERROR - Image discovery error for instagram: 'DiscoveryWatcher' object has no attribute '_scrape_instagram_images'
2025-09-22 12:39:20,748 - ERROR - Image discovery error for instagram: 'DiscoveryWatcher' object has no attribute '_scrape_instagram_images'
2025-09-22 12:39:20,748 - ERROR - Image discovery error for instagram: 'DiscoveryWatcher' object has no attribute '_scrape_instagram_images'
2025-09-22 12:39:20,748 - ERROR - Image discovery error for instagram: 'DiscoveryWatcher' object has no attribute '_scrape_instagram_images'
2025-09-22 12:39:20,748 - ERROR - Image discovery error for instagram: 'DiscoveryWatcher' object has no attribute '_scrape_instagram_images'
2025-09-22 12:39:20,748 - ERROR - Image discovery error for instagram: 'DiscoveryWatcher' object has no attribute '_scrape_instagram_images'
2025-09-22 12:39:20,752 - ERROR - Image discovery error for instagram: 'DiscoveryWatcher' object has no attribute '_scrape_instagram_images'
2025-09-22 12:48:34,836 - ERROR - Error monitoring twitter: 'DiscoveryWatcher' object has no attribute '_get_social_search_url'
2025-09-22 12:48:34,839 - ERROR - Error monitoring facebook: 'DiscoveryWatcher' object has no attribute '_get_social_search_url'
2025-09-22 12:48:34,842 - ERROR - Error monitoring instagram: 'DiscoveryWatcher' object has no attribute '_get_social_search_url'
2025-09-22 12:48:34,843 - ERROR - Error monitoring linkedin: 'DiscoveryWatcher' object has no attribute '_get_social_search_url'
2025-09-22 12:48:36,341 - ERROR - Web search failure (google_news): Couldn't find a tree builder with the features you requested: xml. Do you need to install a parser library?
2025-09-22 12:48:36,370 - ERROR - Web search failure (google_news): Couldn't find a tree builder with the features you requested: xml. Do you need to install a parser library?
2025-09-22 12:48:36,404 - ERROR - Web search failure (google_news): Couldn't find a tree builder with the features you requested: xml. Do you need to install a parser library?
2025-09-22 12:48:36,451 - ERROR - Web search failure (google_news): Couldn't find a tree builder with the features you requested: xml. Do you need to install a parser library?
2025-09-22 12:48:36,568 - ERROR - Web search failure (google_news): Couldn't find a tree builder with the features you requested: xml. Do you need to install a parser library?
2025-09-22 12:48:36,568 - ERROR - Web search failure (google_news): Couldn't find a tree builder with the features you requested: xml. Do you need to install a parser library?
2025-09-22 12:48:36,568 - ERROR - Web search failure (google_news): Couldn't find a tree builder with the features you requested: xml. Do you need to install a parser library?
2025-09-22 12:48:36,581 - ERROR - Web search failure (google_news): Couldn't find a tree builder with the features you requested: xml. Do you need to install a parser library?
2025-09-22 12:48:36,599 - ERROR - Web search failure (google_news): Couldn't find a tree builder with the features you requested: xml. Do you need to install a parser library?
2025-09-22 12:48:36,627 - ERROR - Web search failure (google_news): Couldn't find a tree builder with the features you requested: xml. Do you need to install a parser library?
2025-09-22 12:48:36,633 - ERROR - Web search failure (google_news): Couldn't find a tree builder with the features you requested: xml. Do you need to install a parser library?
2025-09-22 12:48:36,648 - ERROR - Web search failure (google_news): Couldn't find a tree builder with the features you requested: xml. Do you need to install a parser library?
2025-09-22 12:48:36,709 - ERROR - Web search failure (google_news): Couldn't find a tree builder with the features you requested: xml. Do you need to install a parser library?
2025-09-22 12:48:36,709 - ERROR - Web search failure (google_news): Couldn't find a tree builder with the features you requested: xml. Do you need to install a parser library?
2025-09-22 12:48:36,731 - ERROR - Web search failure (google_news): Couldn't find a tree builder with the features you requested: xml. Do you need to install a parser library?
2025-09-22 12:48:36,783 - ERROR - Web search failure (google_news): Couldn't find a tree builder with the features you requested: xml. Do you need to install a parser library?
2025-09-22 12:48:36,827 - ERROR - Web search failure (google_news): Couldn't find a tree builder with the features you requested: xml. Do you need to install a parser library?
2025-09-22 12:48:36,838 - ERROR - Web search failure (google_news): Couldn't find a tree builder with the features you requested: xml. Do you need to install a parser library?
2025-09-22 12:48:36,883 - ERROR - Web search failure (google_news): Couldn't find a tree builder with the features you requested: xml. Do you need to install a parser library?
2025-09-22 12:48:36,919 - ERROR - Web search failure (google_news): Couldn't find a tree builder with the features you requested: xml. Do you need to install a parser library?
2025-09-22 12:48:36,940 - ERROR - Web search failure (google_news): Couldn't find a tree builder with the features you requested: xml. Do you need to install a parser library?
2025-09-22 12:48:36,944 - ERROR - Web search failure (google_news): Couldn't find a tree builder with the features you requested: xml. Do you need to install a parser library?
2025-09-22 12:48:36,984 - ERROR - Web search failure (google_news): Couldn't find a tree builder with the features you requested: xml. Do you need to install a parser library?
2025-09-22 12:48:37,079 - ERROR - Web search failure (google_news): Couldn't find a tree builder with the features you requested: xml. Do you need to install a parser library?
2025-09-22 12:49:01,333 - ERROR - Image discovery error for twitter: 'DiscoveryWatcher' object has no attribute '_scrape_twitter_images'
2025-09-22 12:49:01,334 - ERROR - Image discovery error for twitter: 'DiscoveryWatcher' object has no attribute '_scrape_twitter_images'
2025-09-22 12:49:01,335 - ERROR - Image discovery error for twitter: 'DiscoveryWatcher' object has no attribute '_scrape_twitter_images'
2025-09-22 12:49:01,336 - ERROR - Image discovery error for twitter: 'DiscoveryWatcher' object has no attribute '_scrape_twitter_images'
2025-09-22 12:49:01,336 - ERROR - Image discovery error for twitter: 'DiscoveryWatcher' object has no attribute '_scrape_twitter_images'
2025-09-22 12:49:01,337 - ERROR - Image discovery error for twitter: 'DiscoveryWatcher' object has no attribute '_scrape_twitter_images'
2025-09-22 12:49:01,338 - ERROR - Image discovery error for twitter: 'DiscoveryWatcher' object has no attribute '_scrape_twitter_images'
2025-09-22 12:49:01,339 - ERROR - Image discovery error for twitter: 'DiscoveryWatcher' object has no attribute '_scrape_twitter_images'
2025-09-22 12:49:01,339 - ERROR - Image discovery error for twitter: 'DiscoveryWatcher' object has no attribute '_scrape_twitter_images'
2025-09-22 12:49:01,340 - ERROR - Image discovery error for twitter: 'DiscoveryWatcher' object has no attribute '_scrape_twitter_images'
2025-09-22 12:49:01,341 - ERROR - Image discovery error for twitter: 'DiscoveryWatcher' object has no attribute '_scrape_twitter_images'
2025-09-22 12:49:01,342 - ERROR - Image discovery error for twitter: 'DiscoveryWatcher' object has no attribute '_scrape_twitter_images'
2025-09-22 12:49:01,342 - ERROR - Image discovery error for twitter: 'DiscoveryWatcher' object has no attribute '_scrape_twitter_images'
2025-09-22 12:49:01,343 - ERROR - Image discovery error for twitter: 'DiscoveryWatcher' object has no attribute '_scrape_twitter_images'
2025-09-22 12:49:01,343 - ERROR - Image discovery error for twitter: 'DiscoveryWatcher' object has no attribute '_scrape_twitter_images'
2025-09-22 12:49:01,344 - ERROR - Image discovery error for twitter: 'DiscoveryWatcher' object has no attribute '_scrape_twitter_images'
2025-09-22 12:49:01,345 - ERROR - Image discovery error for twitter: 'DiscoveryWatcher' object has no attribute '_scrape_twitter_images'
2025-09-22 12:49:01,346 - ERROR - Image discovery error for twitter: 'DiscoveryWatcher' object has no attribute '_scrape_twitter_images'
2025-09-22 12:49:01,347 - ERROR - Image discovery error for twitter: 'DiscoveryWatcher' object has no attribute '_scrape_twitter_images'
2025-09-22 12:49:01,348 - ERROR - Image discovery error for twitter: 'DiscoveryWatcher' object has no attribute '_scrape_twitter_images'
2025-09-22 12:49:01,348 - ERROR - Image discovery error for twitter: 'DiscoveryWatcher' object has no attribute '_scrape_twitter_images'
2025-09-22 12:49:01,349 - ERROR - Image discovery error for twitter: 'DiscoveryWatcher' object has no attribute '_scrape_twitter_images'
2025-09-22 12:49:01,350 - ERROR - Image discovery error for twitter: 'DiscoveryWatcher' object has no attribute '_scrape_twitter_images'
2025-09-22 12:49:01,351 - ERROR - Image discovery error for twitter: 'DiscoveryWatcher' object has no attribute '_scrape_twitter_images'
2025-09-22 12:49:01,352 - ERROR - Image discovery error for twitter: 'DiscoveryWatcher' object has no attribute '_scrape_twitter_images'
2025-09-22 12:49:01,352 - ERROR - Image discovery error for twitter: 'DiscoveryWatcher' object has no attribute '_scrape_twitter_images'
2025-09-22 12:49:01,353 - ERROR - Image discovery error for twitter: 'DiscoveryWatcher' object has no attribute '_scrape_twitter_images'
2025-09-22 12:49:01,354 - ERROR - Image discovery error for twitter: 'DiscoveryWatcher' object has no attribute '_scrape_twitter_images'
2025-09-22 12:49:01,355 - ERROR - Image discovery error for instagram: 'DiscoveryWatcher' object has no attribute '_scrape_instagram_images'
2025-09-22 12:49:01,355 - ERROR - Image discovery error for instagram: 'DiscoveryWatcher' object has no attribute '_scrape_instagram_images'
2025-09-22 12:49:01,356 - ERROR - Image discovery error for instagram: 'DiscoveryWatcher' object has no attribute '_scrape_instagram_images'
2025-09-22 12:49:01,357 - ERROR - Image discovery error for instagram: 'DiscoveryWatcher' object has no attribute '_scrape_instagram_images'
2025-09-22 12:49:01,357 - ERROR - Image discovery error for instagram: 'DiscoveryWatcher' object has no attribute '_scrape_instagram_images'
2025-09-22 12:49:01,358 - ERROR - Image discovery error for instagram: 'DiscoveryWatcher' object has no attribute '_scrape_instagram_images'
2025-09-22 12:49:01,359 - ERROR - Image discovery error for instagram: 'DiscoveryWatcher' object has no attribute '_scrape_instagram_images'
2025-09-22 12:49:01,359 - ERROR - Image discovery error for instagram: 'DiscoveryWatcher' object has no attribute '_scrape_instagram_images'
2025-09-22 12:49:01,360 - ERROR - Image discovery error for instagram: 'DiscoveryWatcher' object has no attribute '_scrape_instagram_images'
2025-09-22 12:49:01,361 - ERROR - Image discovery error for instagram: 'DiscoveryWatcher' object has no attribute '_scrape_instagram_images'
2025-09-22 12:49:01,361 - ERROR - Image discovery error for instagram: 'DiscoveryWatcher' object has no attribute '_scrape_instagram_images'
2025-09-22 12:49:01,362 - ERROR - Image discovery error for instagram: 'DiscoveryWatcher' object has no attribute '_scrape_instagram_images'
2025-09-22 12:49:01,363 - ERROR - Image discovery error for instagram: 'DiscoveryWatcher' object has no attribute '_scrape_instagram_images'
2025-09-22 12:49:01,363 - ERROR - Image discovery error for instagram: 'DiscoveryWatcher' object has no attribute '_scrape_instagram_images'
2025-09-22 12:49:01,364 - ERROR - Image discovery error for instagram: 'DiscoveryWatcher' object has no attribute '_scrape_instagram_images'
2025-09-22 12:49:01,365 - ERROR - Image discovery error for instagram: 'DiscoveryWatcher' object has no attribute '_scrape_instagram_images'
2025-09-22 12:49:01,365 - ERROR - Image discovery error for instagram: 'DiscoveryWatcher' object has no attribute '_scrape_instagram_images'
2025-09-22 12:49:01,366 - ERROR - Image discovery error for instagram: 'DiscoveryWatcher' object has no attribute '_scrape_instagram_images'
2025-09-22 12:49:01,367 - ERROR - Image discovery error for instagram: 'DiscoveryWatcher' object has no attribute '_scrape_instagram_images'
2025-09-22 12:49:01,368 - ERROR - Image discovery error for instagram: 'DiscoveryWatcher' object has no attribute '_scrape_instagram_images'
2025-09-22 12:49:01,369 - ERROR - Image discovery error for instagram: 'DiscoveryWatcher' object has no attribute '_scrape_instagram_images'
2025-09-22 12:49:01,369 - ERROR - Image discovery error for instagram: 'DiscoveryWatcher' object has no attribute '_scrape_instagram_images'
2025-09-22 12:49:01,370 - ERROR - Image discovery error for instagram: 'DiscoveryWatcher' object has no attribute '_scrape_instagram_images'
2025-09-22 12:49:01,371 - ERROR - Image discovery error for instagram: 'DiscoveryWatcher' object has no attribute '_scrape_instagram_images'
2025-09-22 12:49:01,372 - ERROR - Image discovery error for instagram: 'DiscoveryWatcher' object has no attribute '_scrape_instagram_images'
2025-09-22 12:49:01,373 - ERROR - Image discovery error for instagram: 'DiscoveryWatcher' object has no attribute '_scrape_instagram_images'
2025-09-22 12:49:01,375 - ERROR - Image discovery error for instagram: 'DiscoveryWatcher' object has no attribute '_scrape_instagram_images'
2025-09-22 12:49:01,376 - ERROR - Image discovery error for instagram: 'DiscoveryWatcher' object has no attribute '_scrape_instagram_images'
2025-09-22 13:31:12,474 - ERROR - Web search failure (google_news): Couldn't find a tree builder with the features you requested: xml. Do you need to install a parser library?
2025-09-22 13:31:12,488 - ERROR - Web search failure (google_news): Couldn't find a tree builder with the features you requested: xml. Do you need to install a parser library?
2025-09-22 13:31:12,538 - ERROR - Web search failure (google_news): Couldn't find a tree builder with the features you requested: xml. Do you need to install a parser library?
2025-09-22 13:31:12,538 - ERROR - Web search failure (google_news): Couldn't find a tree builder with the features you requested: xml. Do you need to install a parser library?
2025-09-22 13:31:12,636 - ERROR - Web search failure (google_news): Couldn't find a tree builder with the features you requested: xml. Do you need to install a parser library?
2025-09-22 13:31:12,664 - ERROR - Web search failure (google_news): Couldn't find a tree builder with the features you requested: xml. Do you need to install a parser library?
2025-09-22 13:31:12,684 - ERROR - Web search failure (google_news): Couldn't find a tree builder with the features you requested: xml. Do you need to install a parser library?
2025-09-22 13:31:12,689 - ERROR - Web search failure (google_news): Couldn't find a tree builder with the features you requested: xml. Do you need to install a parser library?
2025-09-22 13:31:12,734 - ERROR - Web search failure (google_news): Couldn't find a tree builder with the features you requested: xml. Do you need to install a parser library?
2025-09-22 13:31:12,739 - ERROR - Web search failure (google_news): Couldn't find a tree builder with the features you requested: xml. Do you need to install a parser library?
2025-09-22 13:31:12,748 - ERROR - Web search failure (google_news): Couldn't find a tree builder with the features you requested: xml. Do you need to install a parser library?
2025-09-22 13:31:12,764 - ERROR - Web search failure (google_news): Couldn't find a tree builder with the features you requested: xml. Do you need to install a parser library?
2025-09-22 13:31:12,771 - ERROR - Web search failure (google_news): Couldn't find a tree builder with the features you requested: xml. Do you need to install a parser library?
2025-09-22 13:31:12,868 - ERROR - Web search failure (google_news): Couldn't find a tree builder with the features you requested: xml. Do you need to install a parser library?
2025-09-22 13:31:12,927 - ERROR - Web search failure (google_news): Couldn't find a tree builder with the features you requested: xml. Do you need to install a parser library?
2025-09-22 13:31:12,948 - ERROR - Web search failure (google_news): Couldn't find a tree builder with the features you requested: xml. Do you need to install a parser library?
2025-09-22 13:31:12,957 - ERROR - Web search failure (google_news): Couldn't find a tree builder with the features you requested: xml. Do you need to install a parser library?
2025-09-22 13:31:13,000 - ERROR - Web search failure (google_news): Couldn't find a tree builder with the features you requested: xml. Do you need to install a parser library?
2025-09-22 13:31:13,024 - ERROR - Web search failure (google_news): Couldn't find a tree builder with the features you requested: xml. Do you need to install a parser library?
2025-09-22 13:31:13,054 - ERROR - Web search failure (google_news): Couldn't find a tree builder with the features you requested: xml. Do you need to install a parser library?
2025-09-22 13:31:13,077 - ERROR - Web search failure (google_news): Couldn't find a tree builder with the features you requested: xml. Do you need to install a parser library?
2025-09-22 13:31:13,151 - ERROR - Web search failure (google_news): Couldn't find a tree builder with the features you requested: xml. Do you need to install a parser library?
2025-09-22 13:31:13,151 - ERROR - Web search failure (google_news): Couldn't find a tree builder with the features you requested: xml. Do you need to install a parser library?
2025-09-22 13:31:13,151 - ERROR - Web search failure (google_news): Couldn't find a tree builder with the features you requested: xml. Do you need to install a parser library?
2025-09-22 13:31:18,983 - ERROR - Error monitoring twitter: 'DiscoveryWatcher' object has no attribute '_get_social_search_url'
2025-09-22 13:31:18,984 - ERROR - Error monitoring facebook: 'DiscoveryWatcher' object has no attribute '_get_social_search_url'
2025-09-22 13:31:18,984 - ERROR - Error monitoring instagram: 'DiscoveryWatcher' object has no attribute '_get_social_search_url'
2025-09-22 13:31:18,985 - ERROR - Error monitoring linkedin: 'DiscoveryWatcher' object has no attribute '_get_social_search_url'
2025-09-22 13:31:36,030 - ERROR - Image discovery error for twitter: 'DiscoveryWatcher' object has no attribute '_scrape_twitter_images'
2025-09-22 13:31:36,032 - ERROR - Image discovery error for twitter: 'DiscoveryWatcher' object has no attribute '_scrape_twitter_images'
2025-09-22 13:31:36,034 - ERROR - Image discovery error for twitter: 'DiscoveryWatcher' object has no attribute '_scrape_twitter_images'
2025-09-22 13:31:36,035 - ERROR - Image discovery error for twitter: 'DiscoveryWatcher' object has no attribute '_scrape_twitter_images'
2025-09-22 13:31:36,036 - ERROR - Image discovery error for twitter: 'DiscoveryWatcher' object has no attribute '_scrape_twitter_images'
2025-09-22 13:31:36,036 - ERROR - Image discovery error for twitter: 'DiscoveryWatcher' object has no attribute '_scrape_twitter_images'
2025-09-22 13:31:36,037 - ERROR - Image discovery error for twitter: 'DiscoveryWatcher' object has no attribute '_scrape_twitter_images'
2025-09-22 13:31:36,038 - ERROR - Image discovery error for twitter: 'DiscoveryWatcher' object has no attribute '_scrape_twitter_images'
2025-09-22 13:31:36,039 - ERROR - Image discovery error for twitter: 'DiscoveryWatcher' object has no attribute '_scrape_twitter_images'
2025-09-22 13:31:36,040 - ERROR - Image discovery error for twitter: 'DiscoveryWatcher' object has no attribute '_scrape_twitter_images'
2025-09-22 13:31:36,041 - ERROR - Image discovery error for twitter: 'DiscoveryWatcher' object has no attribute '_scrape_twitter_images'
2025-09-22 13:31:36,042 - ERROR - Image discovery error for twitter: 'DiscoveryWatcher' object has no attribute '_scrape_twitter_images'
2025-09-22 13:31:36,043 - ERROR - Image discovery error for twitter: 'DiscoveryWatcher' object has no attribute '_scrape_twitter_images'
2025-09-22 13:31:36,045 - ERROR - Image discovery error for twitter: 'DiscoveryWatcher' object has no attribute '_scrape_twitter_images'
2025-09-22 13:31:36,047 - ERROR - Image discovery error for twitter: 'DiscoveryWatcher' object has no attribute '_scrape_twitter_images'
2025-09-22 13:31:36,048 - ERROR - Image discovery error for twitter: 'DiscoveryWatcher' object has no attribute '_scrape_twitter_images'
2025-09-22 13:31:36,049 - ERROR - Image discovery error for twitter: 'DiscoveryWatcher' object has no attribute '_scrape_twitter_images'
2025-09-22 13:31:36,050 - ERROR - Image discovery error for twitter: 'DiscoveryWatcher' object has no attribute '_scrape_twitter_images'
2025-09-22 13:31:36,051 - ERROR - Image discovery error for twitter: 'DiscoveryWatcher' object has no attribute '_scrape_twitter_images'
2025-09-22 13:31:36,052 - ERROR - Image discovery error for twitter: 'DiscoveryWatcher' object has no attribute '_scrape_twitter_images'
2025-09-22 13:31:36,052 - ERROR - Image discovery error for twitter: 'DiscoveryWatcher' object has no attribute '_scrape_twitter_images'
2025-09-22 13:31:36,053 - ERROR - Image discovery error for twitter: 'DiscoveryWatcher' object has no attribute '_scrape_twitter_images'
2025-09-22 13:31:36,054 - ERROR - Image discovery error for twitter: 'DiscoveryWatcher' object has no attribute '_scrape_twitter_images'
2025-09-22 13:31:36,055 - ERROR - Image discovery error for twitter: 'DiscoveryWatcher' object has no attribute '_scrape_twitter_images'
2025-09-22 13:31:36,055 - ERROR - Image discovery error for twitter: 'DiscoveryWatcher' object has no attribute '_scrape_twitter_images'
2025-09-22 13:31:36,056 - ERROR - Image discovery error for twitter: 'DiscoveryWatcher' object has no attribute '_scrape_twitter_images'
2025-09-22 13:31:36,057 - ERROR - Image discovery error for twitter: 'DiscoveryWatcher' object has no attribute '_scrape_twitter_images'
2025-09-22 13:31:36,058 - ERROR - Image discovery error for twitter: 'DiscoveryWatcher' object has no attribute '_scrape_twitter_images'
2025-09-22 13:31:36,059 - ERROR - Image discovery error for instagram: 'DiscoveryWatcher' object has no attribute '_scrape_instagram_images'
2025-09-22 13:31:36,060 - ERROR - Image discovery error for instagram: 'DiscoveryWatcher' object has no attribute '_scrape_instagram_images'
2025-09-22 13:31:36,061 - ERROR - Image discovery error for instagram: 'DiscoveryWatcher' object has no attribute '_scrape_instagram_images'
2025-09-22 13:31:36,062 - ERROR - Image discovery error for instagram: 'DiscoveryWatcher' object has no attribute '_scrape_instagram_images'
2025-09-22 13:31:36,062 - ERROR - Image discovery error for instagram: 'DiscoveryWatcher' object has no attribute '_scrape_instagram_images'
2025-09-22 13:31:36,063 - ERROR - Image discovery error for instagram: 'DiscoveryWatcher' object has no attribute '_scrape_instagram_images'
2025-09-22 13:31:36,064 - ERROR - Image discovery error for instagram: 'DiscoveryWatcher' object has no attribute '_scrape_instagram_images'
2025-09-22 13:31:36,065 - ERROR - Image discovery error for instagram: 'DiscoveryWatcher' object has no attribute '_scrape_instagram_images'
2025-09-22 13:31:36,066 - ERROR - Image discovery error for instagram: 'DiscoveryWatcher' object has no attribute '_scrape_instagram_images'
2025-09-22 13:31:36,067 - ERROR - Image discovery error for instagram: 'DiscoveryWatcher' object has no attribute '_scrape_instagram_images'
2025-09-22 13:31:36,067 - ERROR - Image discovery error for instagram: 'DiscoveryWatcher' object has no attribute '_scrape_instagram_images'
2025-09-22 13:31:36,068 - ERROR - Image discovery error for instagram: 'DiscoveryWatcher' object has no attribute '_scrape_instagram_images'
2025-09-22 13:31:36,069 - ERROR - Image discovery error for instagram: 'DiscoveryWatcher' object has no attribute '_scrape_instagram_images'
2025-09-22 13:31:36,070 - ERROR - Image discovery error for instagram: 'DiscoveryWatcher' object has no attribute '_scrape_instagram_images'
2025-09-22 13:31:36,071 - ERROR - Image discovery error for instagram: 'DiscoveryWatcher' object has no attribute '_scrape_instagram_images'
2025-09-22 13:31:36,072 - ERROR - Image discovery error for instagram: 'DiscoveryWatcher' object has no attribute '_scrape_instagram_images'
2025-09-22 13:31:36,074 - ERROR - Image discovery error for instagram: 'DiscoveryWatcher' object has no attribute '_scrape_instagram_images'
2025-09-22 13:31:36,074 - ERROR - Image discovery error for instagram: 'DiscoveryWatcher' object has no attribute '_scrape_instagram_images'
2025-09-22 13:31:36,075 - ERROR - Image discovery error for instagram: 'DiscoveryWatcher' object has no attribute '_scrape_instagram_images'
2025-09-22 13:31:36,076 - ERROR - Image discovery error for instagram: 'DiscoveryWatcher' object has no attribute '_scrape_instagram_images'
2025-09-22 13:31:36,076 - ERROR - Image discovery error for instagram: 'DiscoveryWatcher' object has no attribute '_scrape_instagram_images'
2025-09-22 13:31:36,077 - ERROR - Image discovery error for instagram: 'DiscoveryWatcher' object has no attribute '_scrape_instagram_images'
2025-09-22 13:31:36,078 - ERROR - Image discovery error for instagram: 'DiscoveryWatcher' object has no attribute '_scrape_instagram_images'
2025-09-22 13:31:36,079 - ERROR - Image discovery error for instagram: 'DiscoveryWatcher' object has no attribute '_scrape_instagram_images'
2025-09-22 13:31:36,079 - ERROR - Image discovery error for instagram: 'DiscoveryWatcher' object has no attribute '_scrape_instagram_images'
2025-09-22 13:31:36,080 - ERROR - Image discovery error for instagram: 'DiscoveryWatcher' object has no attribute '_scrape_instagram_images'
2025-09-22 13:31:36,082 - ERROR - Image discovery error for instagram: 'DiscoveryWatcher' object has no attribute '_scrape_instagram_images'
2025-09-22 13:31:36,083 - ERROR - Image discovery error for instagram: 'DiscoveryWatcher' object has no attribute '_scrape_instagram_images'
